date,fixture,stat,period,line,over,p_model,p_record,source,need,won
2025-10-03,Bournemouth v Fulham,Shots on target,ALL,3.5,True,0.8333333333333334,0.8333333333333334,record,2.2910002730123473,True
2025-10-03,Bournemouth v Fulham,Shots on target,ALL,3.5,False,0.8333333333333334,0.8333333333333334,record,2.2910002730123473,False
2025-10-03,Bournemouth v Fulham,Corner kicks,ALL,3.5,True,0.9558043815267961,0.8333333333333334,model,1.084933324734708,True
2025-10-03,Bournemouth v Fulham,Offsides,ALL,1.5,True,0.6349814832325718,0.8333333333333334,model,1.605650977520079,True
2025-10-03,Bournemouth v Fulham,Offsides,ALL,1.5,True,0.6367600905220407,0.6666666666666666,model,1.6326743940816515,True
2025-10-03,Bournemouth v Fulham,Throw-ins,ALL,19.5,True,0.6647584990779909,0.6666666666666666,model,1.5096176206066274,False
2025-10-03,Bournemouth v Fulham,Yellow cards,ALL,1.5,True,0.7456330596547228,0.8333333333333334,model,1.3809061083540342,False
2025-10-03,Bournemouth v Fulham,Yellow cards,ALL,1.5,True,0.5791785898162696,0.8333333333333334,model,1.7424650963371273,False
2025-10-03,Bournemouth v Fulham,Yellow cards,ALL,2.5,True,0.4010322804052755,0.6666666666666666,model,2.493564854653145,False
2025-10-03,Bournemouth v Fulham,Total shots,1ST,5.5,True,0.8333333333333334,0.8333333333333334,record,2.2910002730123473,False
2025-10-03,Bournemouth v Fulham,Total shots,1ST,5.5,False,0.8333333333333334,0.8333333333333334,record,2.2910002730123473,True
2025-10-03,Bournemouth v Fulham,Shots on target,1ST,1.5,False,0.8333333333333334,0.8333333333333334,record,2.2910002730123473,True
2025-10-03,Bournemouth v Fulham,Corner kicks,1ST,1.5,True,0.6985434220221276,0.8333333333333334,model,1.5782117980819952,True
2025-10-03,Bournemouth v Fulham,Tackles,1ST,8.5,False,0.5908787042248429,0.6666666666666666,model,1.6923947213698822,True
2025-10-03,Bournemouth v Fulham,Tackles,1ST,9.5,False,0.6612744342690505,0.8333333333333334,model,1.5342687552427803,True
2025-10-03,Bournemouth v Fulham,Offsides,1ST,0.5,True,0.8333333333333334,0.8333333333333334,record,2.2910002730123473,True
2025-10-03,Bournemouth v Fulham,Yellow cards,1ST,0.5,True,0.6666666666666666,0.6666666666666666,record,3.3334631012569553,False
2025-10-03,Bournemouth v Fulham,Yellow cards,1ST,0.5,True,0.6666666666666666,0.6666666666666666,record,3.3334631012569553,False
2025-10-03,Bournemouth v Fulham,Free kicks,1ST,5.5,True,0.8036961979486844,0.8333333333333334,model,1.2506096739349342,False
2025-10-03,Bournemouth v Fulham,Goal kicks,1ST,2.5,True,0.43398150039319944,0.6666666666666666,model,2.3042456858045144,False
2025-10-03,Bournemouth v Fulham,Goal kicks,1ST,2.5,True,0.9284190283616959,1.0,model,1.1331537933975595,True
2025-10-03,Bournemouth v Fulham,Total shots,2ND,4.5,True,0.8130663308252927,0.8333333333333334,model,1.2633186682980517,True
2025-10-03,Bournemouth v Fulham,Shots on target,2ND,1.5,True,0.8333333333333334,0.8333333333333334,record,2.2910002730123473,True
2025-10-03,Bournemouth v Fulham,Offsides,2ND,0.5,True,0.6666666666666666,0.6666666666666666,record,3.3334631012569553,False
2025-10-03,Bournemouth v Fulham,Throw-ins,2ND,9.5,False,0.4696796741925439,0.6666666666666666,model,2.1291106576395142,False
2025-10-03,Bournemouth v Fulham,Throw-ins,2ND,9.5,True,0.7647700509676602,0.8333333333333334,model,1.3112366276579164,True
2025-10-03,Bournemouth v Fulham,Yellow cards,2ND,0.5,True,0.8333333333333334,0.8333333333333334,record,2.2910002730123473,False
2025-10-03,Bournemouth v Fulham,Yellow cards,2ND,0.5,True,1.0,1.0,record,1.6402666666666668,True
2025-10-03,Bournemouth v Fulham,Yellow cards,2ND,1.5,True,0.6666666666666666,0.6666666666666666,record,3.3334631012569553,False
2025-10-03,Bournemouth v Fulham,Free kicks,2ND,5.5,True,0.7751925136926648,0.8333333333333334,model,1.2935155731323111,False
2025-10-03,Bournemouth v Fulham,Goal kicks,2ND,3.5,True,0.7421429948823608,0.8333333333333334,model,1.4075703489508757,True
2025-10-04,Manchester United v Sunderland,Total shots,ALL,11.5,True,0.6666666666666666,0.6666666666666666,record,3.3334631012569553,True
2025-10-04,Manchester United v Sunderland,Total shots,ALL,12.5,True,0.6666666666666666,0.6666666666666666,record,3.3334631012569553,True
2025-10-04,Manchester United v Sunderland,Total shots,ALL,10.5,False,0.8333333333333334,0.8333333333333334,record,2.2910002730123473,True
2025-10-04,Manchester United v Sunderland,Total shots,ALL,11.5,False,1.0,1.0,record,1.6402666666666668,True
2025-10-04,Manchester United v Sunderland,Shots on target,ALL,3.5,True,0.8333333333333334,0.8333333333333334,record,2.2910002730123473,True
2025-10-04,Manchester United v Sunderland,Shots on target,ALL,4.5,True,0.6666666666666666,0.6666666666666666,record,3.3334631012569553,True
2025-10-04,Manchester United v Sunderland,Shots on target,ALL,3.5,False,1.0,1.0,record,1.6402666666666668,True
2025-10-04,Manchester United v Sunderland,Corner kicks,ALL,3.5,True,0.8333333333333334,0.8333333333333334,record,2.2910002730123473,False
2025-10-04,Manchester United v Sunderland,Corner kicks,ALL,4.5,True,0.6666666666666666,0.6666666666666666,record,3.3334631012569553,False
2025-10-04,Manchester United v Sunderland,Fouls,ALL,9.5,True,0.6666666666666666,0.6666666666666666,record,3.3334631012569553,True
2025-10-04,Manchester United v Sunderland,Offsides,ALL,0.5,True,1.0,1.0,record,1.6402666666666668,True
2025-10-04,Manchester United v Sunderland,Offsides,ALL,1.5,True,0.6666666666666666,0.6666666666666666,record,3.3334631012569553,True
2025-10-04,Manchester United v Sunderland,Throw-ins,ALL,19.5,True,0.8333333333333334,0.8333333333333334,record,2.2910002730123473,True
2025-10-04,Manchester United v Sunderland,Throw-ins,ALL,20.5,True,0.6666666666666666,0.6666666666666666,record,3.3334631012569553,True
2025-10-04,Manchester United v Sunderland,Throw-ins,ALL,19.5,False,0.6666666666666666,0.6666666666666666,record,3.3334631012569553,False
2025-10-04,Manchester United v Sunderland,Yellow cards,ALL,0.5,True,0.8333333333333334,0.8333333333333334,record,2.2910002730123473,True
2025-10-04,Manchester United v Sunderland,Yellow cards,ALL,0.5,True,1.0,1.0,record,1.6402666666666668,True
2025-10-04,Manchester United v Sunderland,Free kicks,ALL,9.5,True,0.6666666666666666,0.6666666666666666,record,3.3334631012569553,True
2025-10-04,Manchester United v Sunderland,Goal kicks,ALL,5.5,True,1.0,1.0,record,1.6402666666666668,True
2025-10-04,Manchester United v Sunderland,Goal kicks,ALL,6.5,True,0.8333333333333334,0.8333333333333334,record,2.2910002730123473,True
2025-10-04,Manchester United v Sunderland,Total shots,1ST,3.5,False,0.8333333333333334,0.8333333333333334,record,2.2910002730123473,False
2025-10-04,Manchester United v Sunderland,Total shots,1ST,4.5,False,0.8333333333333334,0.8333333333333334,record,2.2910002730123473,True
2025-10-04,Manchester United v Sunderland,Shots on target,1ST,1.5,False,0.8333333333333334,0.8333333333333334,record,2.2910002730123473,False
2025-10-04,Manchester United v Sunderland,Corner kicks,1ST,1.5,False,0.8333333333333334,0.8333333333333334,record,2.2910002730123473,False
2025-10-04,Manchester United v Sunderland,Throw-ins,1ST,9.5,False,0.6666666666666666,0.6666666666666666,record,3.3334631012569553,False
2025-10-04,Manchester United v Sunderland,Yellow cards,1ST,0.5,True,0.6666666666666666,0.6666666666666666,record,3.3334631012569553,True
2025-10-04,Manchester United v Sunderland,Goal kicks,1ST,2.5,True,0.8333333333333334,0.8333333333333334,record,2.2910002730123473,False
2025-10-04,Manchester United v Sunderland,Goal kicks,1ST,3.5,True,0.8333333333333334,0.8333333333333334,record,2.2910002730123473,False
2025-10-04,Manchester United v Sunderland,Total shots,2ND,6.5,True,0.6666666666666666,0.6666666666666666,record,3.3334631012569553,False
2025-10-04,Manchester United v Sunderland,Total shots,2ND,7.5,True,0.6666666666666666,0.6666666666666666,record,3.3334631012569553,False
2025-10-04,Manchester United v Sunderland,Total shots,2ND,6.5,False,0.8333333333333334,0.8333333333333334,record,2.2910002730123473,True
2025-10-04,Manchester United v Sunderland,Shots on target,2ND,1.5,True,0.8333333333333334,0.8333333333333334,record,2.2910002730123473,False
2025-10-04,Manchester United v Sunderland,Shots on target,2ND,1.5,False,0.6666666666666666,0.6666666666666666,record,3.3334631012569553,True
2025-10-04,Manchester United v Sunderland,Corner kicks,2ND,1.5,True,0.8333333333333334,0.8333333333333334,record,2.2910002730123473,False
2025-10-04,Manchester United v Sunderland,Corner kicks,2ND,1.5,True,0.8333333333333334,0.8333333333333334,record,2.2910002730123473,False
2025-10-04,Manchester United v Sunderland,Offsides,2ND,0.5,True,0.6666666666666666,0.6666666666666666,record,3.3334631012569553,False
2025-10-04,Manchester United v Sunderland,Throw-ins,2ND,8.5,True,0.8333333333333334,0.8333333333333334,record,2.2910002730123473,True
2025-10-04,Manchester United v Sunderland,Throw-ins,2ND,8.5,True,0.6666666666666666,0.6666666666666666,record,3.3334631012569553,True
2025-10-04,Manchester United v Sunderland,Free kicks,2ND,4.5,True,0.8333333333333334,0.8333333333333334,record,2.2910002730123473,False
2025-10-04,Manchester United v Sunderland,Goal kicks,2ND,1.5,True,0.6666666666666666,0.6666666666666666,record,3.3334631012569553,True
2025-10-04,Manchester United v Sunderland,Goal kicks,2ND,1.5,True,0.8333333333333334,0.8333333333333334,record,2.2910002730123473,True
2025-10-04,Manchester United v Sunderland,Goal kicks,2ND,2.5,True,0.6666666666666666,0.6666666666666666,record,3.3334631012569553,True
2025-10-18,Burnley v Leeds United,Shots on target,ALL,2.5,True,0.6666666666666666,0.6666666666666666,record,3.3334631012569553,True
2025-10-18,Burnley v Leeds United,Throw-ins,ALL,14.5,True,0.8333333333333334,0.8333333333333334,record,2.2910002730123473,True
2025-10-18,Burnley v Leeds United,Yellow cards,ALL,1.5,False,0.8333333333333334,0.8333333333333334,record,2.2910002730123473,False
2025-10-18,Burnley v Leeds United,Goal kicks,ALL,8.5,False,0.8333333333333334,0.8333333333333334,record,2.2910002730123473,True
2025-10-18,Burnley v Leeds United,Goal kicks,ALL,9.5,False,0.8333333333333334,0.8333333333333334,record,2.2910002730123473,True
2025-10-18,Burnley v Leeds United,Shots on target,1ST,0.5,True,1.0,1.0,record,1.6402666666666668,True
2025-10-18,Burnley v Leeds United,Corner kicks,1ST,1.5,False,0.8333333333333334,0.8333333333333334,record,2.2910002730123473,True
2025-10-18,Burnley v Leeds United,Corner kicks,1ST,1.5,True,0.6666666666666666,0.6666666666666666,record,3.3334631012569553,True
2025-10-18,Burnley v Leeds United,Tackles,1ST,9.5,False,0.8333333333333334,0.8333333333333334,record,2.2910002730123473,True
2025-10-18,Burnley v Leeds United,Throw-ins,1ST,6.5,True,0.8333333333333334,0.8333333333333334,record,2.2910002730123473,True
2025-10-18,Burnley v Leeds United,Throw-ins,1ST,7.5,True,0.6666666666666666,0.6666666666666666,record,3.3334631012569553,True
2025-10-18,Burnley v Leeds United,Yellow cards,1ST,0.5,False,0.6666666666666666,0.6666666666666666,record,3.3334631012569553,True
2025-10-18,Burnley v Leeds United,Yellow cards,1ST,0.5,True,0.8333333333333334,0.8333333333333334,record,2.2910002730123473,False
2025-10-18,Burnley v Leeds United,Free kicks,1ST,3.5,True,1.0,1.0,record,1.6402666666666668,True
2025-10-18,Burnley v Leeds United,Free kicks,1ST,3.5,True,0.6666666666666666,0.6666666666666666,record,3.3334631012569553,True
2025-10-18,Burnley v Leeds United,Goal kicks,1ST,3.5,False,0.6666666666666666,0.6666666666666666,record,3.3334631012569553,True
2025-10-18,Burnley v Leeds United,Goal kicks,1ST,4.5,False,0.6666666666666666,0.6666666666666666,record,3.3334631012569553,True
2025-10-18,Burnley v Leeds United,Total shots,2ND,3.5,True,0.8333333333333334,0.8333333333333334,record,2.2910002730123473,False
2025-10-18,Burnley v Leeds United,Shots on target,2ND,1.5,True,0.8333333333333334,0.8333333333333334,record,2.2910002730123473,False
2025-10-18,Burnley v Leeds United,Corner kicks,2ND,1.5,True,0.6666666666666666,0.6666666666666666,record,3.3334631012569553,False
2025-10-18,Burnley v Leeds United,Tackles,2ND,8.5,True,0.6666666666666666,0.6666666666666666,record,3.3334631012569553,True
2025-10-18,Burnley v Leeds United,Throw-ins,2ND,6.5,True,1.0,1.0,record,1.6402666666666668,True
2025-10-18,Burnley v Leeds United,Yellow cards,2ND,0.5,False,0.6666666666666666,0.6666666666666666,record,3.3334631012569553,False
2025-10-18,Burnley v Leeds United,Yellow cards,2ND,0.5,True,0.6666666666666666,0.6666666666666666,record,3.3334631012569553,True
2025-10-18,Burnley v Leeds United,Free kicks,2ND,5.5,True,0.6666666666666666,0.6666666666666666,record,3.3334631012569553,False
2025-10-24,Leeds United v West Ham United,Total shots,ALL,9.5,True,0.9760903452740812,1.0,model,1.0491601815502256,True
2025-10-24,Leeds United v West Ham United,Total shots,ALL,10.5,True,0.9627716324274466,0.7142857142857143,model,1.0706037733819662,True
2025-10-24,Leeds United v West Ham United,Corner kicks,ALL,4.5,True,0.7675282917125011,0.7142857142857143,model,1.3274696968151405,False
2025-10-24,Leeds United v West Ham United,Fouls,ALL,9.5,True,0.743037417914598,0.8571428571428571,model,1.3851807192012957,True
2025-10-24,Leeds United v West Ham United,Fouls,ALL,10.5,True,0.6802640410104269,0.7142857142857143,model,1.5069604970755,True
2025-10-24,Leeds United v West Ham United,Throw-ins,ALL,17.5,False,0.5858071202155588,0.7142857142857143,model,1.7078853415864543,False
2025-10-24,Leeds United v West Ham United,Throw-ins,ALL,17.5,True,0.8239450316774167,0.8571428571428571,model,1.2294647120002065,True
2025-10-24,Leeds United v West Ham United,Throw-ins,ALL,18.5,True,0.7807372381797534,0.7142857142857143,model,1.2972562237512624,True
2025-10-24,Leeds United v West Ham United,Yellow cards,ALL,1.5,True,0.638126777771116,0.7142857142857143,model,1.6295465340418105,True
2025-10-24,Leeds United v West Ham United,Free kicks,ALL,9.5,True,0.7092970197589727,0.8571428571428571,model,1.4502882875711447,True
2025-10-24,Leeds United v West Ham United,Free kicks,ALL,10.5,True,0.6463122411566468,0.7142857142857143,model,1.5830695497466762,True
2025-10-24,Leeds United v West Ham United,Shots on target,1ST,0.5,True,0.6620972913331221,0.7142857142857143,model,1.6017055636024047,True
2025-10-24,Leeds United v West Ham United,Corner kicks,1ST,1.5,True,0.7142857142857143,0.7142857142857143,record,2.7860656253497584,True
2025-10-24,Leeds United v West Ham United,Tackles,1ST,7.5,True,0.7785179976896561,0.7142857142857143,model,1.3179446241465511,True
2025-10-24,Leeds United v West Ham United,Tackles,1ST,8.5,True,0.7148809633127425,0.7142857142857143,model,1.4322007275084119,True
2025-10-24,Leeds United v West Ham United,Throw-ins,1ST,7.5,True,0.7752861832472673,1.0,model,1.309722935945886,True
2025-10-24,Leeds United v West Ham United,Throw-ins,1ST,8.5,True,0.7052858163514045,0.8571428571428571,model,1.4375531231509742,True
2025-10-24,Leeds United v West Ham United,Yellow cards,1ST,0.5,False,0.7142857142857143,0.7142857142857143,record,2.7860656253497584,True
2025-10-24,Leeds United v West Ham United,Free kicks,1ST,3.5,True,0.7883191491823136,0.7142857142857143,model,1.2969026852911585,True
2025-10-24,Leeds United v West Ham United,Free kicks,1ST,4.5,True,0.6942708124784159,0.7142857142857143,model,1.4695493447999282,True
2025-10-24,Leeds United v West Ham United,Free kicks,1ST,3.5,True,0.5275284164078119,0.8571428571428571,model,1.897747454830464,True
2025-10-24,Leeds United v West Ham United,Total shots,2ND,5.5,True,0.83968540434832,0.8571428571428571,model,1.2494453161826549,False
2025-10-24,Leeds United v West Ham United,Shots on target,2ND,1.5,True,0.8193506796582896,0.7142857142857143,model,1.2502170077231898,False
2025-10-24,Leeds United v West Ham United,Yellow cards,2ND,0.5,True,0.6779273945948193,0.8571428571428571,model,1.5103520480902684,True
2025-10-24,Leeds United v West Ham United,Free kicks,2ND,4.5,True,0.6788764789228119,0.8571428571428571,model,1.5104922558970566,True
2025-10-24,Leeds United v West Ham United,Free kicks,2ND,5.5,True,0.5870845477820164,0.8571428571428571,model,1.7322442358518098,False
2025-10-24,Leeds United v West Ham United,Goal kicks,2ND,3.5,True,0.5342694904134271,0.7142857142857143,model,1.9045275984004926,False
2025-10-25,Manchester United v Brighton & Hove Albion,Fouls,ALL,9.5,True,0.6941225264472047,0.75,model,1.4775811926496547,True
2025-10-25,Manchester United v Brighton & Hove Albion,Offsides,ALL,0.5,True,0.755794418521718,0.875,model,1.3862732964596205,True
2025-10-25,Manchester United v Brighton & Hove Albion,Offsides,ALL,1.5,True,0.5999639809140375,0.75,model,1.7344103403217832,True
2025-10-25,Manchester United v Brighton & Hove Albion,Yellow cards,ALL,1.5,True,1.0,1.0,record,1.4802,True
2025-10-25,Manchester United v Brighton & Hove Albion,Yellow cards,ALL,2.5,True,1.0,1.0,record,1.4802,False
2025-10-25,Manchester United v Brighton & Hove Albion,Shots on target,1ST,2.5,False,0.6780323876029102,0.75,model,1.4821828623881959,True
2025-10-25,Manchester United v Brighton & Hove Albion,Yellow cards,1ST,0.5,True,0.875,0.875,record,1.8899833358374518,True
2025-10-25,Manchester United v Brighton & Hove Albion,Yellow cards,2ND,0.5,True,0.6261523636122224,0.875,model,1.6335922515134516,True
2025-10-25,Manchester United v Brighton & Hove Albion,Yellow cards,2ND,0.5,True,0.8396703875428033,0.875,model,1.264775074897652,True
2025-10-25,Manchester United v Brighton & Hove Albion,Free kicks,2ND,6.5,True,0.5332817706656972,0.75,model,1.9156319281387126,True
2025-10-25,Manchester United v Brighton & Hove Albion,Free kicks,2ND,6.5,False,0.6877218036000526,0.75,model,1.474479816172014,True
2025-10-26,Wolverhampton v Burnley,Total shots,ALL,7.5,True,0.9443940100673506,0.8571428571428571,model,1.1383367685112056,True
2025-10-26,Wolverhampton v Burnley,Total shots,ALL,8.5,True,0.9183267580863888,0.8571428571428571,model,1.1821342553484666,True
2025-10-26,Wolverhampton v Burnley,Shots on target,ALL,2.5,True,0.6624570815051439,1.0,model,1.5358592742707544,True
2025-10-26,Wolverhampton v Burnley,Shots on target,ALL,3.5,True,0.5338383587825453,0.8571428571428571,model,1.888760491659714,True
2025-10-26,Wolverhampton v Burnley,Corner kicks,ALL,1.5,True,0.8971657635251364,1.0,model,1.1570545430623016,True
2025-10-26,Wolverhampton v Burnley,Corner kicks,ALL,1.5,True,0.5558671261084421,0.7142857142857143,model,1.8367262714557835,True
2025-10-26,Wolverhampton v Burnley,Fouls,ALL,9.5,False,0.6590832213275709,0.7142857142857143,model,1.5316956879457413,True
2025-10-26,Wolverhampton v Burnley,Fouls,ALL,10.5,False,0.7219575890238678,0.8571428571428571,model,1.4106227091121315,True
2025-10-26,Wolverhampton v Burnley,Offsides,ALL,0.5,True,0.7142857142857143,0.7142857142857143,record,2.7860656253497584,True
2025-10-26,Wolverhampton v Burnley,Offsides,ALL,0.5,True,1.0,1.0,record,1.5488,True
2025-10-26,Wolverhampton v Burnley,Throw-ins,ALL,16.5,True,0.8067850322017114,0.7142857142857143,model,1.319555987404542,False
2025-10-26,Wolverhampton v Burnley,Yellow cards,ALL,1.5,False,0.6542236468246201,0.6666666666666666,model,1.5285292802448538,True
2025-10-26,Wolverhampton v Burnley,Free kicks,ALL,8.5,True,0.6552933174488969,0.8571428571428571,model,1.5784766739128209,True
2025-10-26,Wolverhampton v Burnley,Total shots,1ST,2.5,True,0.8602856224369431,1.0,model,1.201414635045395,True
2025-10-26,Wolverhampton v Burnley,Total shots,1ST,3.5,True,0.7721491268659777,0.8571428571428571,model,1.341417961380245,True
2025-10-26,Wolverhampton v Burnley,Shots on target,1ST,0.5,True,0.7309537488628342,1.0,model,1.377209963778685,True
2025-10-26,Wolverhampton v Burnley,Shots on target,1ST,0.5,True,0.6226419739212633,0.8571428571428571,model,1.6697788528395834,True
2025-10-26,Wolverhampton v Burnley,Corner kicks,1ST,0.5,True,1.0,1.0,record,1.5488,True
2025-10-26,Wolverhampton v Burnley,Throw-ins,1ST,7.5,True,0.5823426457332117,0.7142857142857143,model,1.7416858761472485,False
2025-10-26,Wolverhampton v Burnley,Throw-ins,1ST,8.5,True,0.5000514063779878,0.7142857142857143,model,2.0026858196285238,False
2025-10-26,Wolverhampton v Burnley,Yellow cards,1ST,0.5,False,0.8333333333333334,0.8333333333333334,record,2.2910002730123473,False
2025-10-26,Wolverhampton v Burnley,Yellow cards,1ST,0.5,True,0.8333333333333334,0.8333333333333334,record,2.2910002730123473,False
2025-10-26,Wolverhampton v Burnley,Free kicks,1ST,3.5,True,0.7856448570709419,1.0,model,1.2753141406809048,False
2025-10-26,Wolverhampton v Burnley,Free kicks,1ST,4.5,True,0.6851129749146818,0.8571428571428571,model,1.4621633262921763,False
2025-10-26,Wolverhampton v Burnley,Total shots,2ND,3.5,True,0.9518867757867916,0.8571428571428571,model,1.1401308847291587,True
2025-10-26,Wolverhampton v Burnley,Total shots,2ND,4.5,True,0.9193267084302514,0.8571428571428571,model,1.1997083142658866,True
2025-10-26,Wolverhampton v Burnley,Shots on target,2ND,1.5,True,0.5670339127136436,0.8571428571428571,model,1.849954663185736,True
2025-10-26,Wolverhampton v Burnley,Offsides,2ND,0.5,True,1.0,1.0,record,1.5488,True
2025-10-26,Wolverhampton v Burnley,Free kicks,2ND,3.5,False,0.7765489268320516,0.8571428571428571,model,1.2877488661010994,False
2025-10-26,Wolverhampton v Burnley,Free kicks,2ND,3.5,True,0.6490166742708356,0.8571428571428571,model,1.5696280770943034,True
2025-10-26,Wolverhampton v Burnley,Free kicks,2ND,4.5,True,0.5347848392327291,0.8571428571428571,model,1.885529821011663,True
2025-10-26,Wolverhampton v Burnley,Goal kicks,2ND,3.5,False,0.8571428571428571,0.8571428571428571,record,2.0539553671745874,True
2025-10-26,Wolverhampton v Burnley,Goal kicks,2ND,3.5,True,0.8571428571428571,0.8571428571428571,record,2.0539553671745874,True
2025-10-26,Wolverhampton v Burnley,Goal kicks,2ND,4.5,True,0.7142857142857143,0.7142857142857143,record,2.7860656253497584,False
2025-11-01,Brighton & Hove Albion v Leeds United,Fouls,ALL,9.5,True,0.7272264171614944,0.75,model,1.4249890882687664,True
2025-11-01,Brighton & Hove Albion v Leeds United,Offsides,ALL,0.5,True,0.657395774984969,0.7142857142857143,model,1.5718059891512395,True
2025-11-01,Brighton & Hove Albion v Leeds United,Throw-ins,ALL,14.5,True,0.6229400746144717,0.875,model,1.644041990816786,True
2025-11-01,Brighton & Hove Albion v Leeds United,Throw-ins,1ST,7.5,True,0.6599902373085702,0.875,model,1.5197233111713484,True
2025-11-01,Brighton & Hove Albion v Leeds United,Total shots,2ND,6.5,False,0.6897812513370604,0.75,model,1.454662188678855,True
2025-11-01,Brighton & Hove Albion v Leeds United,Shots on target,2ND,1.5,True,0.6497766039845949,0.75,model,1.6047108311556313,True
2025-11-01,Brighton & Hove Albion v Leeds United,Tackles,2ND,8.5,True,0.8179672340705012,0.75,model,1.2441237343803733,False
2025-11-01,Fulham v Wolverhampton,Total shots,ALL,10.5,False,0.7331156609545599,0.7142857142857143,model,1.4034395487859666,True
2025-11-01,Fulham v Wolverhampton,Total shots,ALL,11.5,False,0.7815673622516581,0.7142857142857143,model,1.3277047347175506,True
2025-11-01,Fulham v Wolverhampton,Shots on target,ALL,2.5,True,0.7030630910944297,0.7142857142857143,model,1.50117153070559,True
2025-11-01,Fulham v Wolverhampton,Shots on target,ALL,2.5,True,0.5773417770190906,0.8571428571428571,model,1.773048555379896,False
2025-11-01,Fulham v Wolverhampton,Corner kicks,ALL,2.5,True,0.7247104183328399,0.7142857142857143,model,1.4429839573152414,True
2025-11-01,Fulham v Wolverhampton,Corner kicks,ALL,2.5,True,0.6059550541069084,0.8571428571428571,model,1.7368134499500245,False
2025-11-01,Fulham v Wolverhampton,Offsides,ALL,1.5,True,0.5774065643913175,0.7142857142857143,model,1.816247628836802,False
2025-11-01,Fulham v Wolverhampton,Free kicks,ALL,9.5,True,0.7142322830321118,0.8571428571428571,model,1.4748279330675187,True
2025-11-01,Fulham v Wolverhampton,Goal kicks,ALL,6.5,True,0.5495601462564655,0.7142857142857143,model,1.8367811026069236,False
2025-11-01,Fulham v Wolverhampton,Total shots,1ST,4.5,True,0.5480311189547534,0.8571428571428571,model,1.8808041783992495,False
2025-11-01,Fulham v Wolverhampton,Total shots,1ST,5.5,True,0.47893558987726004,0.7142857142857143,model,2.1144338310233026,False
2025-11-01,Fulham v Wolverhampton,Corner kicks,1ST,1.5,True,0.724551328169501,0.8571428571428571,model,1.4374570155055744,True
2025-11-01,Fulham v Wolverhampton,Corner kicks,1ST,1.5,True,0.5915827528198759,0.8571428571428571,model,1.7600843466627043,False
2025-11-01,Fulham v Wolverhampton,Throw-ins,1ST,8.5,True,0.7058916672591001,0.8571428571428571,model,1.4189986283423823,True
2025-11-01,Fulham v Wolverhampton,Goal kicks,1ST,2.5,True,0.6711834490793556,0.8571428571428571,model,1.5305024217670078,False
2025-11-01,Fulham v Wolverhampton,Shots on target,2ND,1.5,False,0.6329446148470014,0.7142857142857143,model,1.5799170678491754,False
2025-11-01,Fulham v Wolverhampton,Shots on target,2ND,1.5,True,0.48376723036011515,0.7142857142857143,model,2.116092243910582,False
2025-11-01,Fulham v Wolverhampton,Corner kicks,2ND,1.5,True,0.4767608369646777,0.7142857142857143,model,2.128857276324459,True
2025-11-01,Fulham v Wolverhampton,Offsides,2ND,0.5,True,0.6392216390117647,0.8571428571428571,model,1.6022370773563293,True
2025-11-03,Sunderland v Everton,Total shots,ALL,9.5,True,0.6258987076676034,0.875,model,1.618416286686596,True
2025-11-03,Sunderland v Everton,Shots on target,ALL,2.5,True,0.5681238586257557,0.875,model,1.7772727261559915,True
2025-11-03,Sunderland v Everton,Corner kicks,ALL,2.5,True,0.6296963650142444,0.75,model,1.6204647770117868,True
2025-11-03,Sunderland v Everton,Fouls,ALL,9.5,True,0.6581703594836562,0.75,model,1.5424103858504732,True
2025-11-03,Sunderland v Everton,Offsides,ALL,0.5,True,0.710864867448121,1.0,model,1.419076359046382,False
2025-11-03,Sunderland v Everton,Total shots,1ST,3.5,True,0.7820682526652679,0.875,model,1.3042697480479428,True
2025-11-03,Sunderland v Everton,Shots on target,1ST,0.5,True,0.7442250245279447,0.875,model,1.3833322940039958,False
2025-11-03,Sunderland v Everton,Shots on target,1ST,1.5,True,0.5488119078441384,0.75,model,1.8593260976627342,False
2025-11-03,Sunderland v Everton,Corner kicks,1ST,0.5,True,0.761643412932222,0.875,model,1.3265284462000717,False
2025-11-03,Sunderland v Everton,Corner kicks,1ST,0.5,True,0.7850818701879375,0.875,model,1.3281067485786402,False
2025-11-03,Sunderland v Everton,Tackles,1ST,6.5,True,0.84349036467603,0.875,model,1.2387396121812344,False
2025-11-03,Sunderland v Everton,Tackles,1ST,7.5,True,0.7882928433235051,0.75,model,1.3258515568830658,False
2025-11-03,Sunderland v Everton,Throw-ins,1ST,9.5,True,0.6118056053847977,0.875,model,1.6618742450059232,True
2025-11-03,Sunderland v Everton,Free kicks,1ST,5.5,False,0.6708792722187855,0.75,model,1.50208625723027,True
2025-11-03,Sunderland v Everton,Total shots,2ND,5.5,True,0.49168439476933723,0.75,model,2.0493015176589813,True
2025-11-03,Sunderland v Everton,Shots on target,2ND,0.5,True,0.6988382184768355,0.875,model,1.4703080808703377,True
2025-11-03,Sunderland v Everton,Shots on target,2ND,1.5,True,0.5008557433844522,0.75,model,2.026190992869942,True
2025-11-03,Sunderland v Everton,Offsides,2ND,0.5,True,0.8571428571428571,0.8571428571428571,record,2.0539553671745874,False
2025-11-03,Sunderland v Everton,Goal kicks,2ND,3.5,True,0.6342016278452516,1.0,model,1.586486838795301,False
2025-11-08,Tottenham Hotspur v Manchester United,Offsides,ALL,0.5,True,0.8202178316851139,1.0,model,1.3050250027031747,True
2025-11-08,Tottenham Hotspur v Manchester United,Offsides,ALL,1.5,True,0.6796346387530909,0.75,model,1.5746974149817212,True
2025-11-08,Tottenham Hotspur v Manchester United,Offsides,ALL,0.5,True,0.6839898443450212,0.875,model,1.4858007976620824,True
2025-11-08,Tottenham Hotspur v Manchester United,Throw-ins,ALL,17.5,True,0.7518181160687428,0.875,model,1.3329285673391307,True
2025-11-08,Tottenham Hotspur v Manchester United,Throw-ins,ALL,18.5,True,0.7004952749121082,0.875,model,1.4302622533259153,False
2025-11-08,Tottenham Hotspur v Manchester United,Shots on target,1ST,1.5,True,0.5905401643430692,0.75,model,1.7151886241570073,False
2025-11-08,Tottenham Hotspur v Manchester United,Corner kicks,1ST,1.5,True,0.899875013346124,0.875,model,1.166849753286812,True
2025-11-08,Tottenham Hotspur v Manchester United,Corner kicks,1ST,1.5,True,0.5837188548000026,0.875,model,1.724405460250909,True
2025-11-08,Tottenham Hotspur v Manchester United,Goal kicks,1ST,2.5,True,0.875,0.875,record,1.8899833358374518,True
2025-11-08,Tottenham Hotspur v Manchester United,Corner kicks,2ND,1.5,True,0.5182214984329951,0.75,model,1.9544052460660106,False
2025-11-08,Tottenham Hotspur v Manchester United,Offsides,2ND,0.5,True,0.6979474130777178,0.875,model,1.5052922944973501,True
2025-11-08,Tottenham Hotspur v Manchester United,Yellow cards,2ND,0.5,True,0.8571428571428571,0.8571428571428571,record,2.0539553671745874,True
2025-11-08,Tottenham Hotspur v Manchester United,Free kicks,2ND,5.5,False,0.5148713003129007,0.75,model,1.9422329413045043,False
2025-11-08,Everton v Fulham,Shots on target,ALL,2.5,True,0.5856321546207819,0.8,model,1.7177506135802112,True
2025-11-08,Everton v Fulham,Corner kicks,ALL,2.5,True,0.7835224149946627,0.9,model,1.3277757224990037,True
2025-11-08,Everton v Fulham,Fouls,ALL,11.5,True,0.8085130332783745,0.8,model,1.2576499707737996,True
2025-11-08,Everton v Fulham,Fouls,ALL,12.5,True,0.7567509813960794,0.8,model,1.3428777716958842,True
2025-11-08,Everton v Fulham,Offsides,ALL,0.5,True,0.778173316350109,1.0,model,1.304461406159492,True
2025-11-08,Everton v Fulham,Yellow cards,ALL,1.5,True,0.5975808515691904,0.8,model,1.692991992498881,True
2025-11-08,Everton v Fulham,Free kicks,ALL,10.5,True,0.8464422470258225,0.8,model,1.2112327866504637,True
2025-11-08,Everton v Fulham,Free kicks,ALL,11.5,True,0.7983814496484299,0.8,model,1.284543275496405,True
2025-11-08,Everton v Fulham,Shots on target,1ST,0.5,True,0.6416054138661155,0.9,model,1.5888201398849335,True
2025-11-08,Everton v Fulham,Shots on target,1ST,0.5,True,0.6064483762740561,0.9,model,1.6756663540960826,True
2025-11-08,Everton v Fulham,Free kicks,1ST,5.5,True,0.6128474692499883,0.9,model,1.6666984671538057,True
2025-11-08,Everton v Fulham,Goal kicks,1ST,2.5,True,0.5745279160564853,0.9,model,1.7628203439740688,True
2025-11-08,Everton v Fulham,Shots on target,2ND,0.5,True,0.7416408043812873,1.0,model,1.3889147297221314,True
2025-11-08,Everton v Fulham,Shots on target,2ND,0.5,True,0.7840951906946124,0.9,model,1.2887633715032871,True
2025-11-08,Everton v Fulham,Shots on target,2ND,1.5,True,0.5877533130028073,0.8,model,1.7161402721773555,True
2025-11-08,Everton v Fulham,Corner kicks,2ND,1.5,True,0.7083810567215586,0.8,model,1.4397970191501654,True
2025-11-08,Everton v Fulham,Throw-ins,2ND,9.5,True,0.7569035800320463,0.9,model,1.3357131899707104,False
2025-11-08,West Ham United v Burnley,Shots on target,ALL,2.5,True,0.73624501390696,0.8888888888888888,model,1.448884221481116,True
2025-11-08,West Ham United v Burnley,Corner kicks,ALL,3.5,True,0.774711062575867,0.8888888888888888,model,1.3421881197477994,True
2025-11-08,West Ham United v Burnley,Corner kicks,ALL,4.5,True,0.6872566229909373,0.7777777777777778,model,1.506613693057246,True
2025-11-08,West Ham United v Burnley,Offsides,ALL,0.5,True,0.7709947025343101,0.7777777777777778,model,1.3650499844535142,True
2025-11-08,West Ham United v Burnley,Offsides,ALL,0.5,True,0.6968547567550993,0.8888888888888888,model,1.4650164693074776,True
2025-11-08,West Ham United v Burnley,Yellow cards,ALL,1.5,False,0.5878634251067044,0.75,model,1.701075381273274,False
2025-11-08,West Ham United v Burnley,Shots on target,1ST,0.5,True,0.7908959064051373,1.0,model,1.3450804416950854,True
2025-11-08,West Ham United v Burnley,Shots on target,1ST,0.5,True,0.713957947484936,0.8888888888888888,model,1.4554053149062232,True
2025-11-08,West Ham United v Burnley,Corner kicks,1ST,0.5,True,0.7142066995170475,1.0,model,1.4362594019738992,True
2025-11-08,West Ham United v Burnley,Corner kicks,1ST,1.5,True,0.5343940209997023,0.7777777777777778,model,1.9039687240809808,True
2025-11-08,West Ham United v Burnley,Tackles,1ST,6.5,True,0.7273140907946942,0.7777777777777778,model,1.404646637741576,True
2025-11-08,West Ham United v Burnley,Tackles,1ST,7.5,True,0.6515723371285999,0.7777777777777778,model,1.561735293299712,True
2025-11-08,West Ham United v Burnley,Yellow cards,1ST,0.5,False,0.75,0.75,record,2.443375511026396,False
2025-11-08,West Ham United v Burnley,Free kicks,1ST,3.5,True,0.6063125620236148,0.7777777777777778,model,1.6784255261338876,True
2025-11-08,West Ham United v Burnley,Total shots,2ND,3.5,True,0.8969063907697987,1.0,model,1.1361828594713268,True
2025-11-08,West Ham United v Burnley,Total shots,2ND,4.5,True,0.8312392295979122,0.8888888888888888,model,1.2296333620670097,True
2025-11-08,West Ham United v Burnley,Shots on target,2ND,1.5,True,0.632575075763878,0.8888888888888888,model,1.6403834192241997,True
2025-11-08,West Ham United v Burnley,Tackles,2ND,8.5,False,0.7036955558601602,0.7777777777777778,model,1.4339013481913738,True
2025-11-08,West Ham United v Burnley,Offsides,2ND,0.5,True,0.8888888888888888,0.8888888888888888,record,1.7699309729389017,True
2025-11-08,West Ham United v Burnley,Yellow cards,2ND,0.5,True,0.6983764751764504,0.75,model,1.5062651679495793,True
2025-11-22,Brighton & Hove Albion v Brentford,Total shots,1ST,3.5,True,0.7293113904991261,0.8,model,1.4270515649036015,True
2025-11-22,Brighton & Hove Albion v Brentford,Shots on target,1ST,1.5,False,0.7043551286565928,0.8,model,1.4197383667913184,True
2025-11-22,Brighton & Hove Albion v Brentford,Tackles,1ST,7.5,True,0.6331518519235096,0.8,model,1.6143150959782298,True
2025-11-22,Brighton & Hove Albion v Brentford,Throw-ins,1ST,7.5,True,0.803295692669185,0.9,model,1.257160579037036,False
2025-11-22,Brighton & Hove Albion v Brentford,Yellow cards,1ST,0.5,False,0.8,0.8,record,2.040163279754755,False
2025-11-22,Brighton & Hove Albion v Brentford,Yellow cards,1ST,0.5,False,0.8,0.8,record,2.040163279754755,False
2025-11-22,Brighton & Hove Albion v Brentford,Shots on target,2ND,1.5,True,0.6232754280000058,0.9,model,1.6044271201398794,True
2025-11-22,Brighton & Hove Albion v Brentford,Corner kicks,2ND,2.5,False,0.7830401544652352,0.9,model,1.2894560445582846,False
2025-11-22,Brighton & Hove Albion v Brentford,Free kicks,2ND,5.5,True,0.5805927768029435,0.8,model,1.7307797445513327,False
2025-11-22,Fulham v Sunderland,Shots on target,ALL,2.5,True,0.6404660550690039,0.8,model,1.6119879677066464,True
2025-11-22,Fulham v Sunderland,Corner kicks,ALL,2.5,True,0.7767366752464264,0.8,model,1.3351409514605899,True
2025-11-22,Fulham v Sunderland,Corner kicks,ALL,2.5,True,0.7169678436788447,0.8,model,1.4221916716384246,True
2025-11-22,Fulham v Sunderland,Yellow cards,ALL,1.5,False,0.5537302214024827,0.7777777777777778,model,1.805933578028682,False
2025-11-22,Fulham v Sunderland,Shots on target,1ST,0.5,True,0.5857495795864694,0.9,model,1.731878794726716,True
2025-11-22,Fulham v Sunderland,Offsides,1ST,0.5,True,0.8,0.8,record,2.040163279754755,True
2025-11-22,Fulham v Sunderland,Corner kicks,2ND,1.5,True,0.710158568884399,0.8,model,1.4694059669189659,True
2025-11-22,Bournemouth v West Ham United,Shots on target,ALL,3.5,True,0.9026245370130735,0.8888888888888888,model,1.1345603255709333,True
2025-11-22,Bournemouth v West Ham United,Corner kicks,ALL,5.5,False,0.697420866660717,0.8888888888888888,model,1.44653487388404,True
2025-11-22,Bournemouth v West Ham United,Goal kicks,ALL,7.5,False,0.6300969253620982,0.7777777777777778,model,1.592347254841998,True
2025-11-22,Bournemouth v West Ham United,Shots on target,1ST,0.5,True,0.9229732996236442,1.0,model,1.1256699398706997,True
2025-11-22,Bournemouth v West Ham United,Shots on target,1ST,0.5,True,0.7028579510802307,0.8888888888888888,model,1.4776933157609944,True
2025-11-22,Bournemouth v West Ham United,Corner kicks,1ST,1.5,True,0.8170620965078247,0.7777777777777778,model,1.2902435122649452,True
2025-11-22,Bournemouth v West Ham United,Corner kicks,1ST,1.5,False,0.7043289981386919,0.8888888888888888,model,1.4255592020783983,False
2025-11-22,Bournemouth v West Ham United,Goal kicks,1ST,2.5,True,0.827277001680362,0.7777777777777778,model,1.2414564539453623,True
2025-11-22,Bournemouth v West Ham United,Yellow cards,2ND,0.5,True,0.6660660319281995,0.8888888888888888,model,1.512343022587768,True
2025-11-22,Bournemouth v West Ham United,Free kicks,2ND,3.5,True,0.6419800586625416,0.8888888888888888,model,1.5867639837108207,True
2025-11-24,Manchester United v Everton,Total shots,ALL,11.5,True,0.8959235454391301,0.8,model,1.1652013143523294,True
2025-11-24,Manchester United v Everton,Total shots,ALL,10.5,False,0.6268141197951329,0.9,model,1.6020311849656474,True
2025-11-24,Manchester United v Everton,Total shots,ALL,11.5,False,0.6998220860140829,0.9,model,1.4448499774732282,True
2025-11-24,Manchester United v Everton,Shots on target,ALL,3.5,False,0.5882483297887698,0.8,model,1.6999623277452964,True
2025-11-24,Manchester United v Everton,Fouls,ALL,9.5,True,0.6605625324848811,0.8,model,1.5328653582632532,False
2025-11-24,Manchester United v Everton,Offsides,ALL,0.5,True,0.736154611722739,0.9,model,1.3816498994166597,True
2025-11-24,Manchester United v Everton,Offsides,ALL,0.5,True,0.589940054157578,0.9,model,1.7235963785221173,True
2025-11-24,Manchester United v Everton,Throw-ins,ALL,19.5,True,0.7637706106501783,0.8,model,1.32909303334721,False
2025-11-24,Manchester United v Everton,Free kicks,ALL,11.5,False,0.6814213986690081,0.8,model,1.4849909639707466,False
2025-11-24,Manchester United v Everton,Goal kicks,ALL,6.5,True,0.7420093354413674,0.8,model,1.3719227690294926,True
2025-11-24,Manchester United v Everton,Total shots,1ST,5.5,True,0.9295961343123131,0.9,model,1.1082218120187324,True
2025-11-24,Manchester United v Everton,Total shots,1ST,5.5,False,0.7633504783607014,0.8,model,1.3342747695869173,True
2025-11-24,Manchester United v Everton,Yellow cards,1ST,0.5,False,0.8,0.8,record,2.040163279754755,False
2025-11-24,Manchester United v Everton,Yellow cards,1ST,0.5,True,0.8,0.8,record,2.040163279754755,False
2025-11-24,Manchester United v Everton,Total shots,2ND,5.5,True,0.7588820888531713,0.8,model,1.378353196351421,True
2025-11-24,Manchester United v Everton,Shots on target,2ND,0.5,True,0.8286527122197311,1.0,model,1.2526831405372638,True
2025-11-29,Manchester City v Leeds United,Total shots,ALL,13.5,True,0.6363179559673591,0.7777777777777778,model,1.5867529086676062,True
2025-11-29,Manchester City v Leeds United,Total shots,ALL,12.5,False,0.8584783719731583,0.8888888888888888,model,1.1889673989543852,True
2025-11-29,Manchester City v Leeds United,Total shots,ALL,13.5,False,0.8840953954537447,0.8888888888888888,model,1.1549879698929937,True
2025-11-29,Manchester City v Leeds United,Shots on target,ALL,3.5,True,0.6539969489232789,0.7777777777777778,model,1.555351805090836,True
2025-11-29,Manchester City v Leeds United,Shots on target,ALL,4.5,True,0.5453194628067304,0.7777777777777778,model,1.8500126435029662,True
2025-11-29,Manchester City v Leeds United,Corner kicks,ALL,4.5,False,0.5757505268634555,0.6666666666666666,model,1.736863369361986,True
2025-11-29,Manchester City v Leeds United,Offsides,ALL,0.5,True,0.75,0.75,record,2.443375511026396,True
2025-11-29,Manchester City v Leeds United,Offsides,ALL,0.5,True,0.75,0.75,record,2.443375511026396,True
2025-11-29,Manchester City v Leeds United,Throw-ins,ALL,14.5,True,0.912006099473388,1.0,model,1.1257817577016125,False
2025-11-29,Manchester City v Leeds United,Throw-ins,ALL,15.5,True,0.8811609624452965,0.8888888888888888,model,1.1682287557908835,False
2025-11-29,Manchester City v Leeds United,Goal kicks,ALL,6.5,False,0.9051735757226899,0.7777777777777778,model,1.1337851291166632,True
2025-11-29,Manchester City v Leeds United,Total shots,1ST,5.5,True,0.6710208331286075,0.7777777777777778,model,1.5252270030750128,True
2025-11-29,Manchester City v Leeds United,Total shots,1ST,4.5,False,0.7718927865020747,0.7777777777777778,model,1.3078717554350434,True
2025-11-29,Manchester City v Leeds United,Total shots,1ST,5.5,False,0.8590633303407864,1.0,model,1.1793312348921814,True
2025-11-29,Manchester City v Leeds United,Shots on target,1ST,1.5,False,0.7193813053364153,0.6666666666666666,model,1.3937925055970446,True
2025-11-29,Manchester City v Leeds United,Fouls,1ST,3.5,True,0.6664839166712773,1.0,model,1.515255477704445,True
2025-11-29,Manchester City v Leeds United,Fouls,1ST,4.5,True,0.5491377997260282,0.8333333333333334,model,1.8299813024016451,True
2025-11-29,Manchester City v Leeds United,Fouls,1ST,3.5,True,0.631684920795238,0.6666666666666666,model,1.6281511464257667,True
2025-11-29,Manchester City v Leeds United,Tackles,1ST,8.5,True,0.7559512726770786,0.6666666666666666,model,1.3322653120161327,True
2025-11-29,Manchester City v Leeds United,Throw-ins,1ST,7.5,True,0.8160229186114017,0.7777777777777778,model,1.2806191176470225,False
2025-11-29,Manchester City v Leeds United,Throw-ins,1ST,8.5,True,0.7587577794916388,0.7777777777777778,model,1.3752345848987582,False
2025-11-29,Manchester City v Leeds United,Goal kicks,1ST,3.5,False,0.8779964250111882,0.8888888888888888,model,1.1909692654313933,True
2025-11-29,Manchester City v Leeds United,Total shots,2ND,7.5,False,0.5295678455991686,0.6666666666666666,model,1.8883321718080726,True
2025-11-29,Manchester City v Leeds United,Total shots,2ND,6.5,False,0.7877739451802945,0.6666666666666666,model,1.2831880233845085,False
2025-11-29,Manchester City v Leeds United,Total shots,2ND,7.5,False,0.8242922307613795,0.6666666666666666,model,1.2296125335301675,True
2025-11-29,Manchester City v Leeds United,Shots on target,2ND,1.5,True,0.6441253586187062,0.8888888888888888,model,1.5841815434146616,True
2025-11-29,Manchester City v Leeds United,Shots on target,2ND,1.5,True,0.46852490313077383,0.6666666666666666,model,2.1471480010578405,True
2025-11-29,Manchester City v Leeds United,Yellow cards,2ND,0.5,False,0.6458747621823577,0.6666666666666666,model,1.5482877773720127,False
2025-11-29,Brentford v Burnley,Total shots,ALL,7.5,True,0.9080477131861036,0.8333333333333334,model,1.1420360661031665,True
2025-11-29,Brentford v Burnley,Total shots,ALL,8.5,True,0.8721696057854021,0.8333333333333334,model,1.1934425527087686,True
2025-11-29,Brentford v Burnley,Shots on target,ALL,2.5,True,0.8358188565991211,0.8333333333333334,model,1.2432281707953945,True
2025-11-29,Brentford v Burnley,Shots on target,ALL,3.5,True,0.7571168227535345,0.8333333333333334,model,1.3733759313224736,True
2025-11-29,Brentford v Burnley,Shots on target,ALL,2.5,True,0.46338994369129455,0.6666666666666666,model,2.1645112482376363,False
2025-11-29,Brentford v Burnley,Corner kicks,ALL,3.5,True,0.8593966277935496,0.8333333333333334,model,1.189770874809722,True
2025-11-29,Brentford v Burnley,Fouls,ALL,9.5,False,0.7189851794925931,0.6666666666666666,model,1.4054152086180345,True
2025-11-29,Brentford v Burnley,Offsides,ALL,0.5,True,0.670566846079796,0.8333333333333334,model,1.515883815290345,True
2025-11-29,Brentford v Burnley,Free kicks,ALL,8.5,True,0.5813950340967188,0.8333333333333334,model,1.7396612289348639,False
2025-11-29,Brentford v Burnley,Goal kicks,ALL,7.5,False,0.806193936702552,0.75,model,1.2549557202342077,True
2025-11-29,Brentford v Burnley,Total shots,1ST,3.5,True,0.8100295751940477,0.8333333333333334,model,1.2887411169208975,True
2025-11-29,Brentford v Burnley,Total shots,1ST,3.5,True,0.5430459694909684,0.75,model,1.8705946767518857,False
2025-11-29,Brentford v Burnley,Shots on target,1ST,0.5,True,0.7801336855132176,0.9166666666666666,model,1.3224035351528765,True
2025-11-29,Brentford v Burnley,Shots on target,1ST,0.5,True,0.6086508823577043,0.9166666666666666,model,1.6717785849838818,True
2025-11-29,Brentford v Burnley,Free kicks,1ST,3.5,True,0.5554334251007536,0.6666666666666666,model,1.815831450633964,True
2025-11-29,Brentford v Burnley,Goal kicks,1ST,3.5,False,0.8093660579955859,0.75,model,1.248206443252025,True
2025-11-29,Brentford v Burnley,Total shots,2ND,3.5,True,0.8725144050639303,0.9166666666666666,model,1.193116719477585,True
2025-11-29,Brentford v Burnley,Total shots,2ND,4.5,True,0.8107599047063007,0.8333333333333334,model,1.287738350959426,True
2025-11-29,Brentford v Burnley,Shots on target,2ND,1.5,True,0.8200424469067298,0.8333333333333334,model,1.2700543752614104,True
2025-11-29,Brentford v Burnley,Shots on target,2ND,2.5,True,0.7158418526336147,0.75,model,1.4543643502020207,True
2025-11-29,Brentford v Burnley,Corner kicks,2ND,1.5,True,0.7265305531484191,0.8333333333333334,model,1.420868816716364,True
2025-11-29,Brentford v Burnley,Throw-ins,2ND,7.5,True,0.8513845877500211,0.6666666666666666,model,1.1979814073281632,True
2025-11-29,Brentford v Burnley,Free kicks,2ND,5.5,True,0.5630546026550456,0.6666666666666666,model,1.788529564155267,False
2025-11-29,Brentford v Burnley,Goal kicks,2ND,3.5,True,0.8255785843650163,0.75,model,1.2609683735899369,True
2025-11-29,Sunderland v Bournemouth,Fouls,ALL,11.5,False,0.7617755479951366,0.6666666666666666,model,1.3367508709584,False
2025-11-29,Sunderland v Bournemouth,Fouls,ALL,11.5,True,0.5393865309497449,0.6666666666666666,model,1.8615069820454044,True
2025-11-29,Sunderland v Bournemouth,Throw-ins,ALL,16.5,True,0.6546594721147703,0.75,model,1.5392519973094942,False
2025-11-29,Sunderland v Bournemouth,Yellow cards,ALL,1.5,True,0.5442040384730823,0.7272727272727273,model,1.8573177513316266,True
2025-11-29,Sunderland v Bournemouth,Free kicks,ALL,9.5,True,0.7308379093511218,0.9166666666666666,model,1.3803806285338096,True
2025-11-29,Sunderland v Bournemouth,Free kicks,ALL,10.5,True,0.6582822676894656,0.75,model,1.5299933595112956,True
2025-11-29,Sunderland v Bournemouth,Total shots,1ST,3.5,True,0.6441912782526724,0.8333333333333334,model,1.5699820423406665,True
2025-11-29,Sunderland v Bournemouth,Total shots,2ND,5.5,True,0.5188751953328342,0.75,model,1.9457424801398433,False
2025-11-29,Sunderland v Bournemouth,Total shots,2ND,5.5,True,0.7972705251394342,0.6666666666666666,model,1.2881678119495454,True
2025-11-29,Sunderland v Bournemouth,Shots on target,2ND,1.5,True,0.5525548142714911,0.75,model,1.8273497324603039,True
2025-11-29,Sunderland v Bournemouth,Shots on target,2ND,1.5,True,0.8401728847712979,0.8333333333333334,model,1.2037242509282713,False
2025-11-29,Sunderland v Bournemouth,Corner kicks,2ND,1.5,True,0.5767655976234529,0.75,model,1.7662929638389855,True
2025-11-29,Sunderland v Bournemouth,Fouls,2ND,6.5,True,0.5237930427606561,0.8571428571428571,model,1.912837444149769,True
2025-11-29,Sunderland v Bournemouth,Free kicks,2ND,3.5,True,0.8571292429413326,1.0,model,1.1828440663753341,True
2025-11-29,Sunderland v Bournemouth,Free kicks,2ND,4.5,True,0.7740485754703463,0.8333333333333334,model,1.3109335107542617,True
2025-11-29,Sunderland v Bournemouth,Goal kicks,2ND,3.5,True,0.6680471788990878,0.75,model,1.515311948009995,True
2025-11-29,Tottenham Hotspur v Fulham,Shots on target,ALL,2.5,True,0.5923843833994004,0.9,model,1.7150734893002268,False
2025-11-29,Tottenham Hotspur v Fulham,Fouls,ALL,11.5,False,0.6575819820369463,0.8,model,1.5299546073443102,True
2025-11-29,Tottenham Hotspur v Fulham,Offsides,ALL,1.5,True,0.5427002395736673,0.8,model,1.8881397341232564,True
2025-11-29,Tottenham Hotspur v Fulham,Goal kicks,ALL,7.5,False,0.4379806030325372,0.7,model,2.2832061353313193,True
2025-11-29,Tottenham Hotspur v Fulham,Shots on target,1ST,0.5,True,0.6592278304209268,0.9,model,1.5602738763541266,False
2025-11-29,Tottenham Hotspur v Fulham,Shots on target,1ST,0.5,True,0.6072245177399029,0.8,model,1.6802459817795474,True
2025-11-29,Tottenham Hotspur v Fulham,Tackles,1ST,8.5,True,0.6597085029223119,0.8,model,1.5324377280610872,True
2025-11-29,Tottenham Hotspur v Fulham,Throw-ins,1ST,8.5,False,0.6586950551480291,0.7,model,1.5250189891216896,False
2025-11-29,Tottenham Hotspur v Fulham,Throw-ins,1ST,8.5,True,0.6174688300982398,0.7,model,1.6357952024862732,True
2025-11-29,Tottenham Hotspur v Fulham,Goal kicks,1ST,2.5,True,0.7529999879133971,1.0,model,1.362363742340619,True
2025-11-29,Tottenham Hotspur v Fulham,Throw-ins,2ND,9.5,True,0.7197850478221681,0.8,model,1.4171947169334556,True
2025-11-29,Tottenham Hotspur v Fulham,Throw-ins,2ND,9.5,True,0.7607465525066346,0.9,model,1.3277905157717986,False
2025-11-30,West Ham United v Liverpool FC,Total shots,ALL,11.5,True,0.875,0.875,record,1.8899833358374518,False
2025-11-30,West Ham United v Liverpool FC,Corner kicks,ALL,5.5,True,0.75,0.75,record,2.443375511026396,True
2025-11-30,West Ham United v Liverpool FC,Shots on target,1ST,0.5,True,1.0,1.0,record,1.4802,False
2025-11-30,West Ham United v Liverpool FC,Fouls,1ST,4.5,True,0.7142857142857143,0.7142857142857143,record,2.7860656253497584,True
2025-11-30,West Ham United v Liverpool FC,Tackles,1ST,5.5,True,0.875,0.875,record,1.8899833358374518,True
2025-11-30,West Ham United v Liverpool FC,Tackles,1ST,6.5,True,0.75,0.75,record,2.443375511026396,True
2025-11-30,West Ham United v Liverpool FC,Tackles,1ST,5.5,True,0.75,0.75,record,2.443375511026396,False
2025-11-30,West Ham United v Liverpool FC,Free kicks,1ST,4.5,True,0.75,0.75,record,2.443375511026396,True
2025-11-30,West Ham United v Liverpool FC,Total shots,2ND,5.5,True,0.875,0.875,record,1.8899833358374518,False
2025-11-30,West Ham United v Liverpool FC,Total shots,2ND,6.5,True,0.75,0.75,record,2.443375511026396,False
2025-11-30,West Ham United v Liverpool FC,Shots on target,2ND,1.5,True,0.875,0.875,record,1.8899833358374518,False
2025-11-30,West Ham United v Liverpool FC,Shots on target,2ND,1.5,True,0.75,0.75,record,2.443375511026396,True
2025-11-30,West Ham United v Liverpool FC,Offsides,2ND,0.5,True,0.75,0.75,record,2.443375511026396,False
2025-11-30,West Ham United v Liverpool FC,Yellow cards,2ND,0.5,True,1.0,1.0,record,1.4802,False
2025-12-02,Bournemouth v Everton,Total shots,ALL,11.5,True,0.7683056595912225,0.75,model,1.352884637290263,False
2025-12-02,Bournemouth v Everton,Total shots,ALL,12.5,True,0.7274433370577242,0.6666666666666666,model,1.4255567344995663,False
2025-12-02,Bournemouth v Everton,Total shots,ALL,10.5,False,0.6830738176700258,0.9166666666666666,model,1.4801730286480714,False
2025-12-02,Bournemouth v Everton,Total shots,ALL,11.5,False,0.745338751031307,0.9166666666666666,model,1.3650556798062903,False
2025-12-02,Bournemouth v Everton,Shots on target,ALL,3.5,False,0.5596452176180279,0.75,model,1.786846324277045,True
2025-12-02,Bournemouth v Everton,Corner kicks,ALL,3.5,True,0.8111653095228388,0.9166666666666666,model,1.2538760722288493,False
2025-12-02,Bournemouth v Everton,Corner kicks,ALL,4.5,True,0.723087963564332,0.6666666666666666,model,1.405684260151403,False
2025-12-02,Bournemouth v Everton,Corner kicks,ALL,3.5,False,0.600585322195573,0.75,model,1.665042356253859,False
2025-12-02,Bournemouth v Everton,Fouls,ALL,10.5,False,0.655603036822173,0.75,model,1.5319844705657504,False
2025-12-02,Bournemouth v Everton,Tackles,ALL,16.5,False,0.4496099781288263,0.6666666666666666,model,2.224149926925045,True
2025-12-02,Bournemouth v Everton,Tackles,ALL,17.5,False,0.5013026927981611,0.6666666666666666,model,1.9948027695965895,True
2025-12-02,Bournemouth v Everton,Throw-ins,ALL,19.5,True,0.7360144648785854,0.75,model,1.3786281142996524,True
2025-12-02,Bournemouth v Everton,Throw-ins,ALL,20.5,True,0.6904016065228643,0.75,model,1.4672471701841208,False
2025-12-02,Bournemouth v Everton,Goal kicks,ALL,6.5,True,0.668791981531492,0.75,model,1.5301702629379004,False
2025-12-02,Bournemouth v Everton,Total shots,1ST,4.5,True,0.8336039166701158,0.8333333333333334,model,1.2280924138567928,False
2025-12-02,Bournemouth v Everton,Total shots,1ST,5.5,True,0.7603650298147699,0.8333333333333334,model,1.3464546513951925,False
2025-12-02,Bournemouth v Everton,Total shots,1ST,4.5,False,0.6902825342963858,0.8333333333333334,model,1.4591270768017714,False
2025-12-02,Bournemouth v Everton,Shots on target,1ST,1.5,True,0.72665505209066,0.6666666666666666,model,1.4193778734911258,False
2025-12-02,Bournemouth v Everton,Shots on target,1ST,1.5,False,0.5797593601515099,0.8333333333333334,model,1.7248535663808302,True
2025-12-02,Bournemouth v Everton,Corner kicks,1ST,1.5,False,0.6144969125584799,0.6666666666666666,model,1.627347476550312,False
2025-12-02,Bournemouth v Everton,Fouls,1ST,4.5,True,0.5289399446337287,0.7142857142857143,model,1.919909093856357,True
2025-12-02,Bournemouth v Everton,Fouls,1ST,4.5,True,0.4892666437084843,0.7142857142857143,model,2.0477325701777445,True
2025-12-02,Bournemouth v Everton,Throw-ins,1ST,9.5,True,0.7054065765987033,0.75,model,1.4370990551767222,True
2025-12-02,Bournemouth v Everton,Throw-ins,1ST,10.5,True,0.6421422606912179,0.75,model,1.5744681058241337,True
2025-12-02,Bournemouth v Everton,Yellow cards,1ST,0.5,True,0.6666666666666666,0.6666666666666666,record,2.5600485801528676,True
2025-12-02,Bournemouth v Everton,Free kicks,1ST,5.5,False,0.6587166132039163,0.6666666666666666,model,1.5254567217770965,False
2025-12-02,Bournemouth v Everton,Goal kicks,1ST,1.5,True,0.5626279541446804,0.6666666666666666,model,1.7923985530235607,True
2025-12-02,Bournemouth v Everton,Goal kicks,1ST,1.5,True,0.8113638381700933,1.0,model,1.255676576707563,True
2025-12-02,Bournemouth v Everton,Goal kicks,1ST,2.5,True,0.6987903907765463,0.8333333333333334,model,1.4573424492139682,True
2025-12-02,Bournemouth v Everton,Total shots,2ND,5.5,True,0.6684528407114989,0.75,model,1.5572497481962917,False
2025-12-02,Bournemouth v Everton,Total shots,2ND,6.5,True,0.6161315904749183,0.75,model,1.6792020094332294,False
2025-12-02,Bournemouth v Everton,Total shots,2ND,5.5,False,0.5813101551082501,0.75,model,1.7202520740649756,False
2025-12-02,Bournemouth v Everton,Shots on target,2ND,1.5,True,0.6986093004315466,0.75,model,1.4853201657863793,False
2025-12-02,Bournemouth v Everton,Corner kicks,2ND,1.5,True,0.793580413445734,0.75,model,1.2875872533049153,False
2025-12-02,Bournemouth v Everton,Corner kicks,2ND,2.5,True,0.6639405380457108,0.6666666666666666,model,1.5358592742707544,False
2025-12-02,Bournemouth v Everton,Fouls,2ND,6.5,False,0.59718495547049,0.7142857142857143,model,1.6745230951308103,True
2025-12-02,Bournemouth v Everton,Throw-ins,2ND,9.5,True,0.6801699679182424,0.6666666666666666,model,1.489428216568302,False
2025-12-02,Bournemouth v Everton,Yellow cards,2ND,1.5,False,0.6244026023974334,0.6666666666666666,model,1.6015308010575815,False
2025-12-02,Bournemouth v Everton,Free kicks,2ND,5.5,True,0.6619205183797701,0.6666666666666666,model,1.5305611545020112,True
2025-12-03,Liverpool FC v Sunderland,Total shots,ALL,9.5,True,0.9739229438872401,0.8888888888888888,model,1.03531871093462,True
2025-12-03,Liverpool FC v Sunderland,Total shots,ALL,10.5,True,0.9576021748919973,0.8888888888888888,model,1.0559903519915994,True
2025-12-03,Liverpool FC v Sunderland,Shots on target,ALL,2.5,True,0.7733829730461393,0.8888888888888888,model,1.312002427728091,True
2025-12-03,Liverpool FC v Sunderland,Shots on target,ALL,3.5,True,0.6594139257647855,0.8888888888888888,model,1.535594943310787,True
2025-12-03,Liverpool FC v Sunderland,Corner kicks,ALL,3.5,True,0.6092134711454894,0.7777777777777778,model,1.7245855212301213,True
2025-12-03,Liverpool FC v Sunderland,Corner kicks,ALL,4.5,True,0.5227456643945947,0.6666666666666666,model,1.9671486045505913,True
2025-12-03,Liverpool FC v Sunderland,Tackles,ALL,13.5,True,0.7989064706100545,0.6666666666666666,model,1.2880523863388704,True
2025-12-03,Liverpool FC v Sunderland,Offsides,ALL,1.5,False,0.6058759366297087,0.7777777777777778,model,1.6505029157663458,False
2025-12-03,Liverpool FC v Sunderland,Throw-ins,ALL,16.5,True,0.8681470506511841,0.7777777777777778,model,1.2264236358911071,False
2025-12-03,Liverpool FC v Sunderland,Throw-ins,ALL,17.5,True,0.8373482758077772,0.6666666666666666,model,1.272816833719002,False
2025-12-03,Liverpool FC v Sunderland,Throw-ins,ALL,16.5,True,0.5799021965459367,0.6666666666666666,model,1.7376260502427652,False
2025-12-03,Liverpool FC v Sunderland,Goal kicks,ALL,7.5,True,0.9541937224728356,0.7777777777777778,model,1.0634815356338039,True
2025-12-03,Liverpool FC v Sunderland,Total shots,1ST,3.5,True,0.8589906890502421,0.7777777777777778,model,1.19336195318082,True
2025-12-03,Liverpool FC v Sunderland,Total shots,1ST,4.5,True,0.7861772431013597,0.7777777777777778,model,1.3057836051461735,True
2025-12-03,Liverpool FC v Sunderland,Corner kicks,1ST,0.5,True,0.615708103006199,0.7777777777777778,model,1.648944970623677,True
2025-12-03,Liverpool FC v Sunderland,Tackles,1ST,5.5,True,0.5019573604193242,0.6666666666666666,model,1.9990366261510284,True
2025-12-03,Liverpool FC v Sunderland,Offsides,1ST,0.5,False,0.6150194227139026,0.6666666666666666,model,1.6259649095101574,False
2025-12-03,Liverpool FC v Sunderland,Yellow cards,1ST,0.5,False,0.7777777777777778,0.7777777777777778,record,2.209537787857586,True
2025-12-03,Liverpool FC v Sunderland,Free kicks,1ST,5.5,False,0.6632046646767957,0.6666666666666666,model,1.5128347214466507,True
2025-12-03,Liverpool FC v Sunderland,Goal kicks,1ST,3.5,True,0.9194160503697305,0.8888888888888888,model,1.1059655668703756,True
2025-12-03,Liverpool FC v Sunderland,Goal kicks,1ST,4.5,True,0.8597950397310311,0.7777777777777778,model,1.1874157750135819,True
2025-12-03,Liverpool FC v Sunderland,Total shots,2ND,4.5,True,0.9421036425279435,0.7777777777777778,model,1.1508264931602654,True
2025-12-03,Liverpool FC v Sunderland,Total shots,2ND,5.5,True,0.90942732065711,0.7777777777777778,model,1.207110655502618,True
2025-12-03,Liverpool FC v Sunderland,Shots on target,2ND,1.5,False,0.5747618602842642,0.7777777777777778,model,1.7398510045628681,False
2025-12-03,Liverpool FC v Sunderland,Corner kicks,2ND,1.5,True,0.6541445007304156,0.7777777777777778,model,1.5447395896936982,False
2025-12-03,Liverpool FC v Sunderland,Tackles,2ND,7.5,True,0.7310495789748056,0.7777777777777778,model,1.3880562454477048,True
2025-12-03,Liverpool FC v Sunderland,Tackles,2ND,8.5,True,0.6557101828650361,0.6666666666666666,model,1.5433537295971231,True
2025-12-03,Liverpool FC v Sunderland,Throw-ins,2ND,7.5,True,0.8215545513270399,0.8888888888888888,model,1.2780999468352245,True
2025-12-03,Liverpool FC v Sunderland,Throw-ins,2ND,8.5,True,0.7659218444192898,0.7777777777777778,model,1.369127054256539,True
2025-12-03,Liverpool FC v Sunderland,Yellow cards,2ND,0.5,True,0.8187156217722431,0.6666666666666666,model,1.3116050634929417,True
2025-12-03,Liverpool FC v Sunderland,Yellow cards,2ND,0.5,True,0.7119731619053452,0.6666666666666666,model,1.4487363642449353,True
2025-12-03,Liverpool FC v Sunderland,Goal kicks,2ND,3.5,True,0.8306491787143188,0.6666666666666666,model,1.2531121443130677,True
2025-12-04,Manchester United v West Ham United,Total shots,ALL,11.5,True,0.970721013650547,0.8181818181818182,model,1.0544336502118141,True
2025-12-04,Manchester United v West Ham United,Shots on target,ALL,3.5,True,0.9516817991578904,1.0,model,1.0613899997110732,True
2025-12-04,Manchester United v West Ham United,Shots on target,ALL,4.5,True,0.909216753604043,0.9090909090909091,model,1.1154247137972548,False
2025-12-04,Manchester United v West Ham United,Shots on target,ALL,3.5,False,0.7008280082199645,0.8181818181818182,model,1.4383825922789897,True
2025-12-04,Manchester United v West Ham United,Fouls,ALL,9.5,True,0.7681597488077225,0.8181818181818182,model,1.3322977824444995,False
2025-12-04,Manchester United v West Ham United,Offsides,ALL,0.5,True,0.6498730240804655,0.9,model,1.549286930920665,True
2025-12-04,Manchester United v West Ham United,Offsides,ALL,0.5,True,0.851850970933796,1.0,model,1.1889982793983855,True
2025-12-04,Manchester United v West Ham United,Yellow cards,ALL,1.5,True,0.7876973482136576,0.8181818181818182,model,1.305697288801649,True
2025-12-04,Manchester United v West Ham United,Free kicks,ALL,9.5,True,0.7184844473494161,0.7272727272727273,model,1.4234509142715623,False
2025-12-04,Manchester United v West Ham United,Goal kicks,ALL,7.5,False,0.720374633668689,0.7272727272727273,model,1.4058752412626134,True
2025-12-04,Manchester United v West Ham United,Total shots,1ST,5.5,False,0.8410691295452711,0.8181818181818182,model,1.206231592839137,True
2025-12-04,Manchester United v West Ham United,Shots on target,1ST,1.5,True,0.9284062426020809,1.0,model,1.0882199282326912,True
2025-12-04,Manchester United v West Ham United,Corner kicks,1ST,1.5,True,0.7951592023843608,0.7272727272727273,model,1.3118467493775028,True
2025-12-04,Manchester United v West Ham United,Free kicks,1ST,4.5,True,0.6501172059703879,0.7272727272727273,model,1.563707152438996,True
2025-12-04,Manchester United v West Ham United,Goal kicks,1ST,2.5,True,0.783834902813995,0.7272727272727273,model,1.299337989445612,True
2025-12-04,Manchester United v West Ham United,Total shots,2ND,5.5,True,0.8838423512207599,0.8181818181818182,model,1.1859181311573013,True
2025-12-06,Aston Villa v Arsenal,Shots on target,ALL,6.5,False,0.8333333333333334,0.8333333333333334,record,2.2910002730123473,True
2025-12-06,Aston Villa v Arsenal,Fouls,ALL,10.5,True,0.8333333333333334,0.8333333333333334,record,2.2910002730123473,False
2025-12-06,Aston Villa v Arsenal,Fouls,ALL,11.5,True,0.8333333333333334,0.8333333333333334,record,2.2910002730123473,False
2025-12-06,Aston Villa v Arsenal,Tackles,ALL,16.5,False,0.8333333333333334,0.8333333333333334,record,2.2910002730123473,False
2025-12-06,Aston Villa v Arsenal,Tackles,ALL,17.5,False,0.8333333333333334,0.8333333333333334,record,2.2910002730123473,False
2025-12-06,Aston Villa v Arsenal,Yellow cards,ALL,0.5,True,0.8333333333333334,0.8333333333333334,record,2.2910002730123473,False
2025-12-06,Aston Villa v Arsenal,Yellow cards,ALL,0.5,True,1.0,1.0,record,1.6402666666666668,True
2025-12-06,Aston Villa v Arsenal,Yellow cards,ALL,1.5,True,0.8333333333333334,0.8333333333333334,record,2.2910002730123473,True
2025-12-06,Aston Villa v Arsenal,Free kicks,ALL,13.5,False,0.8333333333333334,0.8333333333333334,record,2.2910002730123473,True
2025-12-06,Aston Villa v Arsenal,Free kicks,ALL,14.5,False,0.8333333333333334,0.8333333333333334,record,2.2910002730123473,True
2025-12-06,Aston Villa v Arsenal,Goal kicks,ALL,6.5,True,0.6666666666666666,0.6666666666666666,record,3.3334631012569553,True
2025-12-06,Aston Villa v Arsenal,Total shots,1ST,6.5,False,0.8333333333333334,0.8333333333333334,record,2.2910002730123473,True
2025-12-06,Aston Villa v Arsenal,Total shots,1ST,7.5,False,0.8333333333333334,0.8333333333333334,record,2.2910002730123473,True
2025-12-06,Aston Villa v Arsenal,Fouls,1ST,5.5,True,0.8333333333333334,0.8333333333333334,record,2.2910002730123473,True
2025-12-06,Aston Villa v Arsenal,Fouls,1ST,6.5,True,0.6666666666666666,0.6666666666666666,record,3.3334631012569553,False
2025-12-06,Aston Villa v Arsenal,Fouls,1ST,5.5,True,0.8333333333333334,0.8333333333333334,record,2.2910002730123473,False
2025-12-06,Aston Villa v Arsenal,Tackles,1ST,7.5,True,0.6666666666666666,0.6666666666666666,record,3.3334631012569553,True
2025-12-06,Aston Villa v Arsenal,Tackles,1ST,6.5,False,0.6666666666666666,0.6666666666666666,record,3.3334631012569553,False
2025-12-06,Aston Villa v Arsenal,Tackles,1ST,7.5,False,0.6666666666666666,0.6666666666666666,record,3.3334631012569553,False
2025-12-06,Aston Villa v Arsenal,Yellow cards,1ST,0.5,True,1.0,1.0,record,1.6402666666666668,False
2025-12-06,Aston Villa v Arsenal,Free kicks,1ST,7.5,False,0.8333333333333334,0.8333333333333334,record,2.2910002730123473,True
2025-12-06,Aston Villa v Arsenal,Corner kicks,2ND,1.5,True,0.8333333333333334,0.8333333333333334,record,2.2910002730123473,False
2025-12-06,Aston Villa v Arsenal,Corner kicks,2ND,2.5,True,0.6666666666666666,0.6666666666666666,record,3.3334631012569553,False
2025-12-06,Aston Villa v Arsenal,Fouls,2ND,5.5,True,0.8333333333333334,0.8333333333333334,record,2.2910002730123473,True
2025-12-06,Aston Villa v Arsenal,Throw-ins,2ND,6.5,True,0.6666666666666666,0.6666666666666666,record,3.3334631012569553,True
2025-12-06,Aston Villa v Arsenal,Throw-ins,2ND,6.5,True,0.6666666666666666,0.6666666666666666,record,3.3334631012569553,True
2025-12-06,Aston Villa v Arsenal,Yellow cards,2ND,0.5,True,0.6666666666666666,0.6666666666666666,record,3.3334631012569553,True
2025-12-06,Aston Villa v Arsenal,Yellow cards,2ND,1.5,True,0.6666666666666666,0.6666666666666666,record,3.3334631012569553,True
2025-12-06,Aston Villa v Arsenal,Goal kicks,2ND,2.5,True,0.6666666666666666,0.6666666666666666,record,3.3334631012569553,True
2025-12-06,Manchester City v Sunderland,Total shots,ALL,10.5,True,0.9705540338926516,0.9,model,1.0400033373604591,True
2025-12-06,Manchester City v Sunderland,Total shots,ALL,11.5,True,0.9533223886351215,0.9,model,1.0619050140689243,True
2025-12-06,Manchester City v Sunderland,Total shots,ALL,9.5,False,0.8380042347192633,0.8,model,1.207443894225263,True
2025-12-06,Manchester City v Sunderland,Total shots,ALL,10.5,False,0.8920863887655377,0.9,model,1.1348025081595163,True
2025-12-06,Manchester City v Sunderland,Shots on target,ALL,3.5,True,0.8081330782848282,0.9,model,1.2536646780042935,True
2025-12-06,Manchester City v Sunderland,Shots on target,ALL,4.5,True,0.7161022154418681,0.8,model,1.4138979275872379,True
2025-12-06,Manchester City v Sunderland,Corner kicks,ALL,3.5,True,0.8600272582005897,0.9,model,1.1691311655743584,True
2025-12-06,Manchester City v Sunderland,Corner kicks,ALL,4.5,True,0.7788325126129977,0.8,model,1.2915734592500703,True
2025-12-06,Manchester City v Sunderland,Fouls,ALL,9.5,True,0.5574567624264081,0.7,model,1.8247819156562968,False
2025-12-06,Manchester City v Sunderland,Tackles,ALL,13.5,True,0.8190018830287384,0.7,model,1.2564208289935948,True
2025-12-06,Manchester City v Sunderland,Offsides,ALL,1.5,False,0.667546008136246,0.7,model,1.498024087945561,True
2025-12-06,Manchester City v Sunderland,Goal kicks,ALL,6.5,True,0.8040793722723724,0.9,model,1.259388918324483,True
2025-12-06,Manchester City v Sunderland,Total shots,1ST,4.5,False,0.8473737037742975,0.8,model,1.1894881944861184,True
2025-12-06,Manchester City v Sunderland,Total shots,1ST,5.5,False,0.9142142916857366,0.9,model,1.1030520647324622,True
2025-12-06,Manchester City v Sunderland,Offsides,1ST,0.5,True,0.9,0.9,record,1.6782927191979256,True
2025-12-06,Manchester City v Sunderland,Goal kicks,1ST,2.5,True,0.738453416044763,0.8,model,1.3692012167424745,True
2025-12-06,Manchester City v Sunderland,Goal kicks,1ST,3.5,True,0.6147037402045388,0.8,model,1.640269054275752,True
2025-12-06,Manchester City v Sunderland,Total shots,2ND,4.5,True,0.9192589058703241,0.8,model,1.1329878530115831,True
2025-12-06,Manchester City v Sunderland,Total shots,2ND,5.5,True,0.8697661960080862,0.8,model,1.2057441005390295,True
2025-12-06,Manchester City v Sunderland,Shots on target,2ND,1.5,True,0.7083265120469819,0.8,model,1.4276065106903668,True
2025-12-06,Manchester City v Sunderland,Fouls,2ND,5.5,True,0.5022357391825516,0.6666666666666666,model,2.007870302985315,False
2025-12-06,Manchester City v Sunderland,Tackles,2ND,7.5,True,0.7348575149625148,0.8,model,1.3768792174967455,True
2025-12-06,Manchester City v Sunderland,Tackles,2ND,8.5,True,0.6570272396282901,0.7,model,1.536610153925136,True
2025-12-06,Manchester City v Sunderland,Yellow cards,2ND,0.5,True,0.7294341561061511,0.8,model,1.4064600381174617,False
2025-12-06,Tottenham Hotspur v Brentford,Shots on target,1ST,0.5,True,0.5783179579011825,0.8333333333333334,model,1.768432837738737,True
2025-12-06,Tottenham Hotspur v Brentford,Tackles,1ST,7.5,True,0.8236580121424686,0.8333333333333334,model,1.2327056640834466,False
2025-12-06,Tottenham Hotspur v Brentford,Tackles,1ST,7.5,True,0.7524074761903661,0.9166666666666666,model,1.3612416203823905,True
2025-12-06,Tottenham Hotspur v Brentford,Throw-ins,1ST,7.5,True,0.8279929519767754,0.8333333333333334,model,1.2201436293752637,False
2025-12-06,Tottenham Hotspur v Brentford,Goal kicks,1ST,2.5,True,0.6834067516752038,0.8333333333333334,model,1.4808546796735047,True
2025-12-06,Tottenham Hotspur v Brentford,Tackles,2ND,7.5,True,0.7534472507398845,0.75,model,1.3803671095807062,True
2025-12-06,Tottenham Hotspur v Brentford,Offsides,2ND,0.5,True,0.6520011583049015,0.8181818181818182,model,1.558590339776452,True
2025-12-06,Tottenham Hotspur v Brentford,Offsides,2ND,0.5,True,0.7228775570615595,0.7272727272727273,model,1.4365293698347117,False
2025-12-06,Tottenham Hotspur v Brentford,Goal kicks,2ND,2.5,True,0.6983754700759717,0.9166666666666666,model,1.4593518919135304,True
2025-12-06,Everton v Nottingham Forest,Total shots,ALL,11.5,True,0.5773860163075608,0.7,model,1.7413283880002353,False
2025-12-06,Everton v Nottingham Forest,Shots on target,ALL,2.5,True,0.6922533352911441,0.9,model,1.4882601795915984,True
2025-12-06,Everton v Nottingham Forest,Shots on target,ALL,3.5,True,0.5757621893813474,0.7,model,1.7712268843558148,False
2025-12-06,Everton v Nottingham Forest,Offsides,ALL,0.5,True,0.7390740549911948,0.8888888888888888,model,1.4339275441609347,True
2025-12-06,Everton v Nottingham Forest,Offsides,ALL,1.5,True,0.5524403344105361,0.6666666666666666,model,1.8862569114153223,False
2025-12-06,Everton v Nottingham Forest,Goal kicks,ALL,6.5,True,0.5578223593208727,0.7,model,1.854243457252671,True
2025-12-06,Everton v Nottingham Forest,Total shots,1ST,3.5,True,0.7478270291924123,0.7,model,1.3727162035528013,False
2025-12-06,Everton v Nottingham Forest,Total shots,1ST,3.5,True,0.7826071861578094,0.8,model,1.3413422547169433,False
2025-12-06,Everton v Nottingham Forest,Shots on target,1ST,0.5,True,0.6727360119974074,0.7,model,1.5197839236742046,True
2025-12-06,Everton v Nottingham Forest,Shots on target,1ST,0.5,True,0.6584875431163807,0.9,model,1.6093419988057887,True
2025-12-06,Everton v Nottingham Forest,Shots on target,2ND,1.5,True,0.7483536525078924,0.9,model,1.3573693057362806,True
2025-12-06,Everton v Nottingham Forest,Corner kicks,2ND,1.5,True,0.8644045857661186,0.9,model,1.1845723120392837,False
2025-12-06,Everton v Nottingham Forest,Yellow cards,2ND,0.5,True,1.0,1.0,record,1.4268444444444444,True
2025-12-06,Everton v Nottingham Forest,Yellow cards,2ND,1.5,True,0.8888888888888888,0.8888888888888888,record,1.7699309729389017,True
2025-12-06,Everton v Nottingham Forest,Goal kicks,2ND,3.5,False,0.6289796895757629,0.7,model,1.590960670244876,True
2025-12-06,Everton v Nottingham Forest,Goal kicks,2ND,3.5,True,0.6047169867530522,0.7,model,1.7000489206410312,True
2025-12-06,Newcastle United v Burnley,Total shots,ALL,8.5,True,0.9445463740830895,1.0,model,1.1181777831377975,True
2025-12-06,Newcastle United v Burnley,Total shots,ALL,9.5,True,0.9195070109720065,0.9,model,1.157826878951341,True
2025-12-06,Newcastle United v Burnley,Shots on target,ALL,3.5,True,0.8857918037993725,1.0,model,1.1425857384950682,True
2025-12-06,Newcastle United v Burnley,Shots on target,ALL,4.5,True,0.8138894920838158,0.9,model,1.245618869324229,True
2025-12-06,Newcastle United v Burnley,Corner kicks,ALL,3.5,True,0.7740924617539938,1.0,model,1.3792998707754347,True
2025-12-06,Newcastle United v Burnley,Corner kicks,ALL,4.5,True,0.6941218036064317,0.8,model,1.528206176603209,True
2025-12-06,Newcastle United v Burnley,Tackles,ALL,15.5,True,0.6951119832802514,0.8,model,1.4745140269048287,False
2025-12-06,Newcastle United v Burnley,Tackles,ALL,16.5,True,0.6560080198344579,0.7,model,1.5574930130022533,False
2025-12-06,Newcastle United v Burnley,Offsides,ALL,0.5,True,0.6741116349790751,1.0,model,1.5088247845263538,True
2025-12-06,Newcastle United v Burnley,Yellow cards,ALL,1.5,True,0.5909564558204712,0.7777777777777778,model,1.7303391879626808,True
2025-12-06,Newcastle United v Burnley,Free kicks,ALL,8.5,True,0.5247992941656714,0.7,model,1.9148013394397452,False
2025-12-06,Newcastle United v Burnley,Goal kicks,ALL,7.5,False,0.8116181961934877,0.7,model,1.2692490652818558,True
2025-12-06,Newcastle United v Burnley,Goal kicks,ALL,8.5,False,0.865207197226114,0.8,model,1.1955175908309437,True
2025-12-06,Newcastle United v Burnley,Total shots,1ST,3.5,True,0.9064935067749554,1.0,model,1.1451978108957943,True
2025-12-06,Newcastle United v Burnley,Total shots,1ST,4.5,True,0.8470252162791974,0.8,model,1.232838213749984,True
2025-12-06,Newcastle United v Burnley,Shots on target,1ST,1.5,True,0.8718748874207308,0.8,model,1.1577777320675149,True
2025-12-06,Newcastle United v Burnley,Corner kicks,1ST,1.5,True,0.8693093824730229,0.9,model,1.1791995015268746,True
2025-12-06,Newcastle United v Burnley,Fouls,1ST,4.5,True,0.3873800888933743,0.6666666666666666,model,2.5814439840124264,False
2025-12-06,Newcastle United v Burnley,Tackles,1ST,7.5,True,0.695917149145238,0.9,model,1.465767218224554,False
2025-12-06,Newcastle United v Burnley,Throw-ins,1ST,7.5,True,0.6885434766425205,0.7,model,1.480832400330351,True
2025-12-06,Newcastle United v Burnley,Yellow cards,1ST,0.5,False,0.7777777777777778,0.7777777777777778,record,2.209537787857586,True
2025-12-06,Newcastle United v Burnley,Free kicks,1ST,3.5,True,0.6097200135076853,0.8,model,1.6872274736994217,True
2025-12-06,Newcastle United v Burnley,Free kicks,1ST,3.5,True,0.6280244521815092,0.7,model,1.6071356970688568,False
2025-12-06,Newcastle United v Burnley,Goal kicks,1ST,3.5,True,0.8741367322271039,0.8,model,1.1697506137055202,True
2025-12-06,Newcastle United v Burnley,Total shots,2ND,3.5,True,0.9423094473630397,1.0,model,1.1016414269325636,True
2025-12-06,Newcastle United v Burnley,Total shots,2ND,4.5,True,0.9003266624535896,1.0,model,1.1641620141893516,True
2025-12-06,Newcastle United v Burnley,Total shots,2ND,3.5,True,0.6297011431839463,0.9,model,1.6120715394493639,True
2025-12-06,Newcastle United v Burnley,Shots on target,2ND,1.5,True,0.806109610757956,1.0,model,1.2790049611362386,True
2025-12-06,Newcastle United v Burnley,Shots on target,2ND,2.5,True,0.6826082368517449,0.8,model,1.507611005872679,False
2025-12-06,Newcastle United v Burnley,Corner kicks,2ND,1.5,True,0.6270089842644506,0.9,model,1.676023438540682,True
2025-12-06,Newcastle United v Burnley,Corner kicks,2ND,2.5,True,0.4996545151376936,0.7,model,2.053726556262957,True
2025-12-06,Newcastle United v Burnley,Corner kicks,2ND,1.5,True,0.6618482017745393,0.8,model,1.5442821002481861,False
2025-12-06,Newcastle United v Burnley,Fouls,2ND,3.5,True,0.4535395410313644,0.6666666666666666,model,2.2048794196112778,True
2025-12-06,Newcastle United v Burnley,Fouls,2ND,3.5,True,0.7392684794593055,0.8333333333333334,model,1.39186089009333,True
2025-12-06,Newcastle United v Burnley,Fouls,2ND,4.5,True,0.6373558434733128,0.6666666666666666,model,1.6047606328723032,False
2025-12-06,Newcastle United v Burnley,Offsides,2ND,0.5,True,0.8,0.8,record,2.040163279754755,True
2025-12-06,Newcastle United v Burnley,Yellow cards,2ND,0.5,True,0.6317211349771671,0.7777777777777778,model,1.6427145731914434,True
2025-12-06,Newcastle United v Burnley,Free kicks,2ND,4.5,True,0.48263594896081036,0.7,model,2.07871189796026,True
2025-12-06,Newcastle United v Burnley,Goal kicks,2ND,2.5,False,0.6712541708626569,0.7,model,1.4918184892146915,True
2025-12-06,Newcastle United v Burnley,Goal kicks,2ND,3.5,False,0.7800134762743713,0.8,model,1.3112298883941425,True
2025-12-06,Bournemouth v Chelsea,Fouls,ALL,12.5,False,0.5501883666537752,0.7,model,1.817559331692093,False
2025-12-06,Bournemouth v Chelsea,Tackles,ALL,15.5,True,0.4597502302896692,0.7,model,2.1750940709044175,True
2025-12-06,Bournemouth v Chelsea,Yellow cards,ALL,1.5,True,0.7913666571008046,0.8,model,1.2934871917526247,False
2025-12-06,Bournemouth v Chelsea,Goal kicks,ALL,5.5,True,0.6099440435448629,0.8,model,1.6655043592631156,True
2025-12-06,Bournemouth v Chelsea,Goal kicks,ALL,5.5,True,0.6977414852553143,0.8,model,1.4816468481576008,True
2025-12-06,Bournemouth v Chelsea,Total shots,1ST,5.5,True,0.5875557040220871,0.7,model,1.728849942976547,True
2025-12-06,Bournemouth v Chelsea,Corner kicks,1ST,1.5,True,0.5201613051841785,0.7,model,1.947378310324798,True
2025-12-06,Bournemouth v Chelsea,Tackles,1ST,7.5,True,0.4657477511148936,0.7,model,2.1470849780943198,True
2025-12-06,Bournemouth v Chelsea,Throw-ins,1ST,9.5,False,0.7716700820527659,0.8,model,1.3405544859456677,True
2025-12-06,Bournemouth v Chelsea,Yellow cards,1ST,0.5,True,0.7,0.7,record,2.5203313874144593,False
2025-12-06,Bournemouth v Chelsea,Yellow cards,1ST,0.5,True,0.8,0.8,record,2.040163279754755,False
2025-12-06,Bournemouth v Chelsea,Goal kicks,1ST,2.5,True,0.6425365774183135,0.9,model,1.5803770618915172,True
2025-12-06,Bournemouth v Chelsea,Corner kicks,2ND,2.5,False,0.50491991379332,0.7,model,1.9805121023793333,True
2025-12-06,Bournemouth v Chelsea,Throw-ins,2ND,8.5,True,0.7063436096145892,0.7,model,1.4388761564429586,True
2025-12-06,Bournemouth v Chelsea,Throw-ins,2ND,8.5,True,0.591614982488966,0.7,model,1.7377742650948398,True
2025-12-06,Bournemouth v Chelsea,Yellow cards,2ND,0.5,True,0.8183400434976372,0.8,model,1.2403258911995843,False
2025-12-06,Bournemouth v Chelsea,Yellow cards,2ND,0.5,True,0.6019874072594568,0.8,model,1.7418206893822386,True
2025-12-06,Bournemouth v Chelsea,Free kicks,2ND,5.5,True,0.782950802337773,0.7,model,1.3213513255784974,True
2025-12-06,Leeds United v Liverpool FC,Total shots,ALL,12.5,False,0.5294205917551847,0.7272727272727273,model,1.8888573953738865,False
2025-12-06,Leeds United v Liverpool FC,Total shots,ALL,13.5,False,0.5827003212301276,0.7272727272727273,model,1.7161480156539453,False
2025-12-06,Leeds United v Liverpool FC,Shots on target,ALL,3.5,True,0.6140999977768664,0.7272727272727273,model,1.6555079482793391,True
2025-12-06,Leeds United v Liverpool FC,Corner kicks,ALL,3.5,True,0.5824426710061432,0.8181818181818182,model,1.7297422592032021,True
2025-12-06,Leeds United v Liverpool FC,Fouls,ALL,9.5,True,0.7070776510888572,0.8181818181818182,model,1.4496007965940774,True
2025-12-06,Leeds United v Liverpool FC,Tackles,ALL,16.5,False,0.6539748804662454,0.7272727272727273,model,1.551583736502091,False
2025-12-06,Leeds United v Liverpool FC,Offsides,ALL,0.5,True,0.614247717247414,0.9090909090909091,model,1.6566769784301694,True
2025-12-06,Leeds United v Liverpool FC,Offsides,ALL,0.5,True,0.6454525942397604,0.8181818181818182,model,1.6335059727798538,True
2025-12-06,Leeds United v Liverpool FC,Corner kicks,1ST,1.5,False,0.6693556308903877,0.7272727272727273,model,1.493974135497723,False
2025-12-06,Leeds United v Liverpool FC,Fouls,1ST,4.5,True,0.46856623043716134,0.7142857142857143,model,2.1360043347812634,True
2025-12-06,Leeds United v Liverpool FC,Fouls,1ST,4.5,True,0.6699512854380681,0.8571428571428571,model,1.5438617810740258,True
2025-12-06,Leeds United v Liverpool FC,Offsides,1ST,0.5,True,0.5525720149282349,0.7272727272727273,model,1.8301837633416407,True
2025-12-06,Leeds United v Liverpool FC,Yellow cards,1ST,0.5,True,0.7272727272727273,0.7272727272727273,record,2.302292332439837,True
2025-12-06,Leeds United v Liverpool FC,Goal kicks,1ST,3.5,True,0.7562909499558109,0.7272727272727273,model,1.3640608921071022,True
2025-12-06,Leeds United v Liverpool FC,Goal kicks,1ST,3.5,True,0.7806057166086517,0.9090909090909091,model,1.3161343204713876,True
2025-12-06,Leeds United v Liverpool FC,Shots on target,2ND,1.5,True,0.6213524623551127,0.7272727272727273,model,1.622685326994617,True
2025-12-06,Leeds United v Liverpool FC,Fouls,2ND,5.5,True,0.4684605665060794,0.7142857142857143,model,2.1346513911689566,True
2025-12-06,Leeds United v Liverpool FC,Tackles,2ND,7.5,True,0.6798143947653564,0.8181818181818182,model,1.4838793525116247,False
2025-12-06,Leeds United v Liverpool FC,Throw-ins,2ND,8.5,True,0.8631777649025023,0.7272727272727273,model,1.189792335461857,True
2025-12-06,Leeds United v Liverpool FC,Yellow cards,2ND,0.5,True,0.5275591107228498,0.7272727272727273,model,1.9464154018995645,True
2025-12-07,Brighton & Hove Albion v West Ham United,Total shots,ALL,11.5,True,0.9677275252247662,0.8461538461538461,model,1.040007862037873,True
2025-12-07,Brighton & Hove Albion v West Ham United,Shots on target,ALL,3.5,True,0.893547451914187,1.0,model,1.1308190332997217,True
2025-12-07,Brighton & Hove Albion v West Ham United,Shots on target,ALL,4.5,True,0.8208888335879296,0.7692307692307693,model,1.2330720720828972,False
2025-12-07,Brighton & Hove Albion v West Ham United,Shots on target,ALL,3.5,False,0.7353935995452594,0.7692307692307693,model,1.3713037171990485,False
2025-12-07,Brighton & Hove Albion v West Ham United,Tackles,ALL,16.5,True,0.6381891340303587,0.8461538461538461,model,1.5760160640212595,False
2025-12-07,Brighton & Hove Albion v West Ham United,Tackles,ALL,17.5,True,0.576891087905432,0.7692307692307693,model,1.7392465689755763,False
2025-12-07,Brighton & Hove Albion v West Ham United,Yellow cards,ALL,1.5,True,0.685334804603821,0.7692307692307693,model,1.4822048011271127,True
2025-12-07,Brighton & Hove Albion v West Ham United,Total shots,1ST,4.5,True,0.8634181789169023,0.6923076923076923,model,1.198523131908738,True
2025-12-07,Brighton & Hove Albion v West Ham United,Shots on target,1ST,1.5,True,0.8098275351758365,0.9230769230769231,model,1.2538666501523423,False
2025-12-07,Brighton & Hove Albion v West Ham United,Shots on target,1ST,1.5,False,0.6962938987592503,0.6923076923076923,model,1.439449958489313,True
2025-12-07,Brighton & Hove Albion v West Ham United,Tackles,1ST,7.5,True,0.7587445948132746,0.9230769230769231,model,1.3319634075174624,False
2025-12-07,Brighton & Hove Albion v West Ham United,Tackles,1ST,8.5,True,0.6845635254321757,0.9230769230769231,model,1.4742285371825283,False
2025-12-07,Brighton & Hove Albion v West Ham United,Throw-ins,1ST,8.5,True,0.6045655412436067,0.7692307692307693,model,1.6642418238074954,False
2025-12-07,Brighton & Hove Albion v West Ham United,Free kicks,1ST,3.5,True,0.7409748912882708,0.9230769230769231,model,1.37905301992326,True
2025-12-07,Brighton & Hove Albion v West Ham United,Total shots,2ND,5.5,True,0.9071517281984822,0.7692307692307693,model,1.1366944253271662,True
2025-12-07,Brighton & Hove Albion v West Ham United,Shots on target,2ND,1.5,True,0.8382617469151767,0.7692307692307693,model,1.222860523989534,True
2025-12-07,Brighton & Hove Albion v West Ham United,Corner kicks,2ND,1.5,True,0.6880598928456944,0.7692307692307693,model,1.492153385222288,True
2025-12-07,Brighton & Hove Albion v West Ham United,Fouls,2ND,4.5,True,0.7083687978708857,0.8571428571428571,model,1.4204035407065418,True
2025-12-07,Brighton & Hove Albion v West Ham United,Yellow cards,2ND,0.5,True,0.6494834120326736,0.6923076923076923,model,1.5769266769352848,True
2025-12-07,Brighton & Hove Albion v West Ham United,Yellow cards,2ND,0.5,True,0.8133005592378737,1.0,model,1.247749718099229,True
2025-12-08,Wolverhampton v Manchester United,Corner kicks,ALL,2.5,True,0.7681823866007828,0.7692307692307693,model,1.317267203304084,True
2025-12-08,Wolverhampton v Manchester United,Fouls,ALL,10.5,False,0.6521050774716457,0.7692307692307693,model,1.542328806930443,False
2025-12-08,Wolverhampton v Manchester United,Fouls,ALL,11.5,False,0.7003295790216751,0.8461538461538461,model,1.4446586410391036,False
2025-12-08,Wolverhampton v Manchester United,Offsides,ALL,0.5,True,0.7659178463245047,0.9230769230769231,model,1.3294767842819117,True
2025-12-08,Wolverhampton v Manchester United,Offsides,ALL,1.5,True,0.563895191039919,0.7692307692307693,model,1.7973364055512806,True
2025-12-08,Wolverhampton v Manchester United,Offsides,ALL,0.5,True,0.75696035456108,0.9230769230769231,model,1.3444399456743628,True
2025-12-08,Wolverhampton v Manchester United,Free kicks,ALL,9.5,True,0.841574948732737,0.8461538461538461,model,1.2077634247695985,True
2025-12-08,Wolverhampton v Manchester United,Shots on target,1ST,1.5,True,0.5238361997882629,0.6923076923076923,model,1.9308345057333027,False
2025-12-08,Wolverhampton v Manchester United,Shots on target,1ST,1.5,True,0.744908470535368,0.6923076923076923,model,1.3685711522277844,True
2025-12-08,Wolverhampton v Manchester United,Corner kicks,1ST,1.5,True,0.6891361605408095,0.7692307692307693,model,1.4678815385373,True
2025-12-08,Wolverhampton v Manchester United,Offsides,1ST,0.5,True,0.6261523636122224,0.6923076923076923,model,1.6285516713751311,True
2025-12-08,Wolverhampton v Manchester United,Throw-ins,1ST,8.5,True,0.7432069820438422,0.6923076923076923,model,1.3627202968059813,True
2025-12-08,Wolverhampton v Manchester United,Throw-ins,1ST,9.5,True,0.6796656874934559,0.6923076923076923,model,1.487637736206759,True
2025-12-08,Wolverhampton v Manchester United,Yellow cards,1ST,0.5,False,0.6789559535619736,0.75,model,1.4728495931934151,False
2025-12-08,Wolverhampton v Manchester United,Offsides,2ND,0.5,True,0.7047765512783574,0.8461538461538461,model,1.43948767154133,True
2025-12-08,Wolverhampton v Manchester United,Free kicks,2ND,4.5,True,0.8092396045225978,0.8461538461538461,model,1.25862565678895,True
2025-12-08,Wolverhampton v Manchester United,Goal kicks,2ND,2.5,True,0.6480069129067537,0.7692307692307693,model,1.5742424106288946,True
2025-12-13,Liverpool FC v Brighton & Hove Albion,Corner kicks,ALL,3.5,True,0.6534800549116472,0.7272727272727273,model,1.5571737923433868,False
2025-12-13,Liverpool FC v Brighton & Hove Albion,Throw-ins,ALL,15.5,True,0.7323376664445941,0.9090909090909091,model,1.4226469707866536,False
2025-12-13,Liverpool FC v Brighton & Hove Albion,Shots on target,1ST,1.5,True,0.5898062496453617,0.8181818181818182,model,1.6954720310293072,True
2025-12-13,Liverpool FC v Brighton & Hove Albion,Fouls,1ST,5.5,False,0.8344224975924823,0.7142857142857143,model,1.2125043130279651,True
2025-12-13,Liverpool FC v Brighton & Hove Albion,Fouls,1ST,5.5,False,0.5613627412933805,0.7142857142857143,model,1.7813793585516535,False
2025-12-13,Liverpool FC v Brighton & Hove Albion,Throw-ins,1ST,7.5,True,0.6983275919070365,0.8181818181818182,model,1.4804217142937692,False
2025-12-13,Liverpool FC v Brighton & Hove Albion,Throw-ins,1ST,7.5,True,0.6032194265075829,0.7272727272727273,model,1.681262196973337,False
2025-12-13,Liverpool FC v Brighton & Hove Albion,Corner kicks,2ND,1.5,True,0.806923497988568,0.8181818181818182,model,1.2673205018207074,True
2025-12-13,Liverpool FC v Brighton & Hove Albion,Tackles,2ND,8.5,True,0.6317415437526165,0.7272727272727273,model,1.6042760870544508,False
2025-12-13,Liverpool FC v Brighton & Hove Albion,Yellow cards,2ND,0.5,True,0.7093616238209975,0.8181818181818182,model,1.4580975134410712,True
2025-12-13,Liverpool FC v Brighton & Hove Albion,Yellow cards,2ND,0.5,True,0.6972439982068023,0.7272727272727273,model,1.471686605197917,True
2025-12-13,Chelsea v Everton,Total shots,ALL,11.5,True,0.8253551773736706,0.7,model,1.2766921830153413,True
2025-12-13,Chelsea v Everton,Total shots,ALL,10.5,False,0.7557914700679257,0.9,model,1.3429650870634364,False
2025-12-13,Chelsea v Everton,Total shots,ALL,11.5,False,0.8079531320857315,0.9,model,1.2603870595887083,True
2025-12-13,Chelsea v Everton,Corner kicks,ALL,3.5,True,0.6838801878955655,0.7,model,1.526727801650877,True
2025-12-13,Chelsea v Everton,Corner kicks,ALL,3.5,False,0.6924138397938606,0.8,model,1.4520640029564396,False
2025-12-13,Chelsea v Everton,Tackles,ALL,15.5,False,0.6078787332422126,0.8,model,1.6542531712557267,True
2025-12-13,Chelsea v Everton,Yellow cards,ALL,1.5,True,0.7564307702289768,0.7,model,1.360676730174863,False
2025-12-13,Chelsea v Everton,Free kicks,ALL,13.5,False,0.6038074764075698,0.7,model,1.656397557301726,True
2025-12-13,Chelsea v Everton,Free kicks,ALL,12.5,False,0.49110586344499485,0.7,model,2.0362208526390413,False
2025-12-13,Chelsea v Everton,Free kicks,ALL,13.5,False,0.5529732980545076,0.7,model,1.8084055839915587,True
2025-12-13,Chelsea v Everton,Goal kicks,ALL,5.5,True,0.708417844604271,0.8,model,1.4454557813610014,True
2025-12-13,Chelsea v Everton,Goal kicks,ALL,6.5,True,0.6460033573438567,0.8,model,1.5795292682625517,True
2025-12-13,Chelsea v Everton,Total shots,1ST,4.5,True,0.8276299190991382,0.8,model,1.2712516312337003,True
2025-12-13,Chelsea v Everton,Total shots,1ST,5.5,True,0.7556955029217014,0.7,model,1.39072301227168,True
2025-12-13,Chelsea v Everton,Shots on target,1ST,0.5,True,0.8232506996145286,0.9,model,1.2519566990489643,True
2025-12-13,Chelsea v Everton,Shots on target,1ST,0.5,True,0.6357304167270665,0.7,model,1.612083271104873,True
2025-12-13,Chelsea v Everton,Goal kicks,1ST,2.5,True,0.6795869492080204,0.9,model,1.4950505046633586,True
2025-12-13,Chelsea v Everton,Goal kicks,1ST,3.5,True,0.5677262011601331,0.8,model,1.7797125659010906,True
2025-12-13,Chelsea v Everton,Total shots,2ND,6.5,True,0.7419963587826732,0.7,model,1.372271909864104,True
2025-12-13,Chelsea v Everton,Total shots,2ND,7.5,True,0.6626791487953643,0.7,model,1.5317686450322376,True
2025-12-13,Chelsea v Everton,Total shots,2ND,6.5,False,0.8296467103927785,0.8,model,1.2253652107031052,True
2025-12-13,Chelsea v Everton,Shots on target,2ND,1.5,True,0.8008627443784112,0.8,model,1.2715089082711724,False
2025-12-13,Chelsea v Everton,Shots on target,2ND,1.5,False,0.7225214641607496,0.8,model,1.387939388432331,True
2025-12-13,Chelsea v Everton,Yellow cards,2ND,1.5,False,0.6994869738385731,0.8,model,1.4342576101757092,True
2025-12-13,Chelsea v Everton,Free kicks,2ND,5.5,True,0.7326279456605415,0.8,model,1.3687173519811748,True
2025-12-13,Chelsea v Everton,Free kicks,2ND,5.5,True,0.7273858508533441,0.7,model,1.3995220745940646,True
2025-12-13,Chelsea v Everton,Goal kicks,2ND,2.5,True,0.7216809923529243,0.9,model,1.418408352305054,True
2025-12-13,Burnley v Fulham,Shots on target,ALL,2.5,True,0.7798222734447784,0.8571428571428571,model,1.2938602141199191,True
2025-12-13,Burnley v Fulham,Offsides,ALL,0.5,True,0.8523728097725715,0.9285714285714286,model,1.1966028049425828,False
2025-12-13,Burnley v Fulham,Throw-ins,ALL,17.5,True,0.7403153942948251,0.9285714285714286,model,1.3582156121824727,True
2025-12-13,Burnley v Fulham,Throw-ins,ALL,18.5,True,0.6844394390464158,0.7857142857142857,model,1.4679809349342114,True
2025-12-13,Burnley v Fulham,Total shots,1ST,3.5,True,0.8159078418785427,0.7142857142857143,model,1.2540632383768422,False
2025-12-13,Burnley v Fulham,Total shots,1ST,4.5,True,0.7309613497351567,0.7142857142857143,model,1.3988498797863995,False
2025-12-13,Burnley v Fulham,Shots on target,1ST,0.5,True,0.8035269635577521,0.9285714285714286,model,1.2679267450339053,True
2025-12-13,Burnley v Fulham,Throw-ins,1ST,8.5,True,0.5881106814011529,0.7142857142857143,model,1.7230541468294553,False
2025-12-13,Burnley v Fulham,Total shots,2ND,3.5,True,0.8351485870566004,0.7857142857142857,model,1.2332720577272813,False
2025-12-13,Burnley v Fulham,Shots on target,2ND,1.5,True,0.6900844601176154,0.7142857142857143,model,1.4655387511978044,False
2025-12-13,Burnley v Fulham,Corner kicks,2ND,1.5,True,0.7610129639559218,0.7142857142857143,model,1.3493523952914164,False
2025-12-13,Burnley v Fulham,Throw-ins,2ND,9.5,True,0.699887623043561,0.7142857142857143,model,1.4425072364485305,True
2025-12-13,Burnley v Fulham,Yellow cards,2ND,0.5,True,0.7309537488628342,0.8461538461538461,model,1.3839137064189893,True
2025-12-14,Crystal Palace v Manchester City,Total shots,ALL,12.5,False,0.8333333333333334,0.8333333333333334,record,2.2910002730123473,False
2025-12-14,Crystal Palace v Manchester City,Total shots,ALL,13.5,False,0.8333333333333334,0.8333333333333334,record,2.2910002730123473,False
2025-12-14,Crystal Palace v Manchester City,Corner kicks,ALL,5.5,False,0.6666666666666666,0.6666666666666666,record,3.3334631012569553,True
2025-12-14,Crystal Palace v Manchester City,Fouls,ALL,8.5,True,0.6666666666666666,0.6666666666666666,record,3.3334631012569553,True
2025-12-14,Crystal Palace v Manchester City,Tackles,ALL,13.5,True,0.8333333333333334,0.8333333333333334,record,2.2910002730123473,True
2025-12-14,Crystal Palace v Manchester City,Tackles,ALL,13.5,True,0.8333333333333334,0.8333333333333334,record,2.2910002730123473,True
2025-12-14,Crystal Palace v Manchester City,Offsides,ALL,1.5,True,0.6666666666666666,0.6666666666666666,record,3.3334631012569553,True
2025-12-14,Crystal Palace v Manchester City,Yellow cards,ALL,1.5,False,0.8333333333333334,0.8333333333333334,record,2.2910002730123473,False
2025-12-14,Crystal Palace v Manchester City,Yellow cards,ALL,1.5,True,0.8333333333333334,0.8333333333333334,record,2.2910002730123473,False
2025-12-14,Crystal Palace v Manchester City,Yellow cards,ALL,2.5,True,0.6666666666666666,0.6666666666666666,record,3.3334631012569553,False
2025-12-14,Crystal Palace v Manchester City,Free kicks,ALL,10.5,False,0.6666666666666666,0.6666666666666666,record,3.3334631012569553,True
2025-12-14,Crystal Palace v Manchester City,Goal kicks,ALL,5.5,True,0.8333333333333334,0.8333333333333334,record,2.2910002730123473,False
2025-12-14,Crystal Palace v Manchester City,Goal kicks,ALL,6.5,True,0.8333333333333334,0.8333333333333334,record,2.2910002730123473,False
2025-12-14,Crystal Palace v Manchester City,Goal kicks,ALL,5.5,True,0.6666666666666666,0.6666666666666666,record,3.3334631012569553,True
2025-12-14,Crystal Palace v Manchester City,Total shots,1ST,5.5,False,0.6666666666666666,0.6666666666666666,record,3.3334631012569553,False
2025-12-14,Crystal Palace v Manchester City,Shots on target,1ST,1.5,True,0.6666666666666666,0.6666666666666666,record,3.3334631012569553,True
2025-12-14,Crystal Palace v Manchester City,Shots on target,1ST,1.5,True,0.6666666666666666,0.6666666666666666,record,3.3334631012569553,True
2025-12-14,Crystal Palace v Manchester City,Corner kicks,1ST,2.5,True,0.6666666666666666,0.6666666666666666,record,3.3334631012569553,False
2025-12-14,Crystal Palace v Manchester City,Fouls,1ST,4.5,True,0.6666666666666666,0.6666666666666666,record,3.3334631012569553,False
2025-12-14,Crystal Palace v Manchester City,Tackles,1ST,6.5,True,0.8333333333333334,0.8333333333333334,record,2.2910002730123473,True
2025-12-14,Crystal Palace v Manchester City,Tackles,1ST,7.5,True,0.6666666666666666,0.6666666666666666,record,3.3334631012569553,True
2025-12-14,Crystal Palace v Manchester City,Tackles,1ST,6.5,True,0.8333333333333334,0.8333333333333334,record,2.2910002730123473,False
2025-12-14,Crystal Palace v Manchester City,Tackles,1ST,7.5,True,0.8333333333333334,0.8333333333333334,record,2.2910002730123473,False
2025-12-14,Crystal Palace v Manchester City,Yellow cards,1ST,0.5,False,1.0,1.0,record,1.6402666666666668,True
2025-12-14,Crystal Palace v Manchester City,Free kicks,1ST,4.5,True,0.6666666666666666,0.6666666666666666,record,3.3334631012569553,False
2025-12-14,Crystal Palace v Manchester City,Goal kicks,1ST,1.5,True,1.0,1.0,record,1.6402666666666668,True
2025-12-14,Crystal Palace v Manchester City,Goal kicks,1ST,1.5,True,1.0,1.0,record,1.6402666666666668,True
2025-12-14,Crystal Palace v Manchester City,Total shots,2ND,5.5,False,0.8333333333333334,0.8333333333333334,record,2.2910002730123473,False
2025-12-14,Crystal Palace v Manchester City,Shots on target,2ND,1.5,True,0.6666666666666666,0.6666666666666666,record,3.3334631012569553,True
2025-12-14,Crystal Palace v Manchester City,Corner kicks,2ND,1.5,True,0.8333333333333334,0.8333333333333334,record,2.2910002730123473,True
2025-12-14,Crystal Palace v Manchester City,Corner kicks,2ND,1.5,True,0.6666666666666666,0.6666666666666666,record,3.3334631012569553,False
2025-12-14,Crystal Palace v Manchester City,Fouls,2ND,3.5,True,1.0,1.0,record,1.6402666666666668,True
2025-12-14,Crystal Palace v Manchester City,Fouls,2ND,3.5,True,0.8333333333333334,0.8333333333333334,record,2.2910002730123473,True
2025-12-14,Crystal Palace v Manchester City,Fouls,2ND,4.5,True,0.6666666666666666,0.6666666666666666,record,3.3334631012569553,True
2025-12-14,Crystal Palace v Manchester City,Offsides,2ND,0.5,True,0.8333333333333334,0.8333333333333334,record,2.2910002730123473,False
2025-12-14,Crystal Palace v Manchester City,Throw-ins,2ND,7.5,True,0.8333333333333334,0.8333333333333334,record,2.2910002730123473,False
2025-12-14,Crystal Palace v Manchester City,Yellow cards,2ND,0.5,True,0.6666666666666666,0.6666666666666666,record,3.3334631012569553,True
2025-12-14,Crystal Palace v Manchester City,Yellow cards,2ND,0.5,True,1.0,1.0,record,1.6402666666666668,False
2025-12-14,Crystal Palace v Manchester City,Yellow cards,2ND,1.5,True,0.6666666666666666,0.6666666666666666,record,3.3334631012569553,False
2025-12-14,Crystal Palace v Manchester City,Free kicks,2ND,5.5,False,0.6666666666666666,0.6666666666666666,record,3.3334631012569553,True
2025-12-14,Crystal Palace v Manchester City,Goal kicks,2ND,2.5,True,0.8333333333333334,0.8333333333333334,record,2.2910002730123473,True
2025-12-14,Crystal Palace v Manchester City,Goal kicks,2ND,3.5,True,0.8333333333333334,0.8333333333333334,record,2.2910002730123473,False
2025-12-14,Sunderland v Newcastle United,Total shots,ALL,9.5,True,0.7263986739430737,0.8,model,1.4065594053764416,False
2025-12-14,Sunderland v Newcastle United,Total shots,ALL,9.5,True,0.7866612083150141,0.7,model,1.375264369928438,False
2025-12-14,Sunderland v Newcastle United,Total shots,ALL,10.5,True,0.7357999055380062,0.7,model,1.4622602572293197,False
2025-12-14,Sunderland v Newcastle United,Tackles,ALL,14.5,False,0.7487995750167191,0.7,model,1.3825004978674291,True
2025-12-14,Sunderland v Newcastle United,Tackles,ALL,15.5,False,0.7947404816836884,0.8,model,1.311771297999975,True
2025-12-14,Sunderland v Newcastle United,Throw-ins,ALL,16.5,True,0.5279919677537448,0.7,model,1.8965959944788693,True
2025-12-14,Sunderland v Newcastle United,Throw-ins,ALL,16.5,True,0.5811560590804434,0.8,model,1.758753010138357,True
2025-12-14,Sunderland v Newcastle United,Throw-ins,ALL,17.5,True,0.5315672992622757,0.8,model,1.898102531152861,True
2025-12-14,Sunderland v Newcastle United,Free kicks,ALL,9.5,True,0.5573700759665315,0.8,model,1.79823208215098,True
2025-12-14,Sunderland v Newcastle United,Total shots,1ST,3.5,True,0.8028149781008753,0.9,model,1.266004189603846,False
2025-12-14,Sunderland v Newcastle United,Tackles,1ST,7.5,True,0.5845859761786447,0.7,model,1.7290787236995417,False
2025-12-14,Sunderland v Newcastle United,Throw-ins,1ST,8.5,True,0.6401659166538418,0.8,model,1.5769500977624942,True
2025-12-14,Sunderland v Newcastle United,Total shots,2ND,5.5,True,0.7641258140635482,0.7,model,1.3677463419984828,False
2025-12-14,Sunderland v Newcastle United,Shots on target,2ND,1.5,True,0.6860596915743847,0.8,model,1.4910100082999453,False
2025-12-14,Sunderland v Newcastle United,Corner kicks,2ND,1.5,True,0.6792830271321991,0.8,model,1.5064409871842446,False
2025-12-14,Sunderland v Newcastle United,Tackles,2ND,7.5,True,0.707010007800096,0.8,model,1.447245350660663,False
2025-12-14,Sunderland v Newcastle United,Tackles,2ND,7.5,False,0.8722483560136148,0.8,model,1.155254913422919,True
2025-12-14,Nottingham Forest v Tottenham Hotspur,Total shots,ALL,9.5,True,0.7764081831766033,1.0,model,1.3080304781099592,True
2025-12-14,Nottingham Forest v Tottenham Hotspur,Total shots,ALL,10.5,True,0.7141576837932895,1.0,model,1.420109761568217,True
2025-12-14,Nottingham Forest v Tottenham Hotspur,Shots on target,ALL,2.5,True,0.6732898547190211,0.875,model,1.5293234171117382,True
2025-12-14,Nottingham Forest v Tottenham Hotspur,Free kicks,ALL,9.5,True,0.7284216840252037,0.75,model,1.4087477253668326,True
2025-12-14,Nottingham Forest v Tottenham Hotspur,Total shots,1ST,3.5,True,0.7610317661476056,0.875,model,1.3279135363352976,True
2025-12-14,Nottingham Forest v Tottenham Hotspur,Total shots,1ST,3.5,True,0.4995408917393848,0.75,model,2.0202492169566626,False
2025-12-14,Nottingham Forest v Tottenham Hotspur,Shots on target,1ST,0.5,True,0.6733788176486469,0.875,model,1.5541900305552925,True
2025-12-14,Nottingham Forest v Tottenham Hotspur,Tackles,1ST,9.5,True,0.8962067732098067,0.875,model,1.2112247470970632,False
2025-12-14,Nottingham Forest v Tottenham Hotspur,Offsides,1ST,0.5,False,0.6752394453001109,0.75,model,1.4809561363162795,False
2025-12-14,Nottingham Forest v Tottenham Hotspur,Free kicks,1ST,3.5,True,0.754223173013938,0.875,model,1.32586750948518,True
2025-12-14,Nottingham Forest v Tottenham Hotspur,Goal kicks,1ST,2.5,True,0.7164474362638668,0.875,model,1.4263296964125807,True
2025-12-14,Nottingham Forest v Tottenham Hotspur,Goal kicks,1ST,3.5,True,0.6080237073774144,0.875,model,1.6718238812682793,True
2025-12-14,Nottingham Forest v Tottenham Hotspur,Total shots,2ND,4.5,True,0.7369699168369616,0.875,model,1.4251687854917126,True
2025-12-14,Nottingham Forest v Tottenham Hotspur,Total shots,2ND,5.5,True,0.6580405250762358,0.875,model,1.5836546644804157,True
2025-12-14,Nottingham Forest v Tottenham Hotspur,Shots on target,2ND,1.5,True,0.7022535811677248,0.875,model,1.4239870423119452,True
2025-12-14,Nottingham Forest v Tottenham Hotspur,Corner kicks,2ND,1.5,True,0.8837606481945073,0.875,model,1.1877689364479513,True
2025-12-14,Nottingham Forest v Tottenham Hotspur,Fouls,2ND,4.5,True,0.6967499165028278,0.6666666666666666,model,1.4678237149207214,True
2025-12-14,Nottingham Forest v Tottenham Hotspur,Fouls,2ND,5.5,True,0.5988229498066686,0.6666666666666666,model,1.6957288606195648,True
2025-12-14,Nottingham Forest v Tottenham Hotspur,Yellow cards,2ND,0.5,True,0.8304970919806114,0.75,model,1.23416107151643,True
2025-12-14,Nottingham Forest v Tottenham Hotspur,Free kicks,2ND,5.5,True,0.6347051264172862,0.75,model,1.6189964394762004,True
2025-12-14,West Ham United v Aston Villa,Total shots,ALL,11.5,True,0.9144506934335712,0.7777777777777778,model,1.1229012551335205,False
2025-12-14,West Ham United v Aston Villa,Total shots,ALL,12.5,True,0.8801660021040526,0.6666666666666666,model,1.1702294870708179,False
2025-12-14,West Ham United v Aston Villa,Shots on target,ALL,2.5,True,0.6322383476992033,0.7777777777777778,model,1.6354352360545004,True
2025-12-14,West Ham United v Aston Villa,Shots on target,ALL,2.5,True,0.8504572557387321,1.0,model,1.294667449450521,True
2025-12-14,West Ham United v Aston Villa,Fouls,ALL,9.5,True,0.8010515518968437,0.7777777777777778,model,1.2923905153571902,True
2025-12-14,West Ham United v Aston Villa,Fouls,ALL,9.5,True,0.5981003626754055,0.6666666666666666,model,1.7105891540369884,True
2025-12-14,West Ham United v Aston Villa,Free kicks,ALL,11.5,False,0.6212289145602129,0.6666666666666666,model,1.615883140515359,False
2025-12-14,West Ham United v Aston Villa,Goal kicks,ALL,8.5,True,0.5279280218510242,0.6666666666666666,model,1.8980649254751745,False
2025-12-14,West Ham United v Aston Villa,Total shots,1ST,4.5,True,0.9083112749394701,0.8888888888888888,model,1.124910256366902,False
2025-12-14,West Ham United v Aston Villa,Total shots,1ST,5.5,True,0.8527171064203587,0.6666666666666666,model,1.202651746646815,False
2025-12-14,West Ham United v Aston Villa,Shots on target,1ST,0.5,True,0.7392342985581317,0.8888888888888888,model,1.4200902906577446,True
2025-12-14,West Ham United v Aston Villa,Shots on target,1ST,0.5,True,0.8315157546130357,0.8888888888888888,model,1.3243529991792942,False
2025-12-14,West Ham United v Aston Villa,Fouls,1ST,4.5,True,0.7362828059730703,0.875,model,1.3821577305255255,True
2025-12-14,West Ham United v Aston Villa,Tackles,1ST,7.5,True,0.5208960642252669,0.6666666666666666,model,1.9324213660749547,True
2025-12-14,West Ham United v Aston Villa,Throw-ins,1ST,7.5,True,0.6304722290187059,0.8888888888888888,model,1.5891143046253207,False
2025-12-14,West Ham United v Aston Villa,Total shots,2ND,5.5,True,0.8610786201601399,0.7777777777777778,model,1.1906065266287262,True
2025-12-14,West Ham United v Aston Villa,Shots on target,2ND,1.5,True,0.5733284297968115,0.6666666666666666,model,1.7853152023356778,False
2025-12-14,West Ham United v Aston Villa,Shots on target,2ND,1.5,True,0.7918686292957375,0.7777777777777778,model,1.3456353804551036,True
2025-12-14,West Ham United v Aston Villa,Fouls,2ND,4.5,True,0.8097368401012863,0.75,model,1.286724594077612,True
2025-12-14,West Ham United v Aston Villa,Tackles,2ND,7.5,False,0.44923896516051176,0.6666666666666666,model,2.225986785546759,False
2025-12-14,West Ham United v Aston Villa,Offsides,2ND,0.5,True,0.7777777777777778,0.7777777777777778,record,2.209537787857586,True
2025-12-14,West Ham United v Aston Villa,Throw-ins,2ND,7.5,True,0.5210740197744465,0.7777777777777778,model,1.93098743610649,True
2025-12-14,West Ham United v Aston Villa,Yellow cards,2ND,0.5,True,0.8024360563949138,0.8888888888888888,model,1.288110652128361,True
2025-12-14,West Ham United v Aston Villa,Goal kicks,2ND,3.5,True,0.7294978383660392,0.7777777777777778,model,1.4110237066868674,False
2025-12-14,West Ham United v Aston Villa,Goal kicks,2ND,3.5,False,0.6904762987456396,0.6666666666666666,model,1.4595963204484992,False
2025-12-14,Brentford v Leeds United,Shots on target,ALL,3.5,True,0.5867865003801949,0.7142857142857143,model,1.7303315460528421,False
2025-12-14,Brentford v Leeds United,Throw-ins,ALL,15.5,True,0.875087057875507,0.7857142857142857,model,1.1704322799009987,True
2025-12-14,Brentford v Leeds United,Free kicks,ALL,9.5,True,0.6424137730591661,0.7857142857142857,model,1.5815008296684956,False
2025-12-14,Brentford v Leeds United,Goal kicks,ALL,7.5,False,0.688039252674791,0.8571428571428571,model,1.4664366580718813,False
2025-12-14,Brentford v Leeds United,Total shots,1ST,3.5,True,0.6821787232869096,0.7142857142857143,model,1.5018323911404614,False
2025-12-14,Brentford v Leeds United,Shots on target,1ST,0.5,True,0.6870955745964006,0.8571428571428571,model,1.4857942810985287,True
2025-12-14,Brentford v Leeds United,Shots on target,1ST,0.5,True,0.6760616259303017,0.8571428571428571,model,1.5167163586158698,True
2025-12-14,Brentford v Leeds United,Free kicks,1ST,3.5,True,0.7203569783476583,0.7857142857142857,model,1.4080312413845117,True
2025-12-14,Brentford v Leeds United,Free kicks,1ST,4.5,True,0.6226460741196628,0.7142857142857143,model,1.6237159184668866,False
2025-12-14,Brentford v Leeds United,Goal kicks,1ST,3.5,False,0.6438033969811561,0.7857142857142857,model,1.556566570480165,True
2025-12-14,Brentford v Leeds United,Shots on target,2ND,1.5,True,0.7051431261811282,0.7857142857142857,model,1.4505972227902308,False
2025-12-14,Brentford v Leeds United,Shots on target,2ND,2.5,True,0.5742944476593381,0.7142857142857143,model,1.7692301549492984,False
2025-12-14,Brentford v Leeds United,Tackles,2ND,7.5,True,0.5908781133526734,0.7857142857142857,model,1.711259126557223,False
2025-12-14,Brentford v Leeds United,Tackles,2ND,8.5,True,0.5204378181278742,0.7142857142857143,model,1.9297068597407032,False
2025-12-15,Manchester United v Bournemouth,Total shots,ALL,12.5,True,0.7559625113864047,0.7857142857142857,model,1.354138558119229,True
2025-12-15,Manchester United v Bournemouth,Total shots,ALL,13.5,True,0.7118277064228636,0.7142857142857143,model,1.4354712126359104,True
2025-12-15,Manchester United v Bournemouth,Total shots,ALL,12.5,False,0.6666977016147067,0.7857142857142857,model,1.510947118377762,False
2025-12-15,Manchester United v Bournemouth,Shots on target,ALL,4.5,True,0.7658119313564169,0.7857142857142857,model,1.3235844146541333,True
2025-12-15,Manchester United v Bournemouth,Shots on target,ALL,5.5,True,0.673588567831168,0.7857142857142857,model,1.5019101669231296,True
2025-12-15,Manchester United v Bournemouth,Offsides,ALL,1.5,True,0.7427919707500267,0.9285714285714286,model,1.3656771473690412,False
2025-12-15,Manchester United v Bournemouth,Throw-ins,ALL,19.5,False,0.5056500697804,0.7142857142857143,model,1.977652253532354,False
2025-12-15,Manchester United v Bournemouth,Yellow cards,ALL,1.5,True,0.8483122163478805,0.9285714285714286,model,1.1983549730745657,True
2025-12-15,Manchester United v Bournemouth,Total shots,1ST,5.5,True,0.7598413381926357,0.8571428571428571,model,1.3331466798431297,True
2025-12-15,Manchester United v Bournemouth,Total shots,1ST,6.5,True,0.6808998378002067,0.7857142857142857,model,1.4852527421137642,True
2025-12-15,Manchester United v Bournemouth,Shots on target,1ST,1.5,True,0.8355581029132889,0.9285714285714286,model,1.2111665816391826,True
2025-12-15,Manchester United v Bournemouth,Shots on target,1ST,2.5,True,0.7090941821774441,0.7857142857142857,model,1.4275768512349896,True
2025-12-15,Manchester United v Bournemouth,Corner kicks,1ST,1.5,True,0.6556533831379227,0.7857142857142857,model,1.5552749919919808,True
2025-12-15,Manchester United v Bournemouth,Offsides,1ST,0.5,True,0.7304918782124673,0.7857142857142857,model,1.3908699323364122,True
2025-12-15,Manchester United v Bournemouth,Yellow cards,1ST,0.5,True,0.6417848887695399,0.7857142857142857,model,1.5581544805725278,True
2025-12-15,Manchester United v Bournemouth,Shots on target,2ND,1.5,True,0.7306790760072529,0.7857142857142857,model,1.4032010729019277,True
2025-12-15,Manchester United v Bournemouth,Fouls,2ND,5.5,False,0.6320123851153231,0.75,model,1.5866239584872806,False
2025-12-15,Manchester United v Bournemouth,Fouls,2ND,5.5,True,0.7707162105481895,0.875,model,1.313050931356888,False
2025-12-15,Manchester United v Bournemouth,Yellow cards,2ND,0.5,True,0.8535899098367955,0.8571428571428571,model,1.2001482238569088,True
2025-12-15,Manchester United v Bournemouth,Free kicks,2ND,5.5,True,0.6740089123818097,0.8571428571428571,model,1.5202340278074062,False
2025-12-15,Manchester United v Bournemouth,Goal kicks,2ND,3.5,True,0.809459685749143,0.7857142857142857,model,1.2650387969464219,True
2025-12-20,Newcastle United v Chelsea,Tackles,ALL,14.5,True,0.5493748268591121,0.875,model,1.8248371545003121,False
2025-12-20,Newcastle United v Chelsea,Offsides,ALL,0.5,True,0.6794397959212557,0.75,model,1.5055883904999265,True
2025-12-20,Newcastle United v Chelsea,Offsides,ALL,0.5,True,0.7345383739467058,0.875,model,1.440711546779383,False
2025-12-20,Newcastle United v Chelsea,Throw-ins,ALL,13.5,True,0.5611048308224165,0.75,model,1.8056385955984648,True
2025-12-20,Newcastle United v Chelsea,Throw-ins,ALL,14.5,True,0.5086787531657084,0.75,model,1.9711868341259384,False
2025-12-20,Newcastle United v Chelsea,Yellow cards,ALL,0.5,True,0.8386221310767142,1.0,model,1.2093049063609513,True
2025-12-20,Newcastle United v Chelsea,Yellow cards,ALL,1.5,True,0.6722366226664381,0.875,model,1.5099613858413152,True
2025-12-20,Newcastle United v Chelsea,Goal kicks,ALL,5.5,True,0.7217755842035343,0.875,model,1.41410300684318,True
2025-12-20,Newcastle United v Chelsea,Shots on target,1ST,2.5,False,0.7439117014926775,0.875,model,1.3595487772068071,True
2025-12-20,Newcastle United v Chelsea,Corner kicks,1ST,2.5,True,0.5795867034504073,0.75,model,1.736988885675969,True
2025-12-20,Newcastle United v Chelsea,Fouls,1ST,4.5,True,0.7224920492650888,0.75,model,1.4082879355476712,True
2025-12-20,Newcastle United v Chelsea,Tackles,1ST,6.5,True,0.6932625145478506,1.0,model,1.459823650265815,False
2025-12-20,Newcastle United v Chelsea,Tackles,1ST,6.5,True,0.5057923520676152,0.75,model,1.9828738745094276,True
2025-12-20,Newcastle United v Chelsea,Throw-ins,1ST,7.5,True,0.49619753750131756,0.75,model,2.0217591792150458,True
2025-12-20,Newcastle United v Chelsea,Yellow cards,1ST,0.5,True,0.75,0.75,record,2.443375511026396,True
2025-12-20,Newcastle United v Chelsea,Goal kicks,1ST,2.5,True,0.7477061656250432,0.875,model,1.3593271523265857,True
2025-12-20,Newcastle United v Chelsea,Goal kicks,1ST,2.5,True,0.7456120283662031,1.0,model,1.3788684558350675,True
2025-12-20,Newcastle United v Chelsea,Tackles,2ND,5.5,True,0.7901575822946942,0.875,model,1.2707348677652224,False
2025-12-20,Newcastle United v Chelsea,Tackles,2ND,6.5,True,0.7056463217098587,0.875,model,1.422425952454065,False
2025-12-20,Newcastle United v Chelsea,Offsides,2ND,0.5,True,0.6377032393556151,0.75,model,1.6270821076747557,True
2025-12-20,Newcastle United v Chelsea,Offsides,2ND,0.5,True,0.5237904708449523,0.75,model,1.9091603525868857,False
2025-12-20,Newcastle United v Chelsea,Yellow cards,2ND,0.5,True,0.7151916855209893,0.875,model,1.4464673201603033,True
2025-12-20,Manchester City v West Ham United,Total shots,ALL,11.5,True,0.9706440888406872,0.9090909090909091,model,1.0375467333798567,True
2025-12-20,Manchester City v West Ham United,Total shots,ALL,12.5,True,0.9537521602061841,0.8181818181818182,model,1.0582754673434174,True
2025-12-20,Manchester City v West Ham United,Shots on target,ALL,3.5,True,0.906378045511117,1.0,model,1.116772407260289,True
2025-12-20,Manchester City v West Ham United,Shots on target,ALL,4.5,True,0.841615808177147,0.8181818181818182,model,1.2056737085965785,True
2025-12-20,Manchester City v West Ham United,Fouls,ALL,9.5,True,0.7045272730309019,0.8181818181818182,model,1.4430423028893444,True
2025-12-20,Manchester City v West Ham United,Offsides,ALL,1.5,False,0.6637781639613226,0.7,model,1.5065274127611534,True
2025-12-20,Manchester City v West Ham United,Yellow cards,ALL,1.5,True,0.5271849636742189,0.7272727272727273,model,1.9158044500462204,False
2025-12-20,Manchester City v West Ham United,Goal kicks,ALL,6.5,True,0.6737896579851489,0.7272727272727273,model,1.5207662900818129,True
2025-12-20,Manchester City v West Ham United,Total shots,1ST,4.5,True,0.917237763323931,0.8181818181818182,model,1.1328620624571268,True
2025-12-20,Manchester City v West Ham United,Total shots,1ST,5.5,True,0.871343587752367,0.8181818181818182,model,1.1997412638484304,True
2025-12-20,Manchester City v West Ham United,Shots on target,1ST,1.5,True,0.8778452469780784,0.9090909090909091,model,1.1696945545706026,True
2025-12-20,Manchester City v West Ham United,Shots on target,1ST,1.5,False,0.8033195292555935,0.7272727272727273,model,1.2665977317347183,True
2025-12-20,Manchester City v West Ham United,Corner kicks,1ST,1.5,True,0.9090909090909091,0.9090909090909091,record,1.6060764308177646,True
2025-12-20,Manchester City v West Ham United,Fouls,1ST,4.5,True,0.6146900593094587,0.75,model,1.645509895730336,True
2025-12-20,Manchester City v West Ham United,Free kicks,1ST,4.5,True,0.5907093462881347,0.7272727272727273,model,1.7230813158316685,True
2025-12-20,Manchester City v West Ham United,Goal kicks,1ST,2.5,True,0.67833453798947,0.8181818181818182,model,1.4884108189328868,True
2025-12-20,Manchester City v West Ham United,Total shots,2ND,5.5,True,0.8661046714513937,0.8181818181818182,model,1.212551383064845,True
2025-12-20,Manchester City v West Ham United,Shots on target,2ND,1.5,True,0.8032482460855991,0.8181818181818182,model,1.2671233992653002,True
2025-12-20,Manchester City v West Ham United,Fouls,2ND,4.5,True,0.7695985598546721,0.75,model,1.302757000090496,True
2025-12-20,Manchester City v West Ham United,Yellow cards,2ND,0.5,True,0.7455021904354554,0.9090909090909091,model,1.3548050111930525,False
2025-12-20,Manchester City v West Ham United,Free kicks,2ND,4.5,True,0.7111952089727979,0.7272727272727273,model,1.4388112831670976,True
2025-12-20,Manchester City v West Ham United,Goal kicks,2ND,3.5,False,0.7378570645051591,0.8181818181818182,model,1.3552760393649494,False
2025-12-20,Brighton & Hove Albion v Sunderland,Total shots,ALL,11.5,True,0.8606310278493288,0.875,model,1.179904670757848,True
2025-12-20,Brighton & Hove Albion v Sunderland,Shots on target,ALL,3.5,True,0.7303629739531936,0.9375,model,1.3822431116789955,True
2025-12-20,Brighton & Hove Albion v Sunderland,Corner kicks,ALL,3.5,True,0.6828773180495762,0.8125,model,1.490482198519588,False
2025-12-20,Brighton & Hove Albion v Sunderland,Goal kicks,ALL,7.5,True,0.9386678663317338,0.75,model,1.0763451390841168,True
2025-12-20,Brighton & Hove Albion v Sunderland,Total shots,1ST,4.5,True,0.7303167893971013,0.75,model,1.3978398582036828,False
2025-12-20,Brighton & Hove Albion v Sunderland,Offsides,1ST,0.5,True,0.7416392570153694,0.8125,model,1.3645971657953442,False
2025-12-20,Brighton & Hove Albion v Sunderland,Total shots,2ND,5.5,True,0.8519053226761147,0.8125,model,1.2065276597916323,True
2025-12-20,Brighton & Hove Albion v Sunderland,Shots on target,2ND,1.5,True,0.7893235580648288,0.8125,model,1.2803967048288127,True
2025-12-20,Brighton & Hove Albion v Sunderland,Fouls,2ND,3.5,True,0.713167391916152,0.7777777777777778,model,1.40768393436902,True
2025-12-20,Brighton & Hove Albion v Sunderland,Fouls,2ND,3.5,True,0.6754271422547999,0.8888888888888888,model,1.529922575581876,True
2025-12-20,Wolverhampton v Brentford,Total shots,ALL,7.5,True,0.6728868172358424,0.8,model,1.5182641534738508,True
2025-12-20,Wolverhampton v Brentford,Total shots,1ST,2.5,True,0.7782995253876094,0.9333333333333333,model,1.324093076958046,False
2025-12-20,Wolverhampton v Brentford,Total shots,1ST,2.5,True,0.6248478125717186,0.8666666666666667,model,1.6454423751650742,False
2025-12-20,Wolverhampton v Brentford,Shots on target,1ST,0.5,True,0.7377438934772188,0.8666666666666667,model,1.3802566781213346,False
2025-12-20,Wolverhampton v Brentford,Shots on target,1ST,0.5,True,0.674413122796842,0.8666666666666667,model,1.5236734504735314,True
2025-12-20,Wolverhampton v Brentford,Corner kicks,1ST,1.5,True,0.7668731076600315,0.8666666666666667,model,1.3284713119562495,True
2025-12-20,Wolverhampton v Brentford,Offsides,1ST,0.5,True,0.5982072180296798,0.7142857142857143,model,1.671661541118993,False
2025-12-20,Wolverhampton v Brentford,Free kicks,1ST,3.5,True,0.5989553299099509,0.8666666666666667,model,1.685858027484537,True
2025-12-20,Wolverhampton v Brentford,Total shots,2ND,3.5,True,0.65883590798814,0.8666666666666667,model,1.54240448185352,True
2025-12-20,Wolverhampton v Brentford,Total shots,2ND,3.5,True,0.7477110224373902,0.7333333333333333,model,1.354093951486651,True
2025-12-20,Wolverhampton v Brentford,Shots on target,2ND,1.5,True,0.6935167940246026,0.7333333333333333,model,1.466920950034729,True
2025-12-20,Wolverhampton v Brentford,Fouls,2ND,6.5,False,0.6154967744945207,0.8,model,1.627023236855006,False
2025-12-20,Wolverhampton v Brentford,Tackles,2ND,7.5,True,0.6732143382894997,0.8,model,1.5135102179761062,True
2025-12-20,Wolverhampton v Brentford,Offsides,2ND,0.5,True,0.6365893454167458,0.7857142857142857,model,1.5708714058752364,True
2025-12-20,Wolverhampton v Brentford,Goal kicks,2ND,2.5,True,0.6489284642769796,0.9333333333333333,model,1.5611916013846012,True
2025-12-20,Bournemouth v Burnley,Total shots,ALL,10.5,True,0.8214364217945314,0.9375,model,1.2605132559699,True
2025-12-20,Bournemouth v Burnley,Shots on target,ALL,3.5,True,0.8171846883437132,0.875,model,1.2576823861611386,False
2025-12-20,Bournemouth v Burnley,Corner kicks,ALL,3.5,True,0.831405386783735,0.9375,model,1.232502049187562,True
2025-12-20,Bournemouth v Burnley,Tackles,ALL,15.5,True,0.6330510101012361,0.75,model,1.6044024356542996,False
2025-12-20,Bournemouth v Burnley,Goal kicks,ALL,7.5,False,0.788951161878582,0.75,model,1.2807449417036834,True
2025-12-20,Bournemouth v Burnley,Goal kicks,ALL,8.5,False,0.8461984836977632,0.8125,model,1.1963146693717455,True
2025-12-20,Bournemouth v Burnley,Total shots,1ST,4.5,True,0.8355468833672207,0.8125,model,1.231484583533205,True
2025-12-20,Bournemouth v Burnley,Total shots,1ST,5.5,True,0.7722289623132639,0.75,model,1.332834062099146,True
2025-12-20,Bournemouth v Burnley,Shots on target,1ST,1.5,False,0.6349212103848576,0.8125,model,1.5749985724903564,True
2025-12-20,Bournemouth v Burnley,Corner kicks,1ST,1.5,True,0.7446691564162291,0.8125,model,1.3808687327771618,True
2025-12-20,Bournemouth v Burnley,Tackles,1ST,7.5,True,0.6061015023307503,0.75,model,1.6737593373523356,True
2025-12-20,Bournemouth v Burnley,Goal kicks,1ST,3.5,False,0.8544206133542346,0.75,model,1.1822866988251275,True
2025-12-20,Bournemouth v Burnley,Corner kicks,2ND,1.5,True,0.8050402025070662,0.875,model,1.2652647733994193,True
2025-12-20,Bournemouth v Burnley,Fouls,2ND,5.5,True,0.5838191462615129,0.7777777777777778,model,1.7341593767418821,False
2025-12-20,Bournemouth v Burnley,Tackles,2ND,8.5,False,0.612201664166558,0.8125,model,1.6362677844806512,False
2025-12-20,Bournemouth v Burnley,Yellow cards,2ND,0.5,True,0.7445434365670843,0.7333333333333333,model,1.365110950214952,True
2025-12-20,Bournemouth v Burnley,Yellow cards,2ND,0.5,True,0.632374542811854,0.8,model,1.6302541270954645,False
2025-12-20,Tottenham Hotspur v Liverpool FC,Total shots,ALL,9.5,True,0.5512901701854943,0.8181818181818182,model,1.8330428239625733,True
2025-12-20,Tottenham Hotspur v Liverpool FC,Offsides,ALL,1.5,True,0.5400534265088434,0.8181818181818182,model,1.873645451812696,False
2025-12-20,Tottenham Hotspur v Liverpool FC,Yellow cards,ALL,1.5,True,0.7225432152471086,0.9090909090909091,model,1.398189922184699,True
2025-12-20,Tottenham Hotspur v Liverpool FC,Yellow cards,ALL,1.5,True,0.5366196548787538,0.7272727272727273,model,1.891158989558582,True
2025-12-20,Tottenham Hotspur v Liverpool FC,Total shots,2ND,5.5,True,0.5374574390944231,0.7272727272727273,model,1.884376610319142,True
2025-12-20,Tottenham Hotspur v Liverpool FC,Corner kicks,2ND,1.5,True,0.781392381441467,0.8181818181818182,model,1.3128171681900924,True
2025-12-20,Tottenham Hotspur v Liverpool FC,Offsides,2ND,0.5,True,0.7737466750295338,1.0,model,1.3111974586567139,False
2025-12-20,Everton v Arsenal,Shots on target,ALL,2.5,True,0.8413103778995319,0.9090909090909091,model,1.2281934122128644,False
2025-12-20,Everton v Arsenal,Fouls,ALL,9.5,True,0.6406120779956214,0.7272727272727273,model,1.596800246779505,False
2025-12-20,Everton v Arsenal,Fouls,ALL,10.5,True,0.5707973017086142,0.7272727272727273,model,1.7756760860154857,False
2025-12-20,Everton v Arsenal,Offsides,ALL,0.5,True,0.6994083918377012,0.9,model,1.5024988102808425,True
2025-12-20,Everton v Arsenal,Yellow cards,ALL,1.5,True,0.5586372328093808,0.8,model,1.8630348486243578,True
2025-12-20,Everton v Arsenal,Yellow cards,1ST,0.5,True,0.5705633006483034,0.7,model,1.8549731761760786,False
2025-12-20,Everton v Arsenal,Free kicks,1ST,5.5,True,0.5923373821695322,0.7272727272727273,model,1.707204819046039,False
2025-12-20,Everton v Arsenal,Goal kicks,1ST,1.5,True,0.6655141371732918,1.0,model,1.5234077237208516,True
2025-12-20,Everton v Arsenal,Shots on target,2ND,1.5,True,0.4888161467572828,0.7272727272727273,model,2.0592750214449165,False
2025-12-20,Everton v Arsenal,Shots on target,2ND,1.5,True,0.8487477390065129,0.9090909090909091,model,1.220047949773734,False
2025-12-20,Everton v Arsenal,Offsides,2ND,0.5,False,0.7,0.7,record,2.5203313874144593,True
2025-12-20,Everton v Arsenal,Offsides,2ND,0.5,True,0.9,0.9,record,1.6782927191979256,True
2025-12-20,Everton v Arsenal,Goal kicks,2ND,2.5,True,0.8229461860526641,0.8181818181818182,model,1.2378691368234251,True
2025-12-20,Leeds United v Crystal Palace,Total shots,ALL,10.5,True,0.5968805801288769,0.8181818181818182,model,1.6823065114669493,True
2025-12-20,Leeds United v Crystal Palace,Shots on target,ALL,3.5,True,0.5097627093634371,0.7272727272727273,model,1.9667548174646015,True
2025-12-20,Leeds United v Crystal Palace,Goal kicks,ALL,6.5,True,0.559643090939603,0.7272727272727273,model,1.797168134831641,False
2025-12-20,Leeds United v Crystal Palace,Corner kicks,1ST,1.5,True,0.6439750735072465,0.7272727272727273,model,1.5790666823383157,True
2025-12-20,Leeds United v Crystal Palace,Fouls,1ST,4.5,True,0.5433667520817497,0.7142857142857143,model,1.8568304159565165,False
2025-12-20,Leeds United v Crystal Palace,Fouls,1ST,4.5,True,0.8241757643771821,0.8571428571428571,model,1.2340796397194895,True
2025-12-20,Leeds United v Crystal Palace,Offsides,1ST,0.5,False,0.7183391763794219,0.7272727272727273,model,1.3921000453298495,False
2025-12-20,Leeds United v Crystal Palace,Offsides,1ST,0.5,True,0.5881317503919501,0.7272727272727273,model,1.7785191007366414,True
2025-12-20,Leeds United v Crystal Palace,Throw-ins,1ST,7.5,True,0.7595704941797803,0.8181818181818182,model,1.397130670128976,False
2025-12-20,Leeds United v Crystal Palace,Offsides,2ND,0.5,True,0.5563254612932103,0.7272727272727273,model,1.825974969536637,True
2025-12-20,Leeds United v Crystal Palace,Offsides,2ND,0.5,True,0.809745515134744,0.8181818181818182,model,1.2509581818060413,True
2025-12-20,Leeds United v Crystal Palace,Goal kicks,2ND,3.5,True,0.5620202589299308,0.7272727272727273,model,1.7922283575956033,False
2025-12-21,Aston Villa v Manchester United,Corner kicks,ALL,3.5,True,0.6896590095816364,0.75,model,1.4805445879205685,True
2025-12-21,Aston Villa v Manchester United,Goal kicks,ALL,6.5,True,0.5872218955906588,0.75,model,1.7547703755118877,True
2025-12-21,Aston Villa v Manchester United,Fouls,1ST,5.5,True,0.5315553941291168,0.7,model,1.8880893798341805,False
2025-12-21,Aston Villa v Manchester United,Offsides,1ST,0.5,True,0.7088460889503139,0.8333333333333334,model,1.4315503985849842,True
2025-12-21,Aston Villa v Manchester United,Yellow cards,1ST,0.5,False,0.7272727272727273,0.7272727272727273,record,2.302292332439837,True
2025-12-21,Aston Villa v Manchester United,Fouls,2ND,5.5,True,0.7880429944480939,0.8,model,1.3299181048004498,True
2025-12-21,Aston Villa v Manchester United,Yellow cards,2ND,0.5,True,0.7620688894050908,0.8181818181818182,model,1.3346891797879554,True
2025-12-21,Aston Villa v Manchester United,Goal kicks,2ND,2.5,True,0.6694323379842921,0.75,model,1.5228820814280986,False
2025-12-22,Fulham v Nottingham Forest,Total shots,ALL,11.5,False,0.5652860325115634,0.8333333333333334,model,1.769015936157142,False
2025-12-22,Fulham v Nottingham Forest,Corner kicks,ALL,5.5,True,0.5700180154581441,0.75,model,1.7707489997130288,False
2025-12-22,Fulham v Nottingham Forest,Goal kicks,ALL,6.5,True,0.6369271481935606,0.75,model,1.6275374710770112,True
2025-12-22,Fulham v Nottingham Forest,Corner kicks,1ST,1.5,True,0.8079146298111911,0.8333333333333334,model,1.2626107926746193,False
2025-12-22,Fulham v Nottingham Forest,Yellow cards,1ST,0.5,False,0.7498967191074954,0.8,model,1.3335169690969844,False
2025-12-22,Fulham v Nottingham Forest,Yellow cards,1ST,0.5,True,0.5591426113040725,0.7,model,1.8277755504216984,True
2025-12-22,Fulham v Nottingham Forest,Fouls,2ND,4.5,True,0.6577288253197088,0.8,model,1.5642348617501871,False
2025-12-22,Fulham v Nottingham Forest,Tackles,2ND,9.5,False,0.635850757375019,0.8333333333333334,model,1.5785122166703507,False
2025-12-22,Fulham v Nottingham Forest,Tackles,2ND,9.5,False,0.5413465559075097,0.75,model,1.8472455196904445,True
2025-12-22,Fulham v Nottingham Forest,Throw-ins,2ND,9.5,True,0.661799323743793,0.8333333333333334,model,1.5348595032893424,False
2025-12-22,Fulham v Nottingham Forest,Yellow cards,2ND,0.5,True,0.9,0.9,record,1.6782927191979256,True
2025-12-22,Fulham v Nottingham Forest,Goal kicks,2ND,3.5,True,0.7268803263731572,0.75,model,1.414751715883566,False
2025-12-26,Manchester United v Newcastle United,Total shots,ALL,12.5,False,0.6931881485299776,0.75,model,1.4739610863831638,False
2025-12-26,Manchester United v Newcastle United,Total shots,ALL,13.5,False,0.7427104098039596,0.8333333333333334,model,1.3884625736018301,False
2025-12-26,Manchester United v Newcastle United,Shots on target,ALL,4.5,False,0.5607815140775005,0.75,model,1.7832256857557525,True
2025-12-26,Manchester United v Newcastle United,Shots on target,ALL,5.5,False,0.6395615467965932,0.8333333333333334,model,1.5648864127742346,True
2025-12-26,Manchester United v Newcastle United,Tackles,ALL,15.5,True,0.6550822410486831,0.8333333333333334,model,1.5375090278248817,True
2025-12-26,Manchester United v Newcastle United,Yellow cards,ALL,1.5,True,0.7309189515106835,0.9090909090909091,model,1.3915461024337181,False
2025-12-26,Manchester United v Newcastle United,Goal kicks,ALL,5.5,True,0.8826929751491729,0.9166666666666666,model,1.1447784026153687,True
2025-12-26,Manchester United v Newcastle United,Total shots,1ST,6.5,False,0.7077026694659448,0.8333333333333334,model,1.4415974704367405,True
2025-12-26,Manchester United v Newcastle United,Goal kicks,1ST,2.5,True,0.8602774864751105,0.8333333333333334,model,1.1686529473146485,True
2025-12-26,Manchester United v Newcastle United,Total shots,2ND,6.5,False,0.66319154618682,0.8333333333333334,model,1.5172191967399273,False
2025-12-26,Manchester United v Newcastle United,Shots on target,2ND,1.5,True,0.8222627860664666,0.75,model,1.2462614873004563,False
2025-12-26,Manchester United v Newcastle United,Tackles,2ND,7.5,True,0.6414394658661053,0.9166666666666666,model,1.5708911005481194,True
2025-12-26,Manchester United v Newcastle United,Tackles,2ND,8.5,True,0.5634959640890495,0.75,model,1.7822369552733202,True
2025-12-26,Manchester United v Newcastle United,Yellow cards,2ND,0.5,True,0.7594100524123206,0.9090909090909091,model,1.3380832998219157,True
2025-12-26,Manchester United v Newcastle United,Yellow cards,2ND,0.5,True,0.8513277120799655,0.9090909090909091,model,1.2134204327980702,True
2025-12-26,Manchester United v Newcastle United,Goal kicks,2ND,2.5,True,0.7568326099979797,0.75,model,1.3385461450827998,True
2025-12-27,Nottingham Forest v Manchester City,Tackles,ALL,15.5,True,0.8620831413220568,1.0,model,1.2079939675005564,False
2025-12-27,Nottingham Forest v Manchester City,Tackles,ALL,16.5,True,0.8257825159928803,1.0,model,1.2621006640186214,False
2025-12-27,Nottingham Forest v Manchester City,Offsides,ALL,1.5,True,0.7651784605206401,0.75,model,1.355855389286172,False
2025-12-27,Nottingham Forest v Manchester City,Throw-ins,ALL,17.5,False,0.6506183775150783,0.75,model,1.551490207072511,True
2025-12-27,Nottingham Forest v Manchester City,Yellow cards,ALL,1.5,False,0.6766305333720605,0.75,model,1.477911431245045,True
2025-12-27,Nottingham Forest v Manchester City,Fouls,1ST,5.5,False,0.6695723922359925,0.75,model,1.5068834553664825,False
2025-12-27,Nottingham Forest v Manchester City,Offsides,1ST,0.5,True,0.6713557436270551,0.875,model,1.506488576721721,False
2025-12-27,Nottingham Forest v Manchester City,Throw-ins,1ST,8.5,False,0.6894785714443757,0.875,model,1.4739285373605402,True
2025-12-27,Nottingham Forest v Manchester City,Throw-ins,1ST,9.5,False,0.7477945430227073,0.875,model,1.373040748000415,True
2025-12-27,Nottingham Forest v Manchester City,Throw-ins,1ST,9.5,False,0.6197649273623769,0.75,model,1.6201906110565314,True
2025-12-27,Nottingham Forest v Manchester City,Goal kicks,1ST,1.5,True,0.6269780327215696,1.0,model,1.6409960815237596,True
2025-12-27,Nottingham Forest v Manchester City,Goal kicks,1ST,1.5,True,0.6771866833690459,1.0,model,1.49905014195794,True
2025-12-27,Nottingham Forest v Manchester City,Shots on target,2ND,1.5,True,0.7635312006964129,1.0,model,1.3365752675793496,True
2025-12-27,Nottingham Forest v Manchester City,Shots on target,2ND,1.5,True,0.5667538727186008,0.75,model,1.7880680864460574,True
2025-12-27,Nottingham Forest v Manchester City,Fouls,2ND,4.5,True,0.6888616049483001,0.75,model,1.5101314871997873,True
2025-12-27,Nottingham Forest v Manchester City,Tackles,2ND,7.5,True,0.7450521544144665,0.875,model,1.3577019352495758,False
2025-12-27,Nottingham Forest v Manchester City,Tackles,2ND,8.5,True,0.6698735050610157,0.875,model,1.5073168412592892,False
2025-12-27,Nottingham Forest v Manchester City,Yellow cards,2ND,0.5,True,0.707967501428532,0.75,model,1.4685868263777326,True
2025-12-27,Nottingham Forest v Manchester City,Free kicks,2ND,5.5,False,0.7336643711809626,0.75,model,1.3751891949193151,True
2025-12-27,Arsenal v Brighton & Hove Albion,Fouls,ALL,9.5,True,0.6918565698961342,0.8181818181818182,model,1.4592132933427846,True
2025-12-27,Arsenal v Brighton & Hove Albion,Tackles,ALL,18.5,True,0.5058701393448414,0.7272727272727273,model,2.0092242753510097,False
2025-12-27,Arsenal v Brighton & Hove Albion,Throw-ins,ALL,15.5,True,0.6088878559648454,0.8181818181818182,model,1.648212332943678,True
2025-12-27,Arsenal v Brighton & Hove Albion,Yellow cards,ALL,1.5,True,0.6522975687235054,0.8181818181818182,model,1.546610263313363,True
2025-12-27,Arsenal v Brighton & Hove Albion,Free kicks,ALL,9.5,True,0.6708033620057757,0.7272727272727273,model,1.5292751596942848,True
2025-12-27,Arsenal v Brighton & Hove Albion,Goal kicks,ALL,5.5,True,0.9328700883446608,0.8181818181818182,model,1.0879663412846043,True
2025-12-27,Arsenal v Brighton & Hove Albion,Shots on target,1ST,1.5,True,0.6210087573654961,0.7272727272727273,model,1.7244029052321534,True
2025-12-27,Arsenal v Brighton & Hove Albion,Fouls,1ST,5.5,False,0.7945665014575053,0.7142857142857143,model,1.2868470034569084,True
2025-12-27,Arsenal v Brighton & Hove Albion,Throw-ins,1ST,7.5,True,0.6542675359877296,0.7272727272727273,model,1.5939712743959125,True
2025-12-27,Arsenal v Brighton & Hove Albion,Goal kicks,1ST,2.5,True,0.8846759207659151,0.9090909090909091,model,1.1572061179082629,True
2025-12-27,Arsenal v Brighton & Hove Albion,Fouls,2ND,3.5,True,0.5978485125184858,0.8571428571428571,model,1.6919707232024128,True
2025-12-27,Arsenal v Brighton & Hove Albion,Fouls,2ND,4.5,True,0.4807059824333501,0.7142857142857143,model,2.0821310266496273,False
2025-12-27,Arsenal v Brighton & Hove Albion,Tackles,2ND,9.5,True,0.5497060307105243,0.7272727272727273,model,1.8582828589736047,True
2025-12-27,Arsenal v Brighton & Hove Albion,Yellow cards,2ND,0.5,True,0.5979669786781965,0.8181818181818182,model,1.6988043354161022,True
2025-12-27,Arsenal v Brighton & Hove Albion,Free kicks,2ND,5.5,True,0.5032699321200005,0.7272727272727273,model,2.0049728186448137,False
2025-12-27,Arsenal v Brighton & Hove Albion,Goal kicks,2ND,2.5,True,0.657373214242326,0.9090909090909091,model,1.6052333048360197,False
2025-12-27,Brentford v Bournemouth,Total shots,ALL,9.5,True,0.658996177630585,0.75,model,1.539800107376531,True
2025-12-27,Brentford v Bournemouth,Yellow cards,ALL,1.5,True,0.6368848469847633,0.7333333333333333,model,1.5943288991760127,True
2025-12-27,Brentford v Bournemouth,Yellow cards,ALL,1.5,True,0.7592782503242386,1.0,model,1.3346970593513512,True
2025-12-27,Brentford v Bournemouth,Free kicks,ALL,8.5,True,0.7000793068601436,0.875,model,1.4444517343498375,False
2025-12-27,Brentford v Bournemouth,Total shots,1ST,3.5,True,0.71603700719604,0.8125,model,1.4233772554431758,False
2025-12-27,Brentford v Bournemouth,Shots on target,1ST,0.5,True,0.7338218120680288,0.875,model,1.3924237305920037,True
2025-12-27,Brentford v Bournemouth,Shots on target,1ST,0.5,True,0.7822628377435673,1.0,model,1.2943011375190647,True
2025-12-27,Brentford v Bournemouth,Free kicks,2ND,4.5,True,0.7133397703897676,0.8125,model,1.428446252746703,True
2025-12-27,Brentford v Bournemouth,Goal kicks,2ND,3.5,True,0.7588775008127827,0.8125,model,1.3345334486632487,True
2025-12-27,Burnley v Everton,Shots on target,ALL,1.5,True,0.7062835863778402,0.875,model,1.4580162247860462,False
2025-12-27,Burnley v Everton,Offsides,ALL,0.5,True,0.7394891220046477,0.8125,model,1.372544984285247,True
2025-12-27,Burnley v Everton,Throw-ins,ALL,18.5,True,0.6371563658850363,0.8125,model,1.5792700911412518,False
2025-12-27,Burnley v Everton,Shots on target,1ST,0.5,True,0.6848613901109628,0.875,model,1.490494327472284,True
2025-12-27,Burnley v Everton,Shots on target,2ND,0.5,True,0.7638131033465302,0.875,model,1.3418697972351497,False
2025-12-27,Burnley v Everton,Throw-ins,2ND,8.5,True,0.7075646591294514,0.75,model,1.4420128797160032,False
2025-12-27,Liverpool FC v Wolverhampton,Total shots,ALL,8.5,True,0.9764852562064791,0.9166666666666666,model,1.028926340159057,True
2025-12-27,Liverpool FC v Wolverhampton,Total shots,ALL,9.5,True,0.9600913955538668,0.9166666666666666,model,1.0485038074003412,True
2025-12-27,Liverpool FC v Wolverhampton,Tackles,ALL,15.5,False,0.8231436207686065,0.75,model,1.2387570925540086,False
2025-12-27,Liverpool FC v Wolverhampton,Goal kicks,ALL,6.5,True,0.7101726952267975,0.8333333333333334,model,1.4438111473870836,True
2025-12-27,Liverpool FC v Wolverhampton,Total shots,1ST,3.5,True,0.9207350512202253,1.0,model,1.098799471158984,True
2025-12-27,Liverpool FC v Wolverhampton,Total shots,1ST,4.5,True,0.8639998643826993,0.9166666666666666,model,1.1743403763189177,True
2025-12-27,Liverpool FC v Wolverhampton,Corner kicks,1ST,0.5,True,0.876435279745517,1.0,model,1.2047494178277096,True
2025-12-27,Liverpool FC v Wolverhampton,Fouls,1ST,5.5,False,0.6955361323714818,0.8,model,1.4531592121916221,True
2025-12-27,Liverpool FC v Wolverhampton,Tackles,1ST,7.5,False,0.9159976241332626,0.75,model,1.1037815780264624,False
2025-12-27,Liverpool FC v Wolverhampton,Free kicks,1ST,5.5,False,0.694628666072602,0.75,model,1.4486592358973982,True
2025-12-27,Liverpool FC v Wolverhampton,Total shots,2ND,4.5,True,0.8752455928448927,0.8333333333333334,model,1.1870429581037312,True
2025-12-27,Liverpool FC v Wolverhampton,Total shots,2ND,5.5,True,0.8223965006287947,0.75,model,1.266617519236115,True
2025-12-27,Liverpool FC v Wolverhampton,Corner kicks,2ND,0.5,True,0.7911258417279009,0.8333333333333334,model,1.3335374118503063,True
2025-12-27,Liverpool FC v Wolverhampton,Offsides,2ND,0.5,True,0.7836140981023222,0.7272727272727273,model,1.3486557686053802,False
2025-12-27,Liverpool FC v Wolverhampton,Goal kicks,2ND,2.5,True,0.6283623366711077,0.9166666666666666,model,1.615491726521795,True
2025-12-27,West Ham United v Fulham,Shots on target,ALL,2.5,True,0.603576522532945,0.8,model,1.6960938693227694,False
2025-12-27,West Ham United v Fulham,Shots on target,ALL,2.5,True,0.7878878170604711,0.9333333333333333,model,1.2857790136249272,True
2025-12-27,West Ham United v Fulham,Shots on target,1ST,0.5,True,0.6900242841770822,0.8666666666666667,model,1.4920268312400844,True
2025-12-27,West Ham United v Fulham,Shots on target,1ST,0.5,True,0.7972734548898335,0.8666666666666667,model,1.2739624914755685,True
2025-12-27,West Ham United v Fulham,Corner kicks,1ST,1.5,True,0.6638471066445039,0.8666666666666667,model,1.5392564066441503,True
2025-12-27,West Ham United v Fulham,Fouls,1ST,4.5,True,0.6231877349648164,0.8181818181818182,model,1.6161962639800567,True
2025-12-27,West Ham United v Fulham,Fouls,1ST,4.5,True,0.7219553860605651,0.7272727272727273,model,1.4151819513912287,False
2025-12-27,West Ham United v Fulham,Tackles,1ST,7.5,True,0.6079013004270245,0.8,model,1.6528275633922844,False
2025-12-27,West Ham United v Fulham,Yellow cards,2ND,0.5,True,0.6853965520351494,0.8,model,1.4766269290260556,True
2025-12-27,Chelsea v Aston Villa,Total shots,ALL,13.5,True,0.7632903860446308,0.75,model,1.3434349533314862,True
2025-12-27,Chelsea v Aston Villa,Shots on target,ALL,3.5,True,0.8050513239182645,0.875,model,1.270274454479996,False
2025-12-27,Chelsea v Aston Villa,Fouls,ALL,11.5,True,0.8638991254157635,0.875,model,1.1675255988733677,True
2025-12-27,Chelsea v Aston Villa,Yellow cards,ALL,0.5,True,0.7631683082969847,0.875,model,1.3239477325389877,True
2025-12-27,Chelsea v Aston Villa,Free kicks,ALL,13.5,False,0.5567769740636314,0.75,model,1.7960512854932016,True
2025-12-27,Chelsea v Aston Villa,Shots on target,1ST,1.5,True,0.7768390080705475,0.875,model,1.3232228945671556,True
2025-12-27,Chelsea v Aston Villa,Shots on target,1ST,2.5,True,0.644848233388255,0.75,model,1.5878759335005113,True
2025-12-27,Chelsea v Aston Villa,Yellow cards,1ST,0.5,False,0.75,0.75,record,2.443375511026396,False
2025-12-27,Chelsea v Aston Villa,Total shots,2ND,6.5,False,0.846652615751226,0.875,model,1.1912031319267617,False
2025-12-27,Chelsea v Aston Villa,Total shots,2ND,7.5,False,0.9159976241332626,0.875,model,1.10134049274165,False
2025-12-27,Chelsea v Aston Villa,Fouls,2ND,5.5,True,0.9263761961168923,0.75,model,1.1064596129934068,True
2025-12-27,Chelsea v Aston Villa,Fouls,2ND,6.5,True,0.8812198009525569,0.75,model,1.1689908274155825,True
2025-12-27,Chelsea v Aston Villa,Fouls,2ND,5.5,True,0.6469509566421923,1.0,model,1.555184865572641,False
2025-12-27,Chelsea v Aston Villa,Tackles,2ND,8.5,False,0.548057797700084,0.75,model,1.824625074575135,False
2025-12-27,Chelsea v Aston Villa,Throw-ins,2ND,6.5,True,0.622432889955235,0.875,model,1.6193078481320906,True
2025-12-27,Chelsea v Aston Villa,Yellow cards,2ND,0.5,True,0.5904924321816846,0.75,model,1.7484853127840516,True
2025-12-27,Chelsea v Aston Villa,Free kicks,2ND,6.5,False,0.5222607753899795,0.75,model,1.9147522600242874,True
2025-12-27,Chelsea v Aston Villa,Free kicks,2ND,6.5,True,0.7976125127921557,0.75,model,1.3248364022227552,True
2025-12-28,Sunderland v Leeds United,Fouls,ALL,9.5,True,0.6599814636716048,0.75,model,1.5278557139866178,False
2025-12-28,Sunderland v Leeds United,Throw-ins,ALL,16.5,True,0.7680095528383067,0.8125,model,1.3185158641176216,True
2025-12-28,Sunderland v Leeds United,Shots on target,1ST,0.5,True,0.6447846396320137,0.75,model,1.568127521212653,True
2025-12-28,Sunderland v Leeds United,Offsides,2ND,0.5,True,0.6760873689936416,0.7692307692307693,model,1.520748967567013,True
2025-12-28,Sunderland v Leeds United,Yellow cards,2ND,0.5,True,0.6979188064991189,0.8571428571428571,model,1.4328314277934027,False
2025-12-28,Sunderland v Leeds United,Free kicks,2ND,4.5,True,0.6915865371565822,0.75,model,1.454341726494824,False
2025-12-28,Crystal Palace v Tottenham Hotspur,Total shots,ALL,8.5,False,0.6342383738767285,0.7,model,1.583730034680733,True
2025-12-28,Crystal Palace v Tottenham Hotspur,Total shots,ALL,9.5,False,0.7053961467774601,0.8,model,1.4356325678932291,True
2025-12-28,Crystal Palace v Tottenham Hotspur,Shots on target,ALL,2.5,True,0.6625348162826952,0.8,model,1.5245202739450203,False
2025-12-28,Crystal Palace v Tottenham Hotspur,Corner kicks,ALL,4.5,False,0.4961374285470238,0.7,model,2.015570570695656,True
2025-12-28,Crystal Palace v Tottenham Hotspur,Offsides,ALL,1.5,True,0.8008435730873409,0.7,model,1.2875872533049153,False
2025-12-28,Crystal Palace v Tottenham Hotspur,Yellow cards,ALL,2.5,False,0.7001871936406924,0.9,model,1.4412513678482979,False
2025-12-28,Crystal Palace v Tottenham Hotspur,Free kicks,ALL,8.5,True,0.57509933450385,0.8,model,1.757597344713551,False
2025-12-28,Crystal Palace v Tottenham Hotspur,Goal kicks,ALL,6.5,True,0.6028276727155876,0.9,model,1.67812057992417,True
2025-12-28,Crystal Palace v Tottenham Hotspur,Total shots,1ST,3.5,True,0.7284593305721956,0.9,model,1.402377071084382,True
2025-12-28,Crystal Palace v Tottenham Hotspur,Total shots,1ST,4.5,True,0.624526080911854,0.8,model,1.627441247328996,True
2025-12-28,Crystal Palace v Tottenham Hotspur,Shots on target,1ST,0.5,True,0.815416562537674,0.9,model,1.247338138768433,True
2025-12-28,Crystal Palace v Tottenham Hotspur,Shots on target,1ST,1.5,True,0.6359248078760551,0.8,model,1.5983633907058368,True
2025-12-28,Crystal Palace v Tottenham Hotspur,Shots on target,1ST,0.5,True,0.5959164868322433,0.7,model,1.7214101937294164,True
2025-12-28,Crystal Palace v Tottenham Hotspur,Tackles,1ST,8.5,True,0.5754354480196942,0.7,model,1.7495004495851054,True
2025-12-28,Crystal Palace v Tottenham Hotspur,Yellow cards,1ST,0.5,False,0.9,0.9,record,1.6782927191979256,False
2025-12-28,Crystal Palace v Tottenham Hotspur,Free kicks,1ST,3.5,True,0.6262361052809798,0.7,model,1.628550926104755,False
2025-12-28,Crystal Palace v Tottenham Hotspur,Goal kicks,1ST,2.5,True,0.6467440791336532,0.8,model,1.5645543774532409,True
2025-12-28,Crystal Palace v Tottenham Hotspur,Total shots,2ND,4.5,True,0.6499582198378893,1.0,model,1.5594585348689498,True
2025-12-28,Crystal Palace v Tottenham Hotspur,Shots on target,2ND,1.5,True,0.6031299399934046,0.8,model,1.679098564252258,True
2025-12-28,Crystal Palace v Tottenham Hotspur,Corner kicks,2ND,1.5,True,0.6676607275976674,0.8,model,1.51316927376556,True
2025-12-28,Crystal Palace v Tottenham Hotspur,Fouls,2ND,3.5,True,0.6419864223375452,1.0,model,1.5701573581009094,False
2025-12-28,Crystal Palace v Tottenham Hotspur,Fouls,2ND,4.5,True,0.521555854523134,0.75,model,1.9226969530711935,False
2025-12-28,Crystal Palace v Tottenham Hotspur,Offsides,2ND,0.5,True,0.7966678818678916,0.7,model,1.3421598630956693,False
2025-12-28,Crystal Palace v Tottenham Hotspur,Free kicks,2ND,4.5,True,0.5430222712166779,0.8,model,1.866890326055897,False
2025-12-28,Crystal Palace v Tottenham Hotspur,Goal kicks,2ND,2.5,True,0.6979963225461006,0.8,model,1.4443460577995413,False
2025-12-28,Crystal Palace v Tottenham Hotspur,Goal kicks,2ND,3.5,True,0.5638092171808952,0.7,model,1.7819489510803619,False
2025-12-28,Crystal Palace v Tottenham Hotspur,Goal kicks,2ND,2.5,True,0.6421373822136175,0.8,model,1.5964740093908354,True
2025-12-30,West Ham United v Brighton & Hove Albion,Total shots,ALL,11.5,True,0.7534151433212484,0.7058823529411765,model,1.3572628543296772,True
2025-12-30,West Ham United v Brighton & Hove Albion,Goal kicks,ALL,7.5,True,0.8063321193112711,0.7058823529411765,model,1.2583980966994175,True
2025-12-30,West Ham United v Brighton & Hove Albion,Total shots,1ST,3.5,True,0.6808255239309103,0.7647058823529411,model,1.503796074987187,True
2025-12-30,West Ham United v Brighton & Hove Albion,Shots on target,1ST,0.5,True,0.7027826309699636,0.9411764705882353,model,1.4604385048155555,True
2025-12-30,West Ham United v Brighton & Hove Albion,Shots on target,1ST,0.5,True,0.7629724455643205,0.8235294117647058,model,1.3359911020817363,True
2025-12-30,West Ham United v Brighton & Hove Albion,Fouls,1ST,5.5,False,0.8168244457954374,0.75,model,1.2361328727126621,False
2025-12-30,West Ham United v Brighton & Hove Albion,Tackles,1ST,7.5,True,0.6331623938898647,0.7058823529411765,model,1.6032636245016558,True
2025-12-30,West Ham United v Brighton & Hove Albion,Free kicks,1ST,3.5,True,0.8148359346873502,0.8823529411764706,model,1.2504387704993087,True
2025-12-30,West Ham United v Brighton & Hove Albion,Free kicks,1ST,3.5,True,0.6059184188496807,0.7647058823529411,model,1.6742375216800247,True
2025-12-30,West Ham United v Brighton & Hove Albion,Shots on target,2ND,1.5,True,0.8136751845196821,0.7647058823529411,model,1.2522799072072288,True
2025-12-30,West Ham United v Brighton & Hove Albion,Offsides,2ND,0.5,True,0.5564149984042099,0.7058823529411765,model,1.8185098766966166,True
2025-12-30,West Ham United v Brighton & Hove Albion,Yellow cards,2ND,0.5,True,0.7049939028049442,0.8235294117647058,model,1.4620867780002798,False
2025-12-30,West Ham United v Brighton & Hove Albion,Yellow cards,2ND,0.5,True,0.6491196069888647,0.7647058823529411,model,1.5638383598799985,True
2025-12-30,Nottingham Forest v Everton,Total shots,ALL,10.5,True,0.7989070760474025,0.8571428571428571,model,1.2949783883707167,True
2025-12-30,Nottingham Forest v Everton,Total shots,ALL,11.5,True,0.7502242864955012,0.7857142857142857,model,1.3768926727924797,True
2025-12-30,Nottingham Forest v Everton,Shots on target,ALL,2.5,True,0.6853569319749176,0.7857142857142857,model,1.481979639137243,True
2025-12-30,Nottingham Forest v Everton,Fouls,ALL,9.5,True,0.628480280641459,0.7142857142857143,model,1.6012898671325309,False
2025-12-30,Nottingham Forest v Everton,Goal kicks,ALL,6.5,True,0.640663255210398,0.8571428571428571,model,1.581378724758936,True
2025-12-30,Nottingham Forest v Everton,Goal kicks,ALL,7.5,True,0.5751574938439316,0.7857142857142857,model,1.7544393402173803,True
2025-12-30,Nottingham Forest v Everton,Total shots,1ST,3.5,True,0.823363615210296,0.7857142857142857,model,1.2531698702944354,True
2025-12-30,Nottingham Forest v Everton,Total shots,1ST,4.5,True,0.7456778011429123,0.7857142857142857,model,1.3831532927176178,True
2025-12-30,Nottingham Forest v Everton,Shots on target,1ST,0.5,True,0.6637514519967237,0.7857142857142857,model,1.55590911024501,True
2025-12-30,Nottingham Forest v Everton,Shots on target,1ST,0.5,True,0.6217677262106436,0.7857142857142857,model,1.642977984565378,True
2025-12-30,Nottingham Forest v Everton,Tackles,1ST,8.5,False,0.6419316556086311,0.7142857142857143,model,1.5627028720692286,False
2025-12-30,Nottingham Forest v Everton,Goal kicks,1ST,2.5,True,0.7319948426604805,0.9285714285714286,model,1.3842454909536095,True
2025-12-30,Nottingham Forest v Everton,Goal kicks,1ST,3.5,True,0.6212168977118072,0.8571428571428571,model,1.6264145926905622,True
2025-12-30,Nottingham Forest v Everton,Corner kicks,2ND,1.5,True,0.7848387200182199,0.7857142857142857,model,1.3172982546912073,True
2025-12-30,Nottingham Forest v Everton,Corner kicks,2ND,1.5,True,0.672054753024174,0.7142857142857143,model,1.5136371433620734,False
2025-12-30,Nottingham Forest v Everton,Fouls,2ND,4.5,True,0.7566982767951239,0.8333333333333334,model,1.3380877846786683,False
2025-12-30,Nottingham Forest v Everton,Fouls,2ND,5.5,True,0.6601678114692693,0.8333333333333334,model,1.530458300269935,False
2025-12-30,Nottingham Forest v Everton,Yellow cards,2ND,0.5,True,0.7925317330346497,0.7142857142857143,model,1.2851818948930953,False
2025-12-30,Nottingham Forest v Everton,Free kicks,2ND,5.5,True,0.6626559513550062,0.7857142857142857,model,1.531642461738866,False
2025-12-30,Burnley v Newcastle United,Corner kicks,ALL,3.5,True,0.8270001887156212,0.7857142857142857,model,1.2570789144154495,True
2025-12-30,Burnley v Newcastle United,Corner kicks,ALL,4.5,True,0.753470731823635,0.7142857142857143,model,1.3793570719755954,False
2025-12-30,Burnley v Newcastle United,Goal kicks,ALL,7.5,False,0.7275876161669796,0.7857142857142857,model,1.3783567769997351,False
2025-12-30,Burnley v Newcastle United,Goal kicks,ALL,8.5,False,0.8170942276122981,0.8571428571428571,model,1.229010333459299,False
2025-12-30,Burnley v Newcastle United,Shots on target,1ST,0.5,True,0.8544813679065636,0.9285714285714286,model,1.2314882019033284,True
2025-12-30,Burnley v Newcastle United,Tackles,1ST,7.5,False,0.6680553235288741,0.7142857142857143,model,1.5127866290107737,True
2025-12-30,Burnley v Newcastle United,Yellow cards,1ST,0.5,False,0.75,0.75,record,2.13816999529094,False
2025-12-30,Burnley v Newcastle United,Goal kicks,1ST,3.5,False,0.5715431272068846,0.7142857142857143,model,1.7496492432460387,False
2025-12-30,Burnley v Newcastle United,Total shots,2ND,4.5,True,0.7844437236166173,0.7142857142857143,model,1.3380164347889913,True
2025-12-30,Burnley v Newcastle United,Offsides,2ND,0.5,False,0.6489812623522974,0.6666666666666666,model,1.540876536828506,True
2025-12-30,Burnley v Newcastle United,Throw-ins,2ND,7.5,True,0.6985825167525093,0.7857142857142857,model,1.4531862375959301,False
2025-12-30,Burnley v Newcastle United,Throw-ins,2ND,8.5,True,0.6231389784055814,0.7142857142857143,model,1.6230021443877456,False
2025-12-30,Burnley v Newcastle United,Yellow cards,2ND,0.5,True,0.7282243503819172,0.9166666666666666,model,1.410434313674861,False
2025-12-30,Burnley v Newcastle United,Goal kicks,2ND,3.5,False,0.7248919908349959,0.7142857142857143,model,1.3795158625605863,False
2025-12-30,Chelsea v Bournemouth,Total shots,ALL,13.5,True,0.6839911327365334,0.7857142857142857,model,1.4807469481515936,True
2025-12-30,Chelsea v Bournemouth,Offsides,ALL,1.5,True,0.7472712274929846,0.75,model,1.352345335366786,False
2025-12-30,Chelsea v Bournemouth,Goal kicks,ALL,6.5,True,0.7550441388810816,0.7857142857142857,model,1.350359877437453,True
2025-12-30,Chelsea v Bournemouth,Total shots,1ST,5.5,True,0.7770768027394561,0.7857142857142857,model,1.3158156491841508,True
2025-12-30,Chelsea v Bournemouth,Total shots,1ST,6.5,True,0.6980971296541928,0.7857142857142857,model,1.4612791057470986,True
2025-12-30,Chelsea v Bournemouth,Shots on target,1ST,1.5,True,0.7360968773212933,0.8571428571428571,model,1.3805232482499852,True
2025-12-30,Chelsea v Bournemouth,Shots on target,1ST,2.5,True,0.5879729501616325,0.8571428571428571,model,1.7202480181512212,False
2025-12-30,Chelsea v Bournemouth,Offsides,1ST,0.5,True,0.7840951906946124,0.75,model,1.297032976563959,True
2025-12-30,Chelsea v Bournemouth,Offsides,2ND,0.5,True,0.6493357925349945,0.8333333333333334,model,1.572993793734621,False
2025-12-30,Chelsea v Bournemouth,Throw-ins,2ND,8.5,False,0.5601288514608143,0.7142857142857143,model,1.7853035018496248,True
2025-12-30,Chelsea v Bournemouth,Yellow cards,2ND,1.5,False,0.6409635740512618,0.7142857142857143,model,1.5601510608152342,True
2025-12-30,Chelsea v Bournemouth,Free kicks,2ND,5.5,True,0.7436607908647971,0.7857142857142857,model,1.3839827901975972,False
2025-12-30,Arsenal v Aston Villa,Total shots,ALL,13.5,True,0.754718529779793,0.8888888888888888,model,1.3582942192235754,True
2025-12-30,Arsenal v Aston Villa,Offsides,ALL,0.5,True,0.8518956731084316,1.0,model,1.2366517810974467,True
2025-12-30,Arsenal v Aston Villa,Throw-ins,ALL,15.5,False,0.7382407185236503,0.7777777777777778,model,1.363615505791523,False
2025-12-30,Arsenal v Aston Villa,Yellow cards,ALL,1.5,True,0.5152513223439662,0.7777777777777778,model,1.9581837319211883,True
2025-12-30,Arsenal v Aston Villa,Goal kicks,ALL,5.5,True,0.8901017335078768,1.0,model,1.1438844078987807,True
2025-12-30,Arsenal v Aston Villa,Goal kicks,ALL,6.5,True,0.8333451136482894,0.8888888888888888,model,1.2243489268968024,True
2025-12-30,Arsenal v Aston Villa,Shots on target,1ST,1.5,True,0.752953888891579,0.8888888888888888,model,1.4088719356178174,False
2025-12-30,Arsenal v Aston Villa,Goal kicks,1ST,1.5,True,0.9088726383111742,1.0,model,1.1347757764397794,True
2025-12-30,Arsenal v Aston Villa,Goal kicks,1ST,2.5,True,0.8325876848802789,0.8888888888888888,model,1.247772034632228,True
2025-12-30,Arsenal v Aston Villa,Corner kicks,2ND,1.5,True,0.7086616015034876,0.7777777777777778,model,1.4738238193540147,True
2025-12-30,Arsenal v Aston Villa,Offsides,2ND,0.5,True,0.8571428571428571,0.8571428571428571,record,2.0539553671745874,True
2025-12-30,Arsenal v Aston Villa,Yellow cards,2ND,0.5,True,0.5836768140608135,0.8888888888888888,model,1.7361191507500113,True
2025-12-30,Manchester United v Wolverhampton,Total shots,ALL,11.5,True,0.8468026868073053,0.7647058823529411,model,1.2068526530598782,True
2025-12-30,Manchester United v Wolverhampton,Total shots,ALL,12.5,True,0.8114109820893383,0.7647058823529411,model,1.259929617953133,True
2025-12-30,Manchester United v Wolverhampton,Total shots,ALL,11.5,False,0.7833002568047451,0.7647058823529411,model,1.2977539367376765,True
2025-12-30,Manchester United v Wolverhampton,Shots on target,ALL,3.5,False,0.6999009271240784,0.7647058823529411,model,1.4354716218983614,False
2025-12-30,Manchester United v Wolverhampton,Corner kicks,ALL,2.5,True,0.818980960725955,0.7647058823529411,model,1.2514231932970687,True
2025-12-30,Manchester United v Wolverhampton,Offsides,ALL,0.5,True,0.7377438934772188,0.8125,model,1.3759823669981075,True
2025-12-30,Manchester United v Wolverhampton,Yellow cards,ALL,1.5,True,0.7387460796918777,0.8125,model,1.3702240034950983,True
2025-12-30,Manchester United v Wolverhampton,Goal kicks,ALL,5.5,True,0.796821694026904,1.0,model,1.2833530955360501,True
2025-12-30,Manchester United v Wolverhampton,Goal kicks,ALL,6.5,True,0.7355676617948115,0.7647058823529411,model,1.388901534302386,True
2025-12-30,Manchester United v Wolverhampton,Total shots,1ST,5.5,True,0.8567999547647728,0.8823529411764706,model,1.1876844543881797,False
2025-12-30,Manchester United v Wolverhampton,Total shots,1ST,5.5,False,0.8468748662747738,0.8235294117647058,model,1.1999198892188674,False
2025-12-30,Manchester United v Wolverhampton,Shots on target,1ST,1.5,False,0.6766072853929411,0.7058823529411765,model,1.4779622117418494,False
2025-12-30,Manchester United v Wolverhampton,Corner kicks,1ST,1.5,True,0.8441865387503986,0.8823529411764706,model,1.2056931669209399,True
2025-12-30,Manchester United v Wolverhampton,Free kicks,1ST,4.5,True,0.7231556589577688,0.7647058823529411,model,1.4162480436544302,True
2025-12-30,Manchester United v Wolverhampton,Goal kicks,1ST,2.5,True,0.7782995253876094,0.8823529411764706,model,1.3030809534535186,True
2025-12-30,Manchester United v Wolverhampton,Total shots,2ND,5.5,True,0.7276251869484309,0.7647058823529411,model,1.4069190597346535,True
2025-12-30,Manchester United v Wolverhampton,Shots on target,2ND,1.5,True,0.7241432001071009,0.7058823529411765,model,1.4128215860260331,True
2025-12-30,Manchester United v Wolverhampton,Corner kicks,2ND,0.5,True,0.7269414498562831,0.8823529411764706,model,1.407322756169555,True
2025-12-30,Manchester United v Wolverhampton,Fouls,2ND,6.5,False,0.5855163356282811,0.7272727272727273,model,1.707894279203948,True
2025-12-30,Manchester United v Wolverhampton,Yellow cards,2ND,0.5,True,0.7909748661924908,0.875,model,1.2778939091633894,True
2025-12-30,Manchester United v Wolverhampton,Goal kicks,2ND,2.5,True,0.7450322345060824,0.8823529411764706,model,1.3682734574149267,True
2026-01-01,Liverpool FC v Leeds United,Total shots,ALL,13.5,False,0.6220503607773632,0.6666666666666666,model,1.6102603502171209,True
2026-01-01,Liverpool FC v Leeds United,Total shots,ALL,14.5,False,0.6602581049315046,0.7333333333333333,model,1.524352352106236,True
2026-01-01,Liverpool FC v Leeds United,Throw-ins,ALL,15.5,True,0.7837610929464458,0.8,model,1.3363162515635156,True
2026-01-01,Liverpool FC v Leeds United,Yellow cards,ALL,0.5,True,0.7070754719504976,0.7142857142857143,model,1.457641175029922,False
2026-01-01,Liverpool FC v Leeds United,Yellow cards,ALL,0.5,True,0.7935657484834359,0.8571428571428571,model,1.2782633372619134,True
2026-01-01,Liverpool FC v Leeds United,Free kicks,ALL,10.5,False,0.557517027693538,0.6666666666666666,model,1.793667189210391,True
2026-01-01,Liverpool FC v Leeds United,Goal kicks,ALL,6.5,True,0.8030654246811322,0.8,model,1.2772663362635486,True
2026-01-01,Liverpool FC v Leeds United,Total shots,1ST,5.5,False,0.5976527776703087,0.8,model,1.6732123355940356,True
2026-01-01,Liverpool FC v Leeds United,Shots on target,1ST,1.5,True,0.6403411742454136,0.8666666666666667,model,1.5616674988585781,True
2026-01-01,Liverpool FC v Leeds United,Free kicks,1ST,5.5,False,0.6422001181106615,0.8,model,1.561834996691897,True
2026-01-01,Liverpool FC v Leeds United,Fouls,2ND,4.5,True,0.5863952361207905,0.6666666666666666,model,1.7227152382822932,True
2026-01-01,Liverpool FC v Leeds United,Tackles,2ND,7.5,True,0.5807566875030459,0.7333333333333333,model,1.7403989317915896,False
2026-01-01,Liverpool FC v Leeds United,Tackles,2ND,7.5,True,0.565998219692853,0.6666666666666666,model,1.7741146898780498,True
2026-01-01,Liverpool FC v Leeds United,Offsides,2ND,0.5,True,0.7211725026656306,0.7857142857142857,model,1.4581270025819164,True
2026-01-01,Liverpool FC v Leeds United,Yellow cards,2ND,0.5,True,0.731264621583019,0.7857142857142857,model,1.3873410824629724,True
2026-01-01,Liverpool FC v Leeds United,Goal kicks,2ND,2.5,True,0.7486203262992044,0.8,model,1.3527890164840781,True
2026-01-01,Crystal Palace v Fulham,Yellow cards,ALL,1.5,True,0.6785863869092207,0.8571428571428571,model,1.4899100899623516,True
2026-01-01,Crystal Palace v Fulham,Goal kicks,ALL,6.5,True,0.7009097178729798,0.8571428571428571,model,1.437189591334862,True
2026-01-01,Crystal Palace v Fulham,Total shots,1ST,4.5,True,0.7269579333686125,0.7857142857142857,model,1.3974069278235617,True
2026-01-01,Crystal Palace v Fulham,Shots on target,1ST,1.5,True,0.6577606347868387,0.7857142857142857,model,1.5352442896606147,True
2026-01-01,Crystal Palace v Fulham,Goal kicks,1ST,2.5,True,0.6656682481524301,0.9285714285714286,model,1.5216865094938559,True
2026-01-01,Crystal Palace v Fulham,Total shots,2ND,4.5,True,0.6910950863276007,0.9285714285714286,model,1.4676803805720706,False
2026-01-01,Crystal Palace v Fulham,Shots on target,2ND,1.5,True,0.5916197188593907,0.7142857142857143,model,1.6902749656957738,True
2026-01-01,Crystal Palace v Fulham,Fouls,2ND,3.5,True,0.5390473907921464,0.7272727272727273,model,1.8761459199127386,False
2026-01-01,Crystal Palace v Fulham,Throw-ins,2ND,9.5,True,0.6568569177643241,0.7857142857142857,model,1.5424103858504732,False
2026-01-01,Crystal Palace v Fulham,Free kicks,2ND,3.5,True,0.5808707934645855,0.7857142857142857,model,1.7596681413111004,False
2026-01-01,Crystal Palace v Fulham,Goal kicks,2ND,3.5,True,0.6710683407085303,0.7142857142857143,model,1.5120285441220402,False
2026-01-01,Sunderland v Manchester City,Total shots,ALL,10.5,True,0.7827528119349715,0.7142857142857143,model,1.324286019636545,True
2026-01-01,Sunderland v Manchester City,Tackles,ALL,13.5,True,0.7652515397594436,0.9285714285714286,model,1.3345054939481318,True
2026-01-01,Sunderland v Manchester City,Tackles,1ST,5.5,True,0.8038304645265588,0.8571428571428571,model,1.2728220053582646,True
2026-01-01,Sunderland v Manchester City,Tackles,1ST,6.5,True,0.7341379395194492,0.7142857142857143,model,1.3921550466958799,False
2026-01-01,Sunderland v Manchester City,Shots on target,2ND,1.5,True,0.7796322263801035,0.7142857142857143,model,1.3182820728742954,True
2026-01-01,Sunderland v Manchester City,Fouls,2ND,4.5,True,0.649013376341857,0.7272727272727273,model,1.5742049756144092,False
2026-01-01,Sunderland v Manchester City,Yellow cards,2ND,0.5,True,0.6256400426798736,0.7692307692307693,model,1.6478512920566128,True
2026-01-01,Sunderland v Manchester City,Free kicks,2ND,4.5,True,0.6772976892184067,0.7142857142857143,model,1.4892776329361168,False
2026-01-01,Brentford v Tottenham Hotspur,Total shots,ALL,8.5,True,0.6259360655476875,0.8125,model,1.616145731258285,False
2026-01-01,Brentford v Tottenham Hotspur,Shots on target,ALL,2.5,True,0.6531448983800997,0.6875,model,1.552516716886973,False
2026-01-01,Brentford v Tottenham Hotspur,Shots on target,ALL,3.5,True,0.5472745536142292,0.6875,model,1.8429134354526913,False
2026-01-01,Brentford v Tottenham Hotspur,Free kicks,ALL,8.5,True,0.5747924577546261,0.6875,model,1.7469439119440329,True
2026-01-01,Brentford v Tottenham Hotspur,Free kicks,ALL,8.5,True,0.5382319902291298,0.6875,model,1.8634630742608944,False
2026-01-01,Brentford v Tottenham Hotspur,Goal kicks,ALL,7.5,False,0.6614563919240946,0.6875,model,1.5189152503718057,True
2026-01-01,Brentford v Tottenham Hotspur,Total shots,1ST,3.5,True,0.6432616615918186,0.75,model,1.5786022325886613,False
2026-01-01,Brentford v Tottenham Hotspur,Shots on target,1ST,0.5,True,0.7254434521709312,0.875,model,1.4003754723780841,True
2026-01-01,Brentford v Tottenham Hotspur,Shots on target,1ST,0.5,True,0.6180968513985436,0.875,model,1.6486826411184328,True
2026-01-01,Brentford v Tottenham Hotspur,Offsides,1ST,0.5,True,0.6706087953814669,0.6875,model,1.5190234985331845,True
2026-01-01,Brentford v Tottenham Hotspur,Throw-ins,1ST,7.5,True,0.7099244039037981,0.6875,model,1.4275521589065225,True
2026-01-01,Brentford v Tottenham Hotspur,Yellow cards,1ST,0.5,False,0.6391621426093762,0.7333333333333333,model,1.5645482317170805,True
2026-01-01,Brentford v Tottenham Hotspur,Goal kicks,1ST,2.5,True,0.666498388495929,0.75,model,1.5110408971138671,True
2026-01-01,Brentford v Tottenham Hotspur,Total shots,2ND,4.5,True,0.5838007544823007,0.8125,model,1.7300657919232871,False
2026-01-01,Brentford v Tottenham Hotspur,Shots on target,2ND,1.5,True,0.6286255322837546,0.6875,model,1.6114591035075767,False
2026-01-01,Brentford v Tottenham Hotspur,Free kicks,2ND,4.5,True,0.6122170462071069,0.75,model,1.6463124507479792,True
2026-01-01,Brentford v Tottenham Hotspur,Goal kicks,2ND,2.5,True,0.7109537402350404,0.75,model,1.4404823543452578,True
2026-01-03,Aston Villa v Nottingham Forest,Yellow cards,ALL,0.5,True,0.8517639700070275,0.9,model,1.2218613105584881,True
2026-01-03,Aston Villa v Nottingham Forest,Shots on target,1ST,0.5,True,0.8318700492456508,0.9,model,1.2252762876409622,True
2026-01-03,Aston Villa v Nottingham Forest,Corner kicks,2ND,2.5,True,0.7670664749270056,0.8,model,1.3421639672999959,False
2026-01-03,Aston Villa v Nottingham Forest,Fouls,2ND,3.5,True,0.7073150226759496,0.8,model,1.45773652556582,True
2026-01-03,Aston Villa v Nottingham Forest,Offsides,2ND,0.5,True,0.7406127256527728,0.8,model,1.386591760786639,True
2026-01-03,Aston Villa v Nottingham Forest,Throw-ins,2ND,7.5,True,0.5739376843314222,0.9,model,1.7484996063239024,False
2026-01-03,Brighton & Hove Albion v Burnley,Total shots,ALL,11.5,True,0.8967775730604854,0.9444444444444444,model,1.1274814868210448,True
2026-01-03,Brighton & Hove Albion v Burnley,Total shots,ALL,12.5,True,0.8596836027471405,0.8333333333333334,model,1.1773738234810598,True
2026-01-03,Brighton & Hove Albion v Burnley,Shots on target,ALL,3.5,True,0.8222334867041061,0.9444444444444444,model,1.2266449079347395,True
2026-01-03,Brighton & Hove Albion v Burnley,Corner kicks,ALL,3.5,True,0.7552604367828747,0.8333333333333334,model,1.352260403866426,True
2026-01-03,Brighton & Hove Albion v Burnley,Offsides,ALL,0.5,True,0.7828965821737828,0.8333333333333334,model,1.3050709598977688,True
2026-01-03,Brighton & Hove Albion v Burnley,Free kicks,ALL,8.5,True,0.6396382163927431,0.7777777777777778,model,1.5821980099417567,False
2026-01-03,Brighton & Hove Albion v Burnley,Goal kicks,ALL,8.5,True,0.8631087616409614,0.7777777777777778,model,1.1870591294742612,False
2026-01-03,Brighton & Hove Albion v Burnley,Total shots,1ST,4.5,True,0.785585243157898,0.7777777777777778,model,1.3029830056095275,True
2026-01-03,Brighton & Hove Albion v Burnley,Shots on target,1ST,0.5,True,0.8608272052585908,0.8888888888888888,model,1.182145406043911,True
2026-01-03,Brighton & Hove Albion v Burnley,Shots on target,1ST,1.5,True,0.7123779308808126,0.6666666666666666,model,1.4323589050782246,True
2026-01-03,Brighton & Hove Albion v Burnley,Shots on target,1ST,0.5,True,0.6443595569542503,0.6666666666666666,model,1.5851251147965661,True
2026-01-03,Brighton & Hove Albion v Burnley,Corner kicks,1ST,0.5,True,0.8563865515793203,1.0,model,1.193314468191636,True
2026-01-03,Brighton & Hove Albion v Burnley,Corner kicks,1ST,0.5,True,0.5760529922848479,0.7777777777777778,model,1.7725772089125005,True
2026-01-03,Brighton & Hove Albion v Burnley,Tackles,1ST,7.5,True,0.6313833943317316,0.7777777777777778,model,1.606156464389204,True
2026-01-03,Brighton & Hove Albion v Burnley,Offsides,1ST,0.5,True,0.7949010840071885,0.7222222222222222,model,1.281508995712324,True
2026-01-03,Brighton & Hove Albion v Burnley,Offsides,1ST,0.5,True,0.5781866954488128,0.6666666666666666,model,1.7580558492454403,True
2026-01-03,Brighton & Hove Albion v Burnley,Throw-ins,1ST,7.5,True,0.5730301620795661,0.7777777777777778,model,1.7451088375015562,True
2026-01-03,Brighton & Hove Albion v Burnley,Free kicks,1ST,3.5,True,0.6727321288016348,0.8333333333333334,model,1.5169035836456228,False
2026-01-03,Brighton & Hove Albion v Burnley,Total shots,2ND,5.5,True,0.8316199874948127,0.8888888888888888,model,1.229652197437757,True
2026-01-03,Brighton & Hove Albion v Burnley,Shots on target,2ND,1.5,True,0.7788581355814312,0.8888888888888888,model,1.3088383252165907,True
2026-01-03,Brighton & Hove Albion v Burnley,Shots on target,2ND,2.5,True,0.646317728750855,0.6666666666666666,model,1.5732020913938418,False
2026-01-03,Brighton & Hove Albion v Burnley,Corner kicks,2ND,1.5,True,0.7374455850374223,0.8333333333333334,model,1.38659453530754,False
2026-01-03,Brighton & Hove Albion v Burnley,Corner kicks,2ND,1.5,True,0.6114307609157767,0.7222222222222222,model,1.649261451613938,False
2026-01-03,Brighton & Hove Albion v Burnley,Fouls,2ND,3.5,True,0.6860260100813635,0.8181818181818182,model,1.4660444005358781,True
2026-01-03,Brighton & Hove Albion v Burnley,Fouls,2ND,3.5,True,0.7773186627920085,0.9090909090909091,model,1.3054773565516662,True
2026-01-03,Brighton & Hove Albion v Burnley,Throw-ins,2ND,7.5,True,0.7172008700883865,0.7222222222222222,model,1.4141145362815064,False
2026-01-03,Brighton & Hove Albion v Burnley,Yellow cards,2ND,0.5,True,0.6332649630217141,0.7058823529411765,model,1.6114873100476768,False
2026-01-03,Brighton & Hove Albion v Burnley,Goal kicks,2ND,4.5,True,0.8139777816872775,0.6666666666666666,model,1.259574108788077,False
2026-01-03,Wolverhampton v West Ham United,Shots on target,ALL,2.5,True,0.6582294040657491,0.875,model,1.5462066561777439,False
2026-01-03,Wolverhampton v West Ham United,Fouls,ALL,11.5,False,0.6119232538470767,0.75,model,1.6372816348677681,True
2026-01-03,Wolverhampton v West Ham United,Goal kicks,ALL,7.5,False,0.727154394855635,0.8125,model,1.3910162944931352,False
2026-01-03,Wolverhampton v West Ham United,Total shots,1ST,2.5,True,0.823185732510376,0.875,model,1.255384365727732,True
2026-01-03,Wolverhampton v West Ham United,Total shots,1ST,2.5,True,0.6315020173866963,0.8125,model,1.6055201749098895,False
2026-01-03,Wolverhampton v West Ham United,Shots on target,1ST,0.5,True,0.7545438926499728,0.8125,model,1.356120066231261,True
2026-01-03,Wolverhampton v West Ham United,Shots on target,1ST,0.5,True,0.6948094268617379,0.8125,model,1.4622216630217268,False
2026-01-03,Wolverhampton v West Ham United,Throw-ins,1ST,8.5,True,0.6461444142524193,0.75,model,1.56003763209302,True
2026-01-03,Wolverhampton v West Ham United,Free kicks,1ST,4.5,True,0.5993615602410124,0.75,model,1.689214951943577,False
2026-01-03,Wolverhampton v West Ham United,Total shots,2ND,5.5,True,0.5433228139465357,0.75,model,1.8561457714776572,False
2026-01-03,Wolverhampton v West Ham United,Shots on target,2ND,1.5,True,0.6408446169962965,0.75,model,1.5891125606163654,False
2026-01-03,Wolverhampton v West Ham United,Free kicks,2ND,4.5,True,0.7887636289200401,0.875,model,1.2964704531877445,True
2026-01-03,Bournemouth v Arsenal,Total shots,ALL,13.5,False,0.7502563044930397,0.6923076923076923,model,1.3453682203170867,False
2026-01-03,Bournemouth v Arsenal,Corner kicks,ALL,3.5,False,0.5587772123723395,0.7692307692307693,model,1.7896220136723349,False
2026-01-03,Bournemouth v Arsenal,Free kicks,ALL,9.5,True,0.667157224503199,0.6923076923076923,model,1.5698543402901741,True
2026-01-03,Bournemouth v Arsenal,Goal kicks,ALL,5.5,True,0.735607397670138,0.8461538461538461,model,1.3854810302399216,True
2026-01-03,Bournemouth v Arsenal,Corner kicks,1ST,1.5,False,0.6528481768434717,0.6923076923076923,model,1.531749701492637,True
2026-01-03,Bournemouth v Arsenal,Fouls,1ST,5.5,True,0.6376247222409084,0.7,model,1.5846195401664884,False
2026-01-03,Bournemouth v Arsenal,Tackles,1ST,8.5,False,0.5618564439505928,0.6923076923076923,model,1.779814062411885,True
2026-01-03,Bournemouth v Arsenal,Tackles,1ST,9.5,False,0.6221228484229366,0.6923076923076923,model,1.6100529240010448,True
2026-01-03,Bournemouth v Arsenal,Tackles,1ST,9.5,False,0.7353344388877034,0.6923076923076923,model,1.3905034576024606,True
2026-01-03,Bournemouth v Arsenal,Throw-ins,1ST,9.5,False,0.5237681782138196,0.7692307692307693,model,1.9092416103060135,True
2026-01-03,Bournemouth v Arsenal,Free kicks,1ST,5.5,True,0.6580092505552011,0.6923076923076923,model,1.5653060086919766,False
2026-01-03,Bournemouth v Arsenal,Goal kicks,1ST,1.5,True,0.7777798490193382,0.8461538461538461,model,1.3051921752992892,True
2026-01-03,Bournemouth v Arsenal,Goal kicks,1ST,1.5,True,0.7286797223654691,1.0,model,1.3918135612922389,True
2026-01-03,Bournemouth v Arsenal,Throw-ins,2ND,7.5,True,0.6917527551224915,0.9230769230769231,model,1.4601741088525124,True
2026-01-03,Bournemouth v Arsenal,Free kicks,2ND,3.5,True,0.6821574730865481,0.7692307692307693,model,1.5314248794350616,True
2026-01-03,Bournemouth v Arsenal,Goal kicks,2ND,3.5,True,0.6807668795539275,0.7692307692307693,model,1.4933264757359122,True
2026-01-04,Leeds United v Manchester United,Shots on target,ALL,3.5,True,0.5942377804455681,0.7222222222222222,model,1.6973129151090394,False
2026-01-04,Leeds United v Manchester United,Corner kicks,ALL,3.5,True,0.6622827483347995,0.7777777777777778,model,1.5304853302829222,True
2026-01-04,Leeds United v Manchester United,Fouls,ALL,9.5,True,0.6356900000712677,0.7777777777777778,model,1.5936587762658514,False
2026-01-04,Leeds United v Manchester United,Fouls,ALL,9.5,True,0.65666559275764,0.7777777777777778,model,1.5511921528135235,False
2026-01-04,Leeds United v Manchester United,Tackles,ALL,17.5,False,0.5054484497136655,0.6666666666666666,model,1.9784411260267905,False
2026-01-04,Leeds United v Manchester United,Offsides,ALL,0.5,True,0.7853571413773719,0.9444444444444444,model,1.2962935515920848,True
2026-01-04,Leeds United v Manchester United,Offsides,ALL,0.5,True,0.7718897818682127,0.8888888888888888,model,1.3147124066833982,True
2026-01-04,Leeds United v Manchester United,Goal kicks,ALL,6.5,True,0.6591332541256009,0.7222222222222222,model,1.5364338697101978,True
2026-01-04,Leeds United v Manchester United,Shots on target,1ST,1.5,True,0.588602607693374,0.6666666666666666,model,1.7231685617842514,False
2026-01-04,Leeds United v Manchester United,Corner kicks,1ST,1.5,True,0.6816999920659155,0.7777777777777778,model,1.4928091380737354,True
2026-01-04,Leeds United v Manchester United,Offsides,1ST,0.5,True,0.6505533202628841,0.7777777777777778,model,1.5644026093140369,True
2026-01-04,Leeds United v Manchester United,Throw-ins,1ST,7.5,True,0.8407425505519686,0.7777777777777778,model,1.2080074250150692,True
2026-01-04,Leeds United v Manchester United,Goal kicks,1ST,2.5,True,0.6893731183942873,0.8333333333333334,model,1.4752575685906195,True
2026-01-04,Leeds United v Manchester United,Corner kicks,2ND,1.5,True,0.540303651882025,0.6666666666666666,model,1.864258848959414,False
2026-01-04,Leeds United v Manchester United,Fouls,2ND,4.5,True,0.6377575348181722,0.9166666666666666,model,1.5886559194805132,True
2026-01-04,Leeds United v Manchester United,Fouls,2ND,4.5,True,0.6402156284991156,0.8333333333333334,model,1.591452626416616,False
2026-01-04,Leeds United v Manchester United,Offsides,2ND,0.5,True,0.6708804732820597,0.8333333333333334,model,1.5217898388699012,False
2026-01-04,Leeds United v Manchester United,Throw-ins,2ND,8.5,True,0.7466302942041949,0.6666666666666666,model,1.3604259402383387,False
2026-01-04,Leeds United v Manchester United,Yellow cards,2ND,0.5,True,0.685351001278335,0.7647058823529411,model,1.4875715242841085,False
2026-01-04,Leeds United v Manchester United,Yellow cards,2ND,0.5,True,0.6337477687493983,0.8235294117647058,model,1.5779148255990596,False
2026-01-04,Leeds United v Manchester United,Goal kicks,2ND,3.5,True,0.6584960792667506,0.6666666666666666,model,1.5393954072081684,True
2026-01-04,Everton v Brentford,Total shots,ALL,9.5,True,0.6926771274169891,0.8333333333333334,model,1.465005564455147,True
2026-01-04,Everton v Brentford,Total shots,ALL,10.5,True,0.6329920315890774,0.7222222222222222,model,1.5984201740134574,True
2026-01-04,Everton v Brentford,Shots on target,ALL,2.5,True,0.6358489765497862,0.7222222222222222,model,1.5962732622376614,True
2026-01-04,Everton v Brentford,Fouls,ALL,9.5,True,0.7371459068316262,0.6666666666666666,model,1.370471689147958,False
2026-01-04,Everton v Brentford,Yellow cards,ALL,1.5,True,0.6610565476079806,0.7647058823529411,model,1.529162903205301,True
2026-01-04,Everton v Brentford,Free kicks,ALL,9.5,True,0.6502372334570646,0.6666666666666666,model,1.5587444430605781,False
2026-01-04,Everton v Brentford,Shots on target,1ST,0.5,True,0.6931755920719357,0.7222222222222222,model,1.471570688520305,True
2026-01-04,Everton v Brentford,Corner kicks,1ST,1.5,True,0.6979329633059101,0.7777777777777778,model,1.4619335937246332,False
2026-01-04,Everton v Brentford,Free kicks,1ST,3.5,True,0.6630335537884786,0.8333333333333334,model,1.5297300313878748,True
2026-01-04,Everton v Brentford,Free kicks,1ST,4.5,True,0.5715155018334569,0.6666666666666666,model,1.766440779029041,True
2026-01-04,Everton v Brentford,Goal kicks,1ST,2.5,True,0.611345560584907,0.7222222222222222,model,1.6451125372829267,False
2026-01-04,Everton v Brentford,Shots on target,2ND,1.5,True,0.6485881063133424,0.7777777777777778,model,1.5692276682880488,True
2026-01-04,Everton v Brentford,Corner kicks,2ND,1.5,True,0.7192288331507322,0.8333333333333334,model,1.4116801286033105,False
2026-01-04,Everton v Brentford,Tackles,2ND,7.5,True,0.68889641643682,0.8333333333333334,model,1.4738523135317596,True
2026-01-04,Everton v Brentford,Free kicks,2ND,5.5,True,0.6363240874631286,0.6666666666666666,model,1.5866652515009667,False
2026-01-04,Newcastle United v Crystal Palace,Total shots,ALL,10.5,True,0.7112318648446828,0.7777777777777778,model,1.442222796604486,True
2026-01-04,Newcastle United v Crystal Palace,Shots on target,ALL,3.5,True,0.7815973067276973,0.8888888888888888,model,1.2864736791577274,True
2026-01-04,Newcastle United v Crystal Palace,Shots on target,1ST,1.5,True,0.7839695013216993,0.8888888888888888,model,1.2940984875388708,True
2026-01-04,Newcastle United v Crystal Palace,Fouls,1ST,3.5,True,0.7685970928958795,0.8888888888888888,model,1.3176252674467235,True
2026-01-04,Newcastle United v Crystal Palace,Fouls,1ST,4.5,True,0.6663943149528602,0.7777777777777778,model,1.51690638778691,False
2026-01-04,Newcastle United v Crystal Palace,Tackles,1ST,6.5,True,0.5934661997886101,0.7777777777777778,model,1.7059143564544639,False
2026-01-04,Newcastle United v Crystal Palace,Free kicks,1ST,4.5,True,0.593790086443569,0.7777777777777778,model,1.7046386437935008,False
2026-01-04,Newcastle United v Crystal Palace,Tackles,2ND,7.5,False,0.728207745365147,0.7777777777777778,model,1.3953004609684574,False
2026-01-04,Newcastle United v Crystal Palace,Offsides,2ND,0.5,True,0.5759973326531163,0.7777777777777778,model,1.7598178387550558,True
2026-01-04,Tottenham Hotspur v Sunderland,Total shots,ALL,8.5,True,0.7415019610424232,0.875,model,1.3831498674364209,True
2026-01-04,Tottenham Hotspur v Sunderland,Total shots,ALL,9.5,True,0.6849867669851673,0.875,model,1.4929461718366528,True
2026-01-04,Tottenham Hotspur v Sunderland,Shots on target,ALL,2.5,True,0.6511013194713512,0.8125,model,1.5691363709756263,True
2026-01-04,Tottenham Hotspur v Sunderland,Corner kicks,ALL,3.5,True,0.713074978633781,0.8125,model,1.4238723886458209,False
2026-01-04,Tottenham Hotspur v Sunderland,Corner kicks,ALL,4.5,True,0.6144615061472904,0.75,model,1.6461525022980137,False
2026-01-04,Tottenham Hotspur v Sunderland,Throw-ins,ALL,16.5,True,0.8318850798825279,0.75,model,1.222367567938027,True
2026-01-04,Tottenham Hotspur v Sunderland,Throw-ins,ALL,17.5,True,0.7930018818000962,0.75,model,1.2822208357330434,True
2026-01-04,Tottenham Hotspur v Sunderland,Goal kicks,ALL,7.5,False,0.6358133845315889,0.75,model,1.5791896795307,True
2026-01-04,Tottenham Hotspur v Sunderland,Shots on target,1ST,0.5,True,0.6193961886598813,0.6875,model,1.6384705114356974,True
2026-01-04,Tottenham Hotspur v Sunderland,Shots on target,1ST,0.5,True,0.6386098646420999,0.8125,model,1.5886349568891516,False
2026-01-04,Tottenham Hotspur v Sunderland,Free kicks,1ST,3.5,True,0.7115441743111908,0.875,model,1.419567966562615,True
2026-01-04,Tottenham Hotspur v Sunderland,Goal kicks,1ST,2.5,True,0.7821599469034133,0.875,model,1.2933770587393498,True
2026-01-04,Tottenham Hotspur v Sunderland,Total shots,2ND,3.5,True,0.8276647469741123,0.9375,model,1.2443022365299614,True
2026-01-04,Tottenham Hotspur v Sunderland,Total shots,2ND,4.5,True,0.7581671545041059,0.875,model,1.358465992382648,True
2026-01-04,Tottenham Hotspur v Sunderland,Corner kicks,2ND,1.5,True,0.7660154482374459,0.875,model,1.3370701943614909,False
2026-01-04,Tottenham Hotspur v Sunderland,Fouls,2ND,3.5,True,0.6360076701017624,0.8181818181818182,model,1.6193343479769338,True
2026-01-04,Tottenham Hotspur v Sunderland,Throw-ins,2ND,8.5,True,0.790022341378583,0.875,model,1.2975337522625046,True
2026-01-04,Tottenham Hotspur v Sunderland,Throw-ins,2ND,9.5,True,0.737790140650904,0.875,model,1.3876307251835684,True
2026-01-04,Tottenham Hotspur v Sunderland,Free kicks,2ND,3.5,True,0.6805870607560575,0.8125,model,1.4849597721970627,True
2026-01-04,Tottenham Hotspur v Sunderland,Goal kicks,2ND,3.5,False,0.6167728771053932,0.6875,model,1.6213423727274596,False
2026-01-04,Fulham v Liverpool FC,Total shots,ALL,11.5,True,0.6110095241365746,0.7333333333333333,model,1.6583263118683822,False
2026-01-04,Fulham v Liverpool FC,Corner kicks,ALL,3.5,True,0.651789436484033,0.7333333333333333,model,1.556952330741845,False
2026-01-04,Fulham v Liverpool FC,Corner kicks,ALL,4.5,True,0.561039591499432,0.7333333333333333,model,1.799404320570174,False
2026-01-04,Fulham v Liverpool FC,Corner kicks,ALL,3.5,True,0.7496123664270484,0.6666666666666666,model,1.3743550349921334,True
2026-01-04,Fulham v Liverpool FC,Offsides,ALL,1.5,True,0.5290392308068798,0.6666666666666666,model,1.9027831253273335,True
2026-01-04,Fulham v Liverpool FC,Offsides,ALL,1.5,True,0.730854477305708,0.6666666666666666,model,1.4319860299338565,True
2026-01-04,Fulham v Liverpool FC,Total shots,1ST,6.5,False,0.5938534869703237,0.7333333333333333,model,1.6839170299423911,True
2026-01-04,Fulham v Liverpool FC,Fouls,1ST,3.5,True,0.6343912985317951,0.7692307692307693,model,1.606066233344791,False
2026-01-04,Fulham v Liverpool FC,Fouls,1ST,4.5,True,0.5378641154395054,0.7692307692307693,model,1.8782412039592662,False
2026-01-04,Fulham v Liverpool FC,Offsides,1ST,0.5,True,0.5957445919796812,0.6666666666666666,model,1.7262713255064406,True
2026-01-04,Fulham v Liverpool FC,Yellow cards,1ST,0.5,False,0.6740344578804831,0.6923076923076923,model,1.4836036767979535,True
2026-01-04,Fulham v Liverpool FC,Yellow cards,1ST,0.5,True,0.47377513289376955,0.6923076923076923,model,2.110705966968134,False
2026-01-04,Fulham v Liverpool FC,Corner kicks,2ND,1.5,True,0.6298178582839093,0.7333333333333333,model,1.6207795585233737,True
2026-01-04,Fulham v Liverpool FC,Corner kicks,2ND,1.5,True,0.6976966640392657,0.6666666666666666,model,1.4892141437444981,True
2026-01-04,Fulham v Liverpool FC,Offsides,2ND,0.5,True,0.5443183785846578,0.8,model,1.8371600874477363,True
2026-01-04,Fulham v Liverpool FC,Yellow cards,2ND,0.5,True,0.7667324757079703,0.7692307692307693,model,1.3356728267313442,True
2026-01-04,Fulham v Liverpool FC,Yellow cards,2ND,0.5,True,0.6732807602285061,0.8461538461538461,model,1.5125007292326478,True
2026-01-04,Fulham v Liverpool FC,Free kicks,2ND,4.5,True,0.5645370873818479,0.6666666666666666,model,1.7950475277285278,True
2026-01-04,Manchester City v Chelsea,Corner kicks,ALL,5.5,False,0.6770658612781174,0.8,model,1.4876581194320848,True
2026-01-04,Manchester City v Chelsea,Tackles,ALL,13.5,True,0.7240684535109696,0.8,model,1.4043279800703563,True
2026-01-04,Manchester City v Chelsea,Tackles,ALL,14.5,True,0.6683159466035365,0.8,model,1.517563035377449,True
2026-01-04,Manchester City v Chelsea,Goal kicks,ALL,5.5,True,0.6391354033133696,0.8,model,1.5866086716040995,True
2026-01-04,Manchester City v Chelsea,Corner kicks,1ST,1.5,True,0.7774414627513967,0.9,model,1.3010529552585433,True
2026-01-04,Manchester City v Chelsea,Corner kicks,1ST,2.5,True,0.64767649020423,0.8,model,1.5594976654379324,True
2026-01-04,Manchester City v Chelsea,Fouls,1ST,4.5,True,0.6701418169238667,0.9,model,1.5209150702319463,True
2026-01-04,Manchester City v Chelsea,Fouls,1ST,4.5,True,0.6444116755323664,0.8,model,1.5675356620946164,True
2026-01-04,Manchester City v Chelsea,Goal kicks,1ST,2.5,True,0.6271288308011568,0.9,model,1.623160696932016,True
2026-01-04,Manchester City v Chelsea,Tackles,2ND,7.5,True,0.655373686402753,0.8,model,1.5472157569335552,False
2026-01-04,Manchester City v Chelsea,Goal kicks,2ND,2.5,True,0.6535663585765318,0.9,model,1.5445057015680446,True
2026-01-06,West Ham United v Nottingham Forest,Total shots,ALL,9.5,True,0.8633155935046258,0.7333333333333333,model,1.1893634770313892,True
2026-01-06,West Ham United v Nottingham Forest,Shots on target,ALL,2.5,True,0.5297343723956331,0.6666666666666666,model,1.9069896608717214,True
2026-01-06,West Ham United v Nottingham Forest,Shots on target,ALL,2.5,True,0.8255379501899497,0.9333333333333333,model,1.2422315553237968,True
2026-01-06,West Ham United v Nottingham Forest,Fouls,ALL,9.5,True,0.6526865181708821,0.7333333333333333,model,1.5536549892000326,True
2026-01-06,West Ham United v Nottingham Forest,Yellow cards,ALL,1.5,True,0.5626279541446804,0.6666666666666666,model,1.8063765727598389,False
2026-01-06,West Ham United v Nottingham Forest,Shots on target,1ST,0.5,True,0.6773401138984193,0.8666666666666667,model,1.5034366804874,True
2026-01-06,West Ham United v Nottingham Forest,Shots on target,1ST,0.5,True,0.6986362409565128,0.8,model,1.4646114797384582,True
2026-01-06,West Ham United v Nottingham Forest,Corner kicks,1ST,1.5,True,0.5621566057748331,0.7333333333333333,model,1.7931272196940762,True
2026-01-06,West Ham United v Nottingham Forest,Fouls,1ST,4.5,True,0.6207167263060364,0.7857142857142857,model,1.6225631534485108,False
2026-01-06,West Ham United v Nottingham Forest,Free kicks,1ST,4.5,True,0.6979190181445045,0.6666666666666666,model,1.4476575576403652,False
2026-01-06,West Ham United v Nottingham Forest,Free kicks,1ST,4.5,True,0.6412602963135796,0.8,model,1.5788817819988485,False
2026-01-06,West Ham United v Nottingham Forest,Shots on target,2ND,1.5,True,0.8532856062470439,0.9333333333333333,model,1.188638033234901,True
2026-01-06,West Ham United v Nottingham Forest,Offsides,2ND,0.5,True,0.7443227283858118,0.8,model,1.3777393489672551,True
2026-01-06,West Ham United v Nottingham Forest,Offsides,2ND,0.5,True,0.5986127609657325,0.7333333333333333,model,1.6843831499949435,False
2026-01-06,West Ham United v Nottingham Forest,Throw-ins,2ND,7.5,True,0.6319553354962805,0.8666666666666667,model,1.5987444441043963,True
2026-01-06,West Ham United v Nottingham Forest,Throw-ins,2ND,8.5,True,0.5613247112935165,0.7333333333333333,model,1.7924102802455748,True
2026-01-06,West Ham United v Nottingham Forest,Throw-ins,2ND,7.5,True,0.6938830371184729,0.7333333333333333,model,1.4710646926658182,True
2026-01-06,West Ham United v Nottingham Forest,Yellow cards,2ND,0.5,True,0.6567425122962914,0.8,model,1.556792130913307,True
2026-01-06,West Ham United v Nottingham Forest,Yellow cards,2ND,0.5,True,0.5663749139089186,0.7333333333333333,model,1.803400179953594,False
2026-01-07,Manchester City v Brighton & Hove Albion,Offsides,ALL,0.5,True,0.6110008954919641,0.8125,model,1.6611643166299652,True
2026-01-07,Manchester City v Brighton & Hove Albion,Offsides,ALL,0.5,True,0.7798929530032929,0.8125,model,1.3237378836999136,True
2026-01-07,Manchester City v Brighton & Hove Albion,Yellow cards,ALL,1.5,True,0.5821897669772477,0.6875,model,1.7364807773841089,False
2026-01-07,Manchester City v Brighton & Hove Albion,Free kicks,ALL,9.5,True,0.7397066949560404,0.875,model,1.3635693825244695,True
2026-01-07,Manchester City v Brighton & Hove Albion,Free kicks,ALL,10.5,True,0.6682484255009752,0.6875,model,1.5072020705945295,True
2026-01-07,Manchester City v Brighton & Hove Albion,Goal kicks,ALL,5.5,True,0.7581109058992413,0.75,model,1.339643445532741,True
2026-01-07,Manchester City v Brighton & Hove Albion,Shots on target,1ST,1.5,True,0.7712026986482379,0.875,model,1.3136184888792057,True
2026-01-07,Manchester City v Brighton & Hove Albion,Offsides,1ST,0.5,False,0.58661930771817,0.6875,model,1.704683065904866,False
2026-01-07,Manchester City v Brighton & Hove Albion,Offsides,1ST,0.5,True,0.7426001764507306,0.75,model,1.3853589912772015,True
2026-01-07,Manchester City v Brighton & Hove Albion,Throw-ins,1ST,6.5,True,0.6033382021011197,0.6875,model,1.6955463390882932,True
2026-01-07,Manchester City v Brighton & Hove Albion,Free kicks,1ST,4.5,True,0.7005505856666614,0.75,model,1.4513491763195228,True
2026-01-07,Manchester City v Brighton & Hove Albion,Goal kicks,1ST,2.5,True,0.7284807130060338,0.8125,model,1.4023429351872807,False
2026-01-07,Manchester City v Brighton & Hove Albion,Fouls,2ND,4.5,True,0.5962686924115553,0.75,model,1.6919504560347098,True
2026-01-07,Manchester City v Brighton & Hove Albion,Fouls,2ND,5.5,True,0.4926732655359309,0.6666666666666666,model,2.03212819744452,True
2026-01-07,Manchester City v Brighton & Hove Albion,Tackles,2ND,8.5,True,0.6810676123090723,0.6875,model,1.4858691993318274,True
2026-01-07,Manchester City v Brighton & Hove Albion,Yellow cards,2ND,0.5,True,0.6316144387491155,0.75,model,1.6012242528845329,True
2026-01-07,Manchester City v Brighton & Hove Albion,Free kicks,2ND,5.5,True,0.595264182713642,0.6875,model,1.6940094994191253,True
2026-01-07,Manchester City v Brighton & Hove Albion,Goal kicks,2ND,2.5,True,0.7275627361418595,0.875,model,1.3825474678741323,True
2026-01-07,Brentford v Sunderland,Throw-ins,ALL,17.5,True,0.7536914325076012,0.7,model,1.3443409032678448,False
2026-01-07,Brentford v Sunderland,Goal kicks,ALL,7.5,False,0.7173857194043973,0.7,model,1.4080578990172004,True
2026-01-07,Brentford v Sunderland,Shots on target,1ST,0.5,True,0.764227695563413,0.8,model,1.3393237234379747,True
2026-01-07,Brentford v Sunderland,Shots on target,1ST,0.5,True,0.6573935769013021,0.85,model,1.5472033305124255,True
2026-01-07,Brentford v Sunderland,Free kicks,1ST,3.5,True,0.6929504704150474,0.8,model,1.4565621196440386,True
2026-01-07,Brentford v Sunderland,Goal kicks,1ST,2.5,True,0.6898147757642944,0.75,model,1.4621796674215963,True
2026-01-07,Brentford v Sunderland,Fouls,2ND,3.5,True,0.671421823148242,0.8571428571428571,model,1.523331060067115,True
2026-01-07,Brentford v Sunderland,Fouls,2ND,3.5,True,0.6171630619412299,0.7857142857142857,model,1.647681663618929,True
2026-01-07,Brentford v Sunderland,Goal kicks,2ND,3.5,True,0.7449293878661868,0.75,model,1.3643213689926095,False
2026-01-07,Everton v Wolverhampton,Total shots,ALL,9.5,True,0.7068914285088591,0.8947368421052632,model,1.4331462881947108,True
2026-01-07,Everton v Wolverhampton,Total shots,ALL,10.5,True,0.6464393138477835,0.7894736842105263,model,1.5634966044122836,True
2026-01-07,Everton v Wolverhampton,Corner kicks,ALL,2.5,True,0.8092259938035962,0.7894736842105263,model,1.260682637962323,False
2026-01-07,Everton v Wolverhampton,Yellow cards,ALL,1.5,True,0.647593211524226,0.8823529411764706,model,1.5556849411231366,True
2026-01-07,Everton v Wolverhampton,Goal kicks,ALL,6.5,False,0.6757177376238342,0.7368421052631579,model,1.4869933778166284,False
2026-01-07,Everton v Wolverhampton,Shots on target,1ST,0.5,True,0.7254355377722269,0.7894736842105263,model,1.4110057949635175,True
2026-01-07,Everton v Wolverhampton,Shots on target,1ST,0.5,True,0.6760616259303017,0.8421052631578947,model,1.5094632801883745,False
2026-01-07,Everton v Wolverhampton,Corner kicks,1ST,0.5,True,0.8741457358981236,0.9473684210526315,model,1.1655422194015235,False
2026-01-07,Everton v Wolverhampton,Corner kicks,1ST,0.5,True,0.6148822434104679,0.8421052631578947,model,1.6530832207917046,True
2026-01-07,Everton v Wolverhampton,Fouls,1ST,5.5,False,0.6578946332202167,0.7692307692307693,model,1.52745204325872,True
2026-01-07,Everton v Wolverhampton,Free kicks,1ST,4.5,True,0.7158390996007948,0.7894736842105263,model,1.4207158209049302,True
2026-01-07,Everton v Wolverhampton,Free kicks,1ST,5.5,True,0.6356036209254408,0.7894736842105263,model,1.5949070593754664,True
2026-01-07,Everton v Wolverhampton,Goal kicks,1ST,2.5,True,0.7056782440056042,0.8421052631578947,model,1.434029284871027,True
2026-01-07,Everton v Wolverhampton,Total shots,2ND,5.5,True,0.7131353039117169,0.8421052631578947,model,1.4151862549291065,False
2026-01-07,Everton v Wolverhampton,Shots on target,2ND,0.5,True,0.7780999747768642,0.9473684210526315,model,1.2851818948930953,False
2026-01-07,Everton v Wolverhampton,Shots on target,2ND,1.5,True,0.603812696523536,0.7368421052631579,model,1.6561427173650383,False
2026-01-07,Everton v Wolverhampton,Shots on target,2ND,0.5,True,0.7008472957731213,0.7894736842105263,model,1.4560503421413031,True
2026-01-07,Everton v Wolverhampton,Corner kicks,2ND,1.5,True,0.7224332214944439,0.7894736842105263,model,1.4073442761087613,True
2026-01-07,Fulham v Chelsea,Offsides,ALL,1.5,True,0.6684612534728114,0.6875,model,1.5139583207828617,False
2026-01-07,Fulham v Chelsea,Throw-ins,ALL,17.5,True,0.6382983815274946,0.6875,model,1.5805035517509576,False
2026-01-07,Fulham v Chelsea,Corner kicks,1ST,1.5,True,0.6852934097247706,0.75,model,1.4817909566662155,False
2026-01-07,Fulham v Chelsea,Fouls,1ST,4.5,True,0.6653160567265752,0.7857142857142857,model,1.5182718152453905,False
2026-01-07,Fulham v Chelsea,Offsides,1ST,0.5,True,0.731264621583019,0.6875,model,1.3674940240309055,True
2026-01-07,Fulham v Chelsea,Goal kicks,1ST,2.5,True,0.6318606728612549,0.8125,model,1.596756174261145,True
2026-01-07,Fulham v Chelsea,Corner kicks,2ND,1.5,True,0.5464964143838353,0.6875,model,1.8507883018592406,True
2026-01-07,Fulham v Chelsea,Offsides,2ND,0.5,True,0.6300043873840973,0.8125,model,1.609026341355257,False
2026-01-07,Fulham v Chelsea,Yellow cards,2ND,0.5,True,0.7512441354672826,0.7857142857142857,model,1.3585745023749098,True
2026-01-07,Fulham v Chelsea,Yellow cards,2ND,0.5,True,0.7168712788343871,0.8571428571428571,model,1.421527204095348,False
2026-01-07,Fulham v Chelsea,Free kicks,2ND,4.5,True,0.6664347044620706,0.8125,model,1.5167463862855906,True
2026-01-07,Fulham v Chelsea,Goal kicks,2ND,3.5,True,0.6643353450177112,0.75,model,1.5204271689962128,True
2026-01-07,Crystal Palace v Aston Villa,Total shots,ALL,10.5,True,0.738383144925816,0.75,model,1.374567285275893,True
2026-01-07,Crystal Palace v Aston Villa,Shots on target,ALL,2.5,True,0.8050729169265185,0.9166666666666666,model,1.2850042253269394,True
2026-01-07,Crystal Palace v Aston Villa,Fouls,ALL,8.5,True,0.5025095712919763,0.75,model,1.99128974870834,False
2026-01-07,Crystal Palace v Aston Villa,Offsides,ALL,1.5,True,0.8596835627314203,0.7272727272727273,model,1.1985911762407893,True
2026-01-07,Crystal Palace v Aston Villa,Yellow cards,ALL,1.5,True,0.5938330369154006,0.8333333333333334,model,1.6957841922120744,False
2026-01-07,Crystal Palace v Aston Villa,Free kicks,ALL,11.5,False,0.783817504182309,0.6666666666666666,model,1.296959619509088,True
2026-01-07,Crystal Palace v Aston Villa,Free kicks,ALL,12.5,False,0.834392435219288,0.75,model,1.2212505883076128,True
2026-01-07,Crystal Palace v Aston Villa,Goal kicks,ALL,6.5,True,0.668752281492559,0.8333333333333334,model,1.5091452886685752,True
2026-01-07,Crystal Palace v Aston Villa,Goal kicks,ALL,7.5,True,0.5794504934074414,0.6666666666666666,model,1.7353089010611367,True
2026-01-07,Crystal Palace v Aston Villa,Total shots,1ST,5.5,False,0.6734866151251242,0.6666666666666666,model,1.4941567019294972,True
2026-01-07,Crystal Palace v Aston Villa,Shots on target,1ST,1.5,True,0.7264556882339966,0.8333333333333334,model,1.3867279162925028,False
2026-01-07,Crystal Palace v Aston Villa,Tackles,1ST,7.5,True,0.6619672846932081,0.75,model,1.5517158569004526,True
2026-01-07,Crystal Palace v Aston Villa,Goal kicks,1ST,2.5,True,0.6747465453500235,0.8333333333333334,model,1.5136263669646872,True
2026-01-07,Crystal Palace v Aston Villa,Shots on target,2ND,1.5,True,0.8462155676719832,0.8333333333333334,model,1.2173025298925386,True
2026-01-07,Crystal Palace v Aston Villa,Shots on target,2ND,2.5,True,0.7463996427803874,0.75,model,1.3824030988442255,False
2026-01-07,Crystal Palace v Aston Villa,Corner kicks,2ND,1.5,True,0.7206043190924282,0.8333333333333334,model,1.407943382196199,True
2026-01-07,Crystal Palace v Aston Villa,Fouls,2ND,3.5,True,0.9086019210551213,1.0,model,1.117117352578407,True
2026-01-07,Crystal Palace v Aston Villa,Fouls,2ND,3.5,True,0.5557199414371564,0.75,model,1.8117075490524146,False
2026-01-07,Crystal Palace v Aston Villa,Tackles,2ND,9.5,False,0.6338924008496362,0.75,model,1.5827634512903757,True
2026-01-07,Crystal Palace v Aston Villa,Offsides,2ND,0.5,True,0.8181818181818182,0.8181818181818182,record,1.9119952105468399,True
2026-01-07,Crystal Palace v Aston Villa,Throw-ins,2ND,6.5,True,0.6959987529791769,0.75,model,1.4463703530382188,True
2026-01-07,Crystal Palace v Aston Villa,Yellow cards,2ND,0.5,True,0.8370415938372618,0.8333333333333334,model,1.2536109852583253,True
2026-01-07,Crystal Palace v Aston Villa,Yellow cards,2ND,0.5,True,0.6878702322872724,0.75,model,1.4757741307381065,False
2026-01-07,Crystal Palace v Aston Villa,Free kicks,2ND,6.5,False,0.7958157502852888,0.8333333333333334,model,1.277384163441286,True
2026-01-07,Crystal Palace v Aston Villa,Goal kicks,2ND,3.5,True,0.5690756796411868,0.6666666666666666,model,1.7717193627361318,False
2026-01-07,Bournemouth v Tottenham Hotspur,Total shots,ALL,11.5,True,0.6559363142826488,0.7777777777777778,model,1.5477303314157211,False
2026-01-07,Bournemouth v Tottenham Hotspur,Total shots,ALL,11.5,False,0.7855134394269754,0.8333333333333334,model,1.2942029818952383,False
2026-01-07,Bournemouth v Tottenham Hotspur,Free kicks,ALL,8.5,True,0.694190283937639,0.7777777777777778,model,1.4551903174193934,True
2026-01-07,Bournemouth v Tottenham Hotspur,Goal kicks,ALL,6.5,True,0.7467285782684727,0.8333333333333334,model,1.36161765946952,True
2026-01-07,Bournemouth v Tottenham Hotspur,Total shots,1ST,4.5,False,0.6842354925771349,0.7777777777777778,model,1.4724421726733166,False
2026-01-07,Bournemouth v Tottenham Hotspur,Shots on target,1ST,0.5,True,0.8064062427337434,0.8888888888888888,model,1.2641391413386547,True
2026-01-07,Bournemouth v Tottenham Hotspur,Shots on target,1ST,0.5,True,0.6737281295736998,0.7222222222222222,model,1.512343022587768,True
2026-01-07,Bournemouth v Tottenham Hotspur,Offsides,1ST,0.5,True,0.756902301053476,0.7777777777777778,model,1.3400342590080834,True
2026-01-07,Bournemouth v Tottenham Hotspur,Goal kicks,1ST,2.5,True,0.8342474739259687,0.8888888888888888,model,1.2219551821639698,True
2026-01-07,Bournemouth v Tottenham Hotspur,Corner kicks,2ND,1.5,True,0.8574241141643213,0.8333333333333334,model,1.183541720302654,False
2026-01-07,Bournemouth v Tottenham Hotspur,Free kicks,2ND,3.5,True,0.6775647528754771,0.8333333333333334,model,1.4887277037612905,True
2026-01-07,Newcastle United v Leeds United,Offsides,ALL,0.5,True,0.775846997021931,0.8666666666666667,model,1.3121514887989787,True
2026-01-07,Newcastle United v Leeds United,Offsides,ALL,1.5,True,0.6008022360982276,0.7333333333333333,model,1.6901602617112195,False
2026-01-07,Newcastle United v Leeds United,Offsides,ALL,0.5,True,0.6614993918809771,0.8,model,1.5346223491910846,False
2026-01-07,Newcastle United v Leeds United,Yellow cards,ALL,0.5,True,0.6732262672712584,0.6666666666666666,model,1.5336256831764816,True
2026-01-07,Newcastle United v Leeds United,Yellow cards,ALL,0.5,True,0.8527087680784528,0.9333333333333333,model,1.1877352557554333,True
2026-01-07,Newcastle United v Leeds United,Goal kicks,ALL,6.5,True,0.6863759760847429,0.6875,model,1.4707846986300566,True
2026-01-07,Newcastle United v Leeds United,Total shots,1ST,4.5,True,0.748383586505409,0.6875,model,1.3727543944549065,True
2026-01-07,Newcastle United v Leeds United,Shots on target,1ST,1.5,True,0.7860343029053593,0.875,model,1.2861117076235005,True
2026-01-07,Newcastle United v Leeds United,Fouls,1ST,3.5,True,0.7199379416377989,0.7692307692307693,model,1.4050431597581932,False
2026-01-07,Newcastle United v Leeds United,Offsides,1ST,0.5,True,0.593597925390936,0.6666666666666666,model,1.7325360648458041,False
2026-01-07,Newcastle United v Leeds United,Throw-ins,1ST,7.5,True,0.6666441467659622,0.75,model,1.5188433824828889,False
2026-01-07,Newcastle United v Leeds United,Shots on target,2ND,1.5,True,0.7236846770743753,0.75,model,1.4090749893464598,True
2026-01-07,Newcastle United v Leeds United,Fouls,2ND,4.5,True,0.6274768413801856,0.6923076923076923,model,1.6107203162291719,True
2026-01-07,Newcastle United v Leeds United,Offsides,2ND,0.5,True,0.6592278304209268,0.8666666666666667,model,1.5402585390038261,True
2026-01-07,Newcastle United v Leeds United,Yellow cards,2ND,0.5,True,0.7374471477369636,0.8666666666666667,model,1.3890181477763885,True
2026-01-07,Newcastle United v Leeds United,Free kicks,2ND,3.5,True,0.6972418762069528,0.8125,model,1.4596068786084806,True
2026-01-07,Newcastle United v Leeds United,Free kicks,2ND,4.5,True,0.5967512036211752,0.6875,model,1.6966026400321326,True
2026-01-07,Newcastle United v Leeds United,Free kicks,2ND,3.5,True,0.6869127411542175,0.8125,model,1.4677899559825436,False
2026-01-07,Burnley v Manchester United,Total shots,ALL,11.5,True,0.8076155805132892,0.75,model,1.2677769647050245,True
2026-01-07,Burnley v Manchester United,Corner kicks,ALL,3.5,True,0.697677841850504,0.8,model,1.4576404349831256,True
2026-01-07,Burnley v Manchester United,Offsides,ALL,0.5,True,0.7952227524650533,0.85,model,1.2796943067168673,False
2026-01-07,Burnley v Manchester United,Free kicks,ALL,8.5,True,0.6562634659419204,0.75,model,1.5350290189522395,True
2026-01-07,Burnley v Manchester United,Shots on target,1ST,1.5,True,0.7987017469965709,0.7,model,1.2775763316728364,True
2026-01-07,Burnley v Manchester United,Corner kicks,1ST,1.5,True,0.7566060749055876,0.85,model,1.3402820048612734,True
2026-01-07,Burnley v Manchester United,Yellow cards,1ST,0.5,False,0.6267707814234821,0.7222222222222222,model,1.595479606960719,False
2026-01-07,Burnley v Manchester United,Yellow cards,2ND,0.5,True,0.6234856985413071,0.7777777777777778,model,1.6187516775622641,False
2026-01-07,Burnley v Manchester United,Goal kicks,2ND,3.5,True,0.8121955649293421,0.7,model,1.2557270827624385,True
2026-01-08,Arsenal v Liverpool FC,Total shots,ALL,14.5,False,0.8457954263621627,0.8333333333333334,model,1.2028399061721609,True
2026-01-08,Arsenal v Liverpool FC,Total shots,ALL,15.5,False,0.8806632245243935,0.8333333333333334,model,1.1556290408105745,True
2026-01-08,Arsenal v Liverpool FC,Shots on target,ALL,3.5,True,0.7510869492748947,0.75,model,1.3575264998207885,True
2026-01-08,Arsenal v Liverpool FC,Corner kicks,ALL,3.5,True,0.579072545299825,0.75,model,1.7422808843937008,False
2026-01-08,Arsenal v Liverpool FC,Throw-ins,ALL,16.5,True,0.5212116859730661,0.75,model,1.9259157198483554,False
2026-01-08,Arsenal v Liverpool FC,Yellow cards,ALL,1.5,True,0.564156658100344,0.75,model,1.7880680864460574,True
2026-01-08,Arsenal v Liverpool FC,Total shots,1ST,5.5,False,0.8254105258287714,0.8333333333333334,model,1.222659034133466,True
2026-01-08,Arsenal v Liverpool FC,Total shots,1ST,6.5,False,0.8915138789089929,0.8333333333333334,model,1.1331807085145957,True
2026-01-08,Arsenal v Liverpool FC,Offsides,1ST,0.5,True,0.5012143149529323,0.7272727272727273,model,2.035414950375449,True
2026-01-08,Arsenal v Liverpool FC,Yellow cards,1ST,0.5,False,0.7093198678551711,0.75,model,1.4098011987508292,False
2026-01-08,Arsenal v Liverpool FC,Goal kicks,1ST,2.5,True,0.8159411954344491,0.9166666666666666,model,1.2625656563108785,True
2026-01-08,Arsenal v Liverpool FC,Goal kicks,1ST,3.5,True,0.7234208338635492,0.75,model,1.422943980070627,False
2026-01-08,Arsenal v Liverpool FC,Shots on target,2ND,1.5,True,0.7429303747209134,0.75,model,1.3834891948449015,True
2026-01-08,Arsenal v Liverpool FC,Corner kicks,2ND,1.5,True,0.681535430145032,0.8333333333333334,model,1.506012751951146,False
2026-01-08,Arsenal v Liverpool FC,Offsides,2ND,0.5,True,0.5947609869149508,0.8181818181818182,model,1.7072142001467336,True
2026-01-08,Arsenal v Liverpool FC,Yellow cards,2ND,0.5,True,0.6806127252650073,0.9166666666666666,model,1.4905097459142702,True
2026-01-17,Manchester United v Manchester City,Shots on target,ALL,4.5,False,0.5243081315044025,0.75,model,1.9072753976381982,True
2026-01-17,Manchester United v Manchester City,Shots on target,ALL,5.5,False,0.6487867819308281,0.875,model,1.5438602558594596,True
2026-01-17,Manchester United v Manchester City,Tackles,ALL,15.5,True,0.8613082813805616,0.875,model,1.1715626537977852,True
2026-01-17,Manchester United v Manchester City,Tackles,ALL,16.5,True,0.8176735005939691,0.75,model,1.234492113471433,True
2026-01-17,Manchester United v Manchester City,Offsides,ALL,0.5,True,0.8378684098379489,0.8125,model,1.2122479672197517,True
2026-01-17,Manchester United v Manchester City,Offsides,ALL,0.5,True,0.7781551192075403,1.0,model,1.2983414552419068,True
2026-01-17,Manchester United v Manchester City,Goal kicks,ALL,5.5,True,0.6728284356288771,0.9375,model,1.5054526667567745,True
2026-01-17,Manchester United v Manchester City,Goal kicks,ALL,6.5,True,0.577470965084188,0.75,model,1.7449930566574523,True
2026-01-17,Manchester United v Manchester City,Total shots,1ST,6.5,False,0.6581349020710676,0.8125,model,1.527979424203152,True
2026-01-17,Manchester United v Manchester City,Total shots,1ST,7.5,False,0.7214787807186155,0.875,model,1.40770318008744,True
2026-01-17,Manchester United v Manchester City,Shots on target,1ST,2.5,False,0.6237385668792806,0.75,model,1.6032357995806625,True
2026-01-17,Manchester United v Manchester City,Corner kicks,1ST,2.5,False,0.5162380751529096,0.6875,model,1.9370907496580916,False
2026-01-17,Manchester United v Manchester City,Offsides,1ST,0.5,True,0.5888531222316459,0.75,model,1.7210077017886918,False
2026-01-17,Manchester United v Manchester City,Goal kicks,1ST,1.5,True,0.7166798271730564,0.9375,model,1.409610712741967,True
2026-01-17,Manchester United v Manchester City,Goal kicks,1ST,1.5,True,0.7055427083619175,1.0,model,1.4300536345878176,True
2026-01-17,Manchester United v Manchester City,Goal kicks,1ST,2.5,True,0.5462370996642981,0.75,model,1.8398256182204271,True
2026-01-17,Manchester United v Manchester City,Corner kicks,2ND,1.5,True,0.6508777282926872,0.6875,model,1.5776004005115467,True
2026-01-17,Manchester United v Manchester City,Tackles,2ND,8.5,True,0.7304899218494428,0.75,model,1.3836612600404614,True
2026-01-17,Manchester United v Manchester City,Yellow cards,2ND,0.5,True,0.7544864319639112,0.875,model,1.3644112904999133,True
2026-01-17,Chelsea v Brentford,Total shots,ALL,10.5,True,0.8757194698727927,0.8125,model,1.1595694155420972,False
2026-01-17,Chelsea v Brentford,Total shots,1ST,3.5,True,0.9076185821559765,0.875,model,1.1135307969071297,True
2026-01-17,Chelsea v Brentford,Total shots,1ST,4.5,True,0.8440793428672632,0.8125,model,1.1999978845792534,False
2026-01-17,Chelsea v Brentford,Shots on target,1ST,0.5,True,0.8578425727232178,0.875,model,1.1767515370951607,True
2026-01-17,Chelsea v Brentford,Shots on target,1ST,1.5,True,0.7016762063318869,0.75,model,1.440710676780504,False
2026-01-17,Chelsea v Brentford,Shots on target,1ST,0.5,True,0.7039522516387585,0.8125,model,1.4483242915287626,True
2026-01-17,Chelsea v Brentford,Free kicks,1ST,4.5,True,0.69713470078222,0.8125,model,1.4395992508172664,False
2026-01-17,Chelsea v Brentford,Tackles,2ND,7.5,False,0.6059574077089551,0.6875,model,1.6515945847802773,True
2026-01-17,Chelsea v Brentford,Offsides,2ND,0.5,True,0.6297223705245993,0.6923076923076923,model,1.6092857389901147,True
2026-01-17,Chelsea v Brentford,Throw-ins,2ND,7.5,True,0.6128732013642334,0.75,model,1.6462097489950307,True
2026-01-17,Chelsea v Brentford,Yellow cards,2ND,0.5,True,0.8230626264767167,0.875,model,1.2308143948684964,False
2026-01-17,Chelsea v Brentford,Goal kicks,2ND,2.5,True,0.5826674730443361,0.75,model,1.7418981290755773,False
2026-01-17,Chelsea v Brentford,Goal kicks,2ND,2.5,True,0.775797766728693,1.0,model,1.3015094785797552,False
2026-01-17,Leeds United v Fulham,Shots on target,ALL,3.5,True,0.5920994262763615,0.7,model,1.7023858305312731,True
2026-01-17,Leeds United v Fulham,Corner kicks,ALL,3.5,True,0.7693829190406616,0.85,model,1.3160879313074199,True
2026-01-17,Leeds United v Fulham,Fouls,ALL,9.5,True,0.7133956372846844,0.75,model,1.4219861363436959,True
2026-01-17,Leeds United v Fulham,Offsides,ALL,0.5,True,0.8258908638570979,0.9,model,1.2330014614169298,True
2026-01-17,Leeds United v Fulham,Offsides,ALL,0.5,True,0.8034319617389724,0.9,model,1.262029161234062,True
2026-01-17,Leeds United v Fulham,Free kicks,ALL,9.5,True,0.7447926545448115,0.75,model,1.3565355879097347,True
2026-01-17,Leeds United v Fulham,Total shots,1ST,4.5,True,0.7335123776301122,0.85,model,1.3842157559584758,True
2026-01-17,Leeds United v Fulham,Total shots,1ST,4.5,True,0.6225028451095768,0.7,model,1.6178217314829881,True
2026-01-17,Leeds United v Fulham,Corner kicks,1ST,1.5,True,0.7508182709030328,0.9,model,1.3499629502072195,True
2026-01-17,Leeds United v Fulham,Fouls,1ST,3.5,True,0.6147554895251697,0.7692307692307693,model,1.6527971299207278,False
2026-01-17,Leeds United v Fulham,Fouls,1ST,3.5,True,0.8476003320238568,1.0,model,1.2014905534447533,True
2026-01-17,Leeds United v Fulham,Fouls,1ST,4.5,True,0.7674738140155445,0.8461538461538461,model,1.3278531766865933,True
2026-01-17,Leeds United v Fulham,Offsides,1ST,0.5,True,0.7010980846358551,0.8,model,1.4429594932623981,True
2026-01-17,Leeds United v Fulham,Free kicks,1ST,5.5,True,0.6922817791535072,0.7,model,1.457793205600627,True
2026-01-17,Leeds United v Fulham,Total shots,2ND,5.5,True,0.6410711066461965,0.75,model,1.572666289807775,True
2026-01-17,Leeds United v Fulham,Shots on target,2ND,1.5,True,0.6343122313460131,0.8,model,1.5908925352129903,True
2026-01-17,Leeds United v Fulham,Yellow cards,2ND,0.5,True,0.6768029520900606,0.8,model,1.4914768261121412,True
2026-01-17,Leeds United v Fulham,Free kicks,2ND,3.5,True,0.7332879638877032,0.8,model,1.3835971726500014,True
2026-01-17,Leeds United v Fulham,Free kicks,2ND,3.5,True,0.625236507450747,0.85,model,1.6099472874576817,True
2026-01-17,Liverpool FC v Burnley,Total shots,ALL,9.5,True,0.9850717377021928,1.0,model,1.0190650931727891,True
2026-01-17,Liverpool FC v Burnley,Total shots,ALL,10.5,True,0.97428801869453,1.0,model,1.0321432861516668,True
2026-01-17,Liverpool FC v Burnley,Shots on target,ALL,3.5,True,0.7338365404853582,0.9411764705882353,model,1.3627012894977972,True
2026-01-17,Liverpool FC v Burnley,Corner kicks,ALL,3.5,True,0.772787567685204,0.8823529411764706,model,1.330598534990121,True
2026-01-17,Liverpool FC v Burnley,Corner kicks,ALL,4.5,True,0.6926759199914339,0.7647058823529411,model,1.4807941789446355,True
2026-01-17,Liverpool FC v Burnley,Offsides,ALL,0.5,True,0.7880263516074826,0.8823529411764706,model,1.315084668031197,True
2026-01-17,Liverpool FC v Burnley,Yellow cards,ALL,1.5,False,0.6789471726249173,0.6875,model,1.472868641802928,True
2026-01-17,Liverpool FC v Burnley,Goal kicks,ALL,7.5,False,0.7735452198115348,0.7647058823529411,model,1.3080717773646258,True
2026-01-17,Liverpool FC v Burnley,Goal kicks,ALL,7.5,True,0.8613318075243042,0.9411764705882353,model,1.1853344626969093,True
2026-01-17,Liverpool FC v Burnley,Goal kicks,ALL,8.5,True,0.8192705482125008,0.7647058823529411,model,1.2472608778733432,True
2026-01-17,Liverpool FC v Burnley,Total shots,1ST,3.5,True,0.9699010648702748,1.0,model,1.03623975133645,True
2026-01-17,Liverpool FC v Burnley,Total shots,1ST,4.5,True,0.9394196826571939,0.9411764705882353,model,1.0728285387543959,True
2026-01-17,Liverpool FC v Burnley,Shots on target,1ST,0.5,True,0.9082263099390734,0.9411764705882353,model,1.1098518637316022,True
2026-01-17,Liverpool FC v Burnley,Shots on target,1ST,1.5,True,0.7704678345614603,0.8235294117647058,model,1.312782401725773,True
2026-01-17,Liverpool FC v Burnley,Shots on target,1ST,0.5,True,0.621883670255059,0.8235294117647058,model,1.634407575737856,False
2026-01-17,Liverpool FC v Burnley,Corner kicks,1ST,0.5,True,0.8689493451994211,1.0,model,1.1838155405328428,True
2026-01-17,Liverpool FC v Burnley,Corner kicks,1ST,1.5,True,0.7475766680868856,0.8235294117647058,model,1.382866145397558,True
2026-01-17,Liverpool FC v Burnley,Free kicks,1ST,3.5,True,0.6850586699304458,0.8235294117647058,model,1.4844892997639927,False
2026-01-17,Liverpool FC v Burnley,Goal kicks,1ST,3.5,True,0.8825186745259708,0.8823529411764706,model,1.1472150788968594,True
2026-01-17,Liverpool FC v Burnley,Goal kicks,1ST,4.5,True,0.8102970089842652,0.8235294117647058,model,1.2514713909823325,True
2026-01-17,Liverpool FC v Burnley,Total shots,2ND,4.5,True,0.9017025270036743,0.9411764705882353,model,1.1368996036464543,True
2026-01-17,Liverpool FC v Burnley,Total shots,2ND,5.5,True,0.854045738047253,0.9411764705882353,model,1.2042501541897312,True
2026-01-17,Liverpool FC v Burnley,Corner kicks,2ND,1.5,True,0.6266316266796259,0.7058823529411765,model,1.6113676525895402,False
2026-01-17,Liverpool FC v Burnley,Throw-ins,2ND,8.5,False,0.5956824663077507,0.7647058823529411,model,1.6792612924267383,True
2026-01-17,Liverpool FC v Burnley,Yellow cards,2ND,0.5,True,0.6332237900241463,0.75,model,1.622318029320217,True
2026-01-17,Liverpool FC v Burnley,Goal kicks,2ND,3.5,True,0.7900456185373734,0.7647058823529411,model,1.2930712819692278,True
2026-01-17,Sunderland v Crystal Palace,Shots on target,ALL,2.5,True,0.6575251298208301,0.7333333333333333,model,1.5373605412925893,True
2026-01-17,Sunderland v Crystal Palace,Shots on target,ALL,2.5,True,0.6228469852068484,0.7333333333333333,model,1.629406879109648,False
2026-01-17,Sunderland v Crystal Palace,Tackles,ALL,16.5,False,0.6594999559931537,0.7333333333333333,model,1.524277763591202,True
2026-01-17,Sunderland v Crystal Palace,Throw-ins,ALL,16.5,True,0.7617250558341834,0.8,model,1.3250171843302376,True
2026-01-17,Sunderland v Crystal Palace,Shots on target,1ST,0.5,True,0.7315623354071774,0.8,model,1.3838626231476376,True
2026-01-17,Sunderland v Crystal Palace,Shots on target,1ST,0.5,True,0.728348281930891,0.8,model,1.4123952043909898,True
2026-01-17,Sunderland v Crystal Palace,Corner kicks,1ST,1.5,True,0.5974408509391453,0.7333333333333333,model,1.692211461475658,True
2026-01-17,Sunderland v Crystal Palace,Throw-ins,1ST,8.5,True,0.6588668402830993,0.9333333333333333,model,1.5280631255880701,True
2026-01-17,Sunderland v Crystal Palace,Shots on target,2ND,0.5,True,0.766109408317407,0.8666666666666667,model,1.3166305253859272,True
2026-01-17,Sunderland v Crystal Palace,Shots on target,2ND,0.5,True,0.7538603044482437,1.0,model,1.343679622482852,True
2026-01-17,Sunderland v Crystal Palace,Yellow cards,2ND,0.5,True,0.6474718474600254,0.8333333333333334,model,1.5666582423808995,True
2026-01-17,Sunderland v Crystal Palace,Yellow cards,2ND,0.5,True,0.729614832720124,0.8333333333333334,model,1.3825171008264299,True
2026-01-17,Tottenham Hotspur v West Ham United,Total shots,ALL,9.5,True,0.7791933530107247,0.9411764705882353,model,1.3144417971290907,True
2026-01-17,Tottenham Hotspur v West Ham United,Shots on target,ALL,2.5,True,0.7659910057203377,0.8823529411764706,model,1.327890956624838,True
2026-01-17,Tottenham Hotspur v West Ham United,Yellow cards,ALL,1.5,True,0.6088755691490226,0.7058823529411765,model,1.6631382752713912,True
2026-01-17,Tottenham Hotspur v West Ham United,Goal kicks,ALL,7.5,False,0.6849787182870604,0.7647058823529411,model,1.4715034670975613,True
2026-01-17,Tottenham Hotspur v West Ham United,Shots on target,1ST,0.5,True,0.7485917244399302,0.8235294117647058,model,1.3676567555169532,True
2026-01-17,Tottenham Hotspur v West Ham United,Shots on target,1ST,0.5,True,0.6166206821542816,0.7058823529411765,model,1.640557120830429,True
2026-01-17,Tottenham Hotspur v West Ham United,Corner kicks,1ST,1.5,True,0.8265407881522193,0.8823529411764706,model,1.242572853177173,True
2026-01-17,Tottenham Hotspur v West Ham United,Corner kicks,1ST,2.5,True,0.7261422638412334,0.7058823529411765,model,1.4150122924149358,False
2026-01-17,Tottenham Hotspur v West Ham United,Free kicks,1ST,3.5,True,0.7396793751257525,0.9411764705882353,model,1.374567155041107,True
2026-01-17,Tottenham Hotspur v West Ham United,Goal kicks,1ST,2.5,True,0.7424696217367529,0.8823529411764706,model,1.3596693953170802,True
2026-01-17,Tottenham Hotspur v West Ham United,Corner kicks,2ND,1.5,True,0.7160555160026929,0.8235294117647058,model,1.4253741947377556,True
2026-01-17,Nottingham Forest v Arsenal,Fouls,ALL,9.5,True,0.5918652184429125,0.7272727272727273,model,1.7141650392463952,False
2026-01-17,Nottingham Forest v Arsenal,Throw-ins,ALL,17.5,False,0.5829159658787315,0.8181818181818182,model,1.7162862497977758,True
2026-01-17,Nottingham Forest v Arsenal,Yellow cards,ALL,0.5,True,0.7266456473437525,0.8181818181818182,model,1.4044506986410707,True
2026-01-17,Nottingham Forest v Arsenal,Yellow cards,ALL,0.5,True,0.7147153707378497,0.9090909090909091,model,1.4435432961764754,True
2026-01-17,Nottingham Forest v Arsenal,Goal kicks,ALL,5.5,True,0.7531907283992316,0.8181818181818182,model,1.3490931105410975,True
2026-01-17,Nottingham Forest v Arsenal,Shots on target,1ST,0.5,True,0.8181818181818182,0.8181818181818182,record,1.9119952105468399,False
2026-01-17,Nottingham Forest v Arsenal,Shots on target,1ST,0.5,True,0.9090909090909091,0.9090909090909091,record,1.6060764308177646,False
2026-01-17,Nottingham Forest v Arsenal,Corner kicks,1ST,1.5,False,0.6304182928279352,0.7272727272727273,model,1.586248386788068,False
2026-01-17,Nottingham Forest v Arsenal,Fouls,1ST,4.5,True,0.6993900301346669,0.8181818181818182,model,1.4732449968434749,False
2026-01-17,Nottingham Forest v Arsenal,Tackles,1ST,9.5,False,0.7562520666445934,0.7272727272727273,model,1.3447620524404538,True
2026-01-17,Nottingham Forest v Arsenal,Throw-ins,1ST,8.5,False,0.5225906562603286,0.7272727272727273,model,1.9135435890798818,True
2026-01-17,Nottingham Forest v Arsenal,Goal kicks,1ST,1.5,True,0.804993675953432,1.0,model,1.277972672340074,True
2026-01-17,Nottingham Forest v Arsenal,Goal kicks,1ST,1.5,True,0.671388919517431,1.0,model,1.5096853623871884,True
2026-01-17,Nottingham Forest v Arsenal,Total shots,2ND,6.5,True,0.6135141456290149,0.7272727272727273,model,1.6488543033166883,True
2026-01-17,Nottingham Forest v Arsenal,Fouls,2ND,3.5,True,0.7412789267376937,0.9090909090909091,model,1.3640470526704036,True
2026-01-17,Nottingham Forest v Arsenal,Throw-ins,2ND,7.5,True,0.6575527051693414,0.8181818181818182,model,1.5337628725415282,True
2026-01-17,Nottingham Forest v Arsenal,Yellow cards,2ND,0.5,True,0.682865262921758,0.7272727272727273,model,1.4940217391823887,False
2026-01-17,Nottingham Forest v Arsenal,Goal kicks,2ND,2.5,True,0.7539899108615227,0.9090909090909091,model,1.3428265103078196,True
2026-01-18,Wolverhampton v Newcastle United,Corner kicks,ALL,3.5,True,0.8402899860920278,0.7333333333333333,model,1.2313489571147023,True
2026-01-18,Wolverhampton v Newcastle United,Fouls,ALL,10.5,False,0.7293418316104154,0.8,model,1.4008515433277982,True
2026-01-18,Wolverhampton v Newcastle United,Fouls,ALL,11.5,False,0.772850252688592,0.8666666666666667,model,1.330554958203525,True
2026-01-18,Wolverhampton v Newcastle United,Tackles,ALL,15.5,True,0.7307471434469971,0.8666666666666667,model,1.3882693931849768,False
2026-01-18,Wolverhampton v Newcastle United,Tackles,ALL,16.5,True,0.682139189915542,0.8,model,1.4845466429470053,False
2026-01-18,Wolverhampton v Newcastle United,Throw-ins,ALL,15.5,True,0.6640480594837469,0.8666666666666667,model,1.5240233427370409,False
2026-01-18,Wolverhampton v Newcastle United,Throw-ins,ALL,16.5,True,0.6179569581122354,0.8,model,1.6335586437913567,False
2026-01-18,Wolverhampton v Newcastle United,Throw-ins,ALL,15.5,True,0.6095451607063247,0.8666666666666667,model,1.6552970443890633,False
2026-01-18,Wolverhampton v Newcastle United,Corner kicks,1ST,1.5,True,0.7820276890336048,0.6666666666666666,model,1.3137135889762408,True
2026-01-18,Wolverhampton v Newcastle United,Tackles,1ST,8.5,True,0.6473699525968488,0.7333333333333333,model,1.5626094914776885,False
2026-01-18,Wolverhampton v Newcastle United,Throw-ins,1ST,7.5,True,0.6695330341886246,0.7333333333333333,model,1.5179472591593854,False
2026-01-18,Wolverhampton v Newcastle United,Throw-ins,1ST,8.5,True,0.6071429754733918,0.6666666666666666,model,1.6674933378968513,False
2026-01-18,Wolverhampton v Newcastle United,Throw-ins,1ST,7.5,True,0.6347004495224438,0.8,model,1.5893436941180294,False
2026-01-18,Wolverhampton v Newcastle United,Throw-ins,1ST,8.5,True,0.546844885600285,0.7333333333333333,model,1.8355658400835557,False
2026-01-18,Wolverhampton v Newcastle United,Goal kicks,1ST,3.5,False,0.5166075331294211,0.7333333333333333,model,1.93570541633871,True
2026-01-18,Wolverhampton v Newcastle United,Total shots,2ND,5.5,True,0.6456522951726842,0.6666666666666666,model,1.5889302913035839,True
2026-01-18,Wolverhampton v Newcastle United,Shots on target,2ND,1.5,True,0.6935315451808676,0.6666666666666666,model,1.4848166916235845,True
2026-01-18,Wolverhampton v Newcastle United,Fouls,2ND,5.5,False,0.6662303604130204,0.7692307692307693,model,1.511840713861893,True
2026-01-18,Wolverhampton v Newcastle United,Tackles,2ND,7.5,True,0.6528015630534233,0.8666666666666667,model,1.549660416435339,True
2026-01-18,Wolverhampton v Newcastle United,Tackles,2ND,8.5,True,0.5826628909379465,0.7333333333333333,model,1.729554439859757,False
2026-01-18,Wolverhampton v Newcastle United,Goal kicks,2ND,2.5,True,0.5978582314946664,0.8,model,1.6860286314831532,True
2026-01-18,Aston Villa v Everton,Total shots,ALL,10.5,True,0.9056590394196007,0.875,model,1.1256578006326978,True
2026-01-18,Aston Villa v Everton,Total shots,ALL,11.5,True,0.8677902095562823,0.75,model,1.177297445400027,True
2026-01-18,Aston Villa v Everton,Shots on target,ALL,2.5,True,0.8800051716722842,0.875,model,1.1592685875088404,True
2026-01-18,Aston Villa v Everton,Corner kicks,ALL,3.5,True,0.8086585600516233,0.8125,model,1.2552609624872404,True
2026-01-18,Aston Villa v Everton,Fouls,ALL,9.5,True,0.5945894238482701,0.6875,model,1.6919809568917592,True
2026-01-18,Aston Villa v Everton,Offsides,ALL,0.5,True,0.8190508365408198,0.9333333333333333,model,1.2420138199694706,True
2026-01-18,Aston Villa v Everton,Free kicks,ALL,12.5,False,0.7210004261096905,0.75,model,1.3972268683751679,False
2026-01-18,Aston Villa v Everton,Free kicks,ALL,13.5,False,0.7808136489136143,0.875,model,1.2931931654707214,False
2026-01-18,Aston Villa v Everton,Goal kicks,ALL,7.5,False,0.6754911533239368,0.75,model,1.4910292420414095,True
2026-01-18,Aston Villa v Everton,Total shots,1ST,3.5,True,0.8858729927335754,0.875,model,1.1434134389675688,True
2026-01-18,Aston Villa v Everton,Total shots,1ST,4.5,True,0.8133130928646265,0.8125,model,1.247657291826093,True
2026-01-18,Aston Villa v Everton,Total shots,1ST,3.5,True,0.5401093191565196,0.6875,model,1.8592302686779585,True
2026-01-18,Aston Villa v Everton,Shots on target,1ST,0.5,True,0.8376601835311894,0.875,model,1.2160234936304017,True
2026-01-18,Aston Villa v Everton,Shots on target,1ST,0.5,True,0.7102268994411933,0.875,model,1.4299363449923073,True
2026-01-18,Aston Villa v Everton,Fouls,1ST,4.5,True,0.7058827950939854,0.7857142857142857,model,1.442814004095863,True
2026-01-18,Aston Villa v Everton,Yellow cards,1ST,0.5,False,0.6769405310550511,0.75,model,1.4772346374968004,True
2026-01-18,Aston Villa v Everton,Corner kicks,2ND,1.5,True,0.7827320960858889,0.75,model,1.3182786651195042,True
2026-01-18,Aston Villa v Everton,Fouls,2ND,5.5,True,0.8148470166650419,0.8571428571428571,model,1.2457824212681945,False
2026-01-18,Aston Villa v Everton,Tackles,2ND,8.5,True,0.7056200708711841,0.75,model,1.4376385439648374,True
2026-01-18,Aston Villa v Everton,Tackles,2ND,9.5,True,0.6389797348630972,0.75,model,1.582956968805014,True
2026-01-18,Aston Villa v Everton,Throw-ins,2ND,7.5,True,0.5623650890584513,0.75,model,1.7900564849716194,False
2026-01-18,Aston Villa v Everton,Free kicks,2ND,5.5,True,0.8151162704979293,0.8125,model,1.2532324712284941,False
2026-01-19,Brighton & Hove Albion v Bournemouth,Total shots,ALL,12.5,True,0.6796739967468806,0.75,model,1.4854264300545423,True
2026-01-19,Brighton & Hove Albion v Bournemouth,Corner kicks,ALL,3.5,True,0.6504750087058707,0.75,model,1.5569364991505863,True
2026-01-19,Brighton & Hove Albion v Bournemouth,Corner kicks,ALL,3.5,True,0.6430508522162002,0.8,model,1.5766343788536434,True
2026-01-19,Brighton & Hove Albion v Bournemouth,Yellow cards,ALL,1.5,True,0.7473460199282751,0.85,model,1.3507307831068422,True
2026-01-19,Brighton & Hove Albion v Bournemouth,Free kicks,ALL,8.5,True,0.7967675401598033,0.85,model,1.2758370781368902,False
2026-01-19,Brighton & Hove Albion v Bournemouth,Goal kicks,ALL,6.5,True,0.7969684522033487,0.8,model,1.2772499648841007,True
2026-01-19,Brighton & Hove Albion v Bournemouth,Shots on target,1ST,1.5,True,0.6771866833690459,0.8,model,1.4962374564763032,True
2026-01-19,Brighton & Hove Albion v Bournemouth,Corner kicks,1ST,1.5,True,0.6631298478137074,0.7,model,1.5306286375553113,True
2026-01-19,Brighton & Hove Albion v Bournemouth,Tackles,1ST,7.5,True,0.6833938206068889,0.8,model,1.4838793525116247,False
2026-01-19,Brighton & Hove Albion v Bournemouth,Tackles,1ST,8.5,True,0.6068503777804398,0.7,model,1.6642418238074954,False
2026-01-19,Brighton & Hove Albion v Bournemouth,Offsides,1ST,0.5,True,0.722885853832305,0.75,model,1.4027741378466492,True
2026-01-19,Brighton & Hove Albion v Bournemouth,Free kicks,1ST,4.5,True,0.7752243718771497,0.9,model,1.300008396720934,False
2026-01-19,Brighton & Hove Albion v Bournemouth,Goal kicks,1ST,2.5,True,0.6752857074540748,0.7,model,1.5053353633017255,True
2026-01-19,Brighton & Hove Albion v Bournemouth,Shots on target,2ND,1.5,True,0.7373723132912167,0.85,model,1.372293178608104,True
2026-01-19,Brighton & Hove Albion v Bournemouth,Shots on target,2ND,1.5,True,0.6244829958674228,0.85,model,1.6252493995497925,False
2026-01-19,Brighton & Hove Albion v Bournemouth,Fouls,2ND,4.5,False,0.5824822412825202,0.8,model,1.716790537335836,True
2026-01-19,Brighton & Hove Albion v Bournemouth,Fouls,2ND,5.5,False,0.7149343884303059,0.8666666666666667,model,1.3987297522442275,True
2026-01-19,Brighton & Hove Albion v Bournemouth,Yellow cards,2ND,0.5,True,0.7902928271506742,0.95,model,1.2829798035973108,True
2026-01-19,Brighton & Hove Albion v Bournemouth,Free kicks,2ND,5.5,True,0.7166330370106918,0.7,model,1.4006764945212828,False
2026-01-19,Brighton & Hove Albion v Bournemouth,Goal kicks,2ND,3.5,True,0.8328209222562954,0.8,model,1.212257023389183,True
2026-01-24,West Ham United v Sunderland,Shots on target,ALL,2.5,True,0.6287123559149126,0.8095238095238095,model,1.6168054299931938,True
2026-01-24,West Ham United v Sunderland,Corner kicks,ALL,3.5,True,0.7534613404416342,0.8095238095238095,model,1.3393719852222223,False
2026-01-24,West Ham United v Sunderland,Shots on target,1ST,0.5,True,0.6992542788463596,0.8095238095238095,model,1.4552600383210241,True
2026-01-24,West Ham United v Sunderland,Shots on target,1ST,0.5,True,0.7176479351941755,0.8095238095238095,model,1.4200734139128448,True
2026-01-24,West Ham United v Sunderland,Corner kicks,2ND,1.5,True,0.757335602886915,0.7619047619047619,model,1.3479767777096527,True
2026-01-24,West Ham United v Sunderland,Throw-ins,2ND,7.5,True,0.7008612012432686,0.8571428571428571,model,1.4447322418143804,True
2026-01-24,West Ham United v Sunderland,Throw-ins,2ND,8.5,True,0.6331261678047163,0.8095238095238095,model,1.595173597179988,True
2026-01-24,West Ham United v Sunderland,Throw-ins,2ND,7.5,True,0.6546081156341564,0.7619047619047619,model,1.5351476327838696,True
2026-01-24,Manchester City v Wolverhampton,Total shots,ALL,10.5,True,0.8886584627714058,0.8823529411764706,model,1.1352646231434043,True
2026-01-24,Manchester City v Wolverhampton,Total shots,ALL,11.5,True,0.8437018689243547,0.8823529411764706,model,1.1967502867703441,False
2026-01-24,Manchester City v Wolverhampton,Total shots,ALL,9.5,False,0.7887510039672215,0.8235294117647058,model,1.2793432161252414,False
2026-01-24,Manchester City v Wolverhampton,Total shots,ALL,10.5,False,0.8310758486493139,0.8235294117647058,model,1.2157309855772116,False
2026-01-24,Manchester City v Wolverhampton,Corner kicks,ALL,3.5,True,0.9310841294550156,0.8823529411764706,model,1.0783464545050288,True
2026-01-24,Manchester City v Wolverhampton,Corner kicks,ALL,4.5,True,0.8733294608187313,0.8823529411764706,model,1.1511898294722633,False
2026-01-24,Manchester City v Wolverhampton,Tackles,ALL,15.5,True,0.773726394286349,0.7647058823529411,model,1.3222067625754135,True
2026-01-24,Manchester City v Wolverhampton,Offsides,ALL,0.5,True,0.7521756015770734,0.8,model,1.3604302806276896,False
2026-01-24,Manchester City v Wolverhampton,Free kicks,ALL,9.5,True,0.8704790010986035,1.0,model,1.1617397350339795,True
2026-01-24,Manchester City v Wolverhampton,Free kicks,ALL,10.5,True,0.8187581970373331,0.8823529411764706,model,1.2359859339596748,True
2026-01-24,Manchester City v Wolverhampton,Goal kicks,ALL,5.5,True,0.7234268669914117,0.9411764705882353,model,1.4020594874227224,True
2026-01-24,Manchester City v Wolverhampton,Goal kicks,ALL,6.5,True,0.6533087566046444,0.7647058823529411,model,1.5491078236818379,True
2026-01-24,Manchester City v Wolverhampton,Total shots,1ST,3.5,True,0.8859208330946682,1.0,model,1.1474828130408987,True
2026-01-24,Manchester City v Wolverhampton,Total shots,1ST,4.5,True,0.8171181288068656,0.9411764705882353,model,1.246803185557733,True
2026-01-24,Manchester City v Wolverhampton,Shots on target,1ST,1.5,True,0.7386327662774071,0.8235294117647058,model,1.3801644702334475,True
2026-01-24,Manchester City v Wolverhampton,Shots on target,1ST,1.5,False,0.7652959076672137,0.7058823529411765,model,1.3111054221129022,True
2026-01-24,Manchester City v Wolverhampton,Corner kicks,1ST,0.5,True,0.9736019765026315,0.9411764705882353,model,1.0351828757046726,True
2026-01-24,Manchester City v Wolverhampton,Corner kicks,1ST,1.5,True,0.9209340562375872,0.9411764705882353,model,1.1034206951966181,False
2026-01-24,Manchester City v Wolverhampton,Free kicks,1ST,4.5,True,0.7692320494467905,0.8823529411764706,model,1.3203672113510587,True
2026-01-24,Manchester City v Wolverhampton,Goal kicks,1ST,2.5,True,0.7539719077373703,0.8823529411764706,model,1.343750867311921,True
2026-01-24,Manchester City v Wolverhampton,Total shots,2ND,5.5,True,0.748325369693953,0.7058823529411765,model,1.3676726994866883,False
2026-01-24,Manchester City v Wolverhampton,Shots on target,2ND,1.5,True,0.7313006040251049,0.7647058823529411,model,1.384111400758206,False
2026-01-24,Manchester City v Wolverhampton,Corner kicks,2ND,1.5,True,0.7708493354289301,0.7647058823529411,model,1.3181964247714844,True
2026-01-24,Manchester City v Wolverhampton,Fouls,2ND,5.5,True,0.7464751177765366,0.7333333333333333,model,1.3632065601017902,True
2026-01-24,Manchester City v Wolverhampton,Tackles,2ND,7.5,True,0.6927861995330935,0.7058823529411765,model,1.4756635569870515,True
2026-01-24,Manchester City v Wolverhampton,Yellow cards,2ND,1.5,False,0.7419385008154875,0.6875,model,1.3478206062913154,True
2026-01-24,Manchester City v Wolverhampton,Free kicks,2ND,4.5,True,0.8275537699670041,0.8235294117647058,model,1.2264719893830127,True
2026-01-24,Manchester City v Wolverhampton,Free kicks,2ND,5.5,True,0.7479880035128765,0.7058823529411765,model,1.3567624130285307,True
2026-01-24,Manchester City v Wolverhampton,Goal kicks,2ND,2.5,True,0.6561930312652621,0.9411764705882353,model,1.539991667728108,True
2026-01-24,Fulham v Brighton & Hove Albion,Fouls,1ST,5.5,False,0.7287668540053291,0.75,model,1.3811087685944547,True
2026-01-24,Fulham v Brighton & Hove Albion,Offsides,1ST,0.5,True,0.7272727272727273,0.7272727272727273,record,1.9287193060610484,True
2026-01-24,Fulham v Brighton & Hove Albion,Yellow cards,1ST,0.5,True,0.7404331769136749,0.8,model,1.3732031886540872,False
2026-01-24,Fulham v Brighton & Hove Albion,Goal kicks,1ST,2.5,True,0.6554127653132782,0.7272727272727273,model,1.551284438278893,True
2026-01-24,Fulham v Brighton & Hove Albion,Corner kicks,2ND,1.5,True,0.7498500814229664,0.7272727272727273,model,1.3458377346554156,True
2026-01-24,Fulham v Brighton & Hove Albion,Fouls,2ND,3.5,True,0.6455440273345242,0.6875,model,1.5709532958304935,True
2026-01-24,Fulham v Brighton & Hove Albion,Yellow cards,2ND,0.5,True,0.7665999126368431,0.85,model,1.3217268135302693,True
2026-01-24,Fulham v Brighton & Hove Albion,Yellow cards,2ND,0.5,True,0.6587959613973366,0.8,model,1.5335253568213219,True
2026-01-24,Fulham v Brighton & Hove Albion,Goal kicks,2ND,3.5,True,0.7444150632685045,0.7727272727272727,model,1.3604532267515164,True
2026-01-24,Burnley v Tottenham Hotspur,Shots on target,ALL,2.5,True,0.7682314007908141,0.8,model,1.3174380748265215,True
2026-01-24,Burnley v Tottenham Hotspur,Offsides,ALL,0.5,True,0.8021305229595218,0.75,model,1.2691008355006308,True
2026-01-24,Burnley v Tottenham Hotspur,Free kicks,ALL,7.5,True,0.6565260554518287,0.8,model,1.5357892772507815,True
2026-01-24,Burnley v Tottenham Hotspur,Free kicks,ALL,8.5,True,0.528491882375855,0.7,model,1.900592887026666,False
2026-01-24,Burnley v Tottenham Hotspur,Total shots,1ST,3.5,True,0.6807668795539275,0.7,model,1.5010795972892446,True
2026-01-24,Burnley v Tottenham Hotspur,Shots on target,1ST,0.5,True,0.7587476186143306,0.9,model,1.340273294969284,True
2026-01-24,Burnley v Tottenham Hotspur,Free kicks,1ST,3.5,True,0.607599255639904,0.7,model,1.6679358053065336,False
2026-01-24,Burnley v Tottenham Hotspur,Shots on target,2ND,1.5,True,0.7245637473402211,0.8,model,1.3935368704539355,True
2026-01-24,Bournemouth v Liverpool FC,Yellow cards,ALL,1.5,True,0.6633134559478997,0.7368421052631579,model,1.5318045461898067,False
2026-01-24,Bournemouth v Liverpool FC,Goal kicks,1ST,2.5,True,0.7531537664677198,0.8947368421052632,model,1.3584778044539239,True
2026-01-24,Bournemouth v Liverpool FC,Corner kicks,2ND,1.5,True,0.7871770335254789,0.7368421052631579,model,1.2846868093906907,True
2026-01-24,Bournemouth v Liverpool FC,Fouls,2ND,5.5,True,0.6618552813172258,0.75,model,1.5247224820471574,False
2026-01-24,Bournemouth v Liverpool FC,Free kicks,2ND,5.5,True,0.6339577300163239,0.7368421052631579,model,1.5949325458558494,False
2026-01-25,Brentford v Nottingham Forest,Total shots,ALL,9.5,True,0.6828345210128978,0.7222222222222222,model,1.4867961762787307,False
2026-01-25,Brentford v Nottingham Forest,Yellow cards,ALL,1.5,True,0.6050239787951109,0.7647058823529411,model,1.6687422453521616,False
2026-01-25,Brentford v Nottingham Forest,Goal kicks,ALL,6.5,True,0.6086249515995307,0.7777777777777778,model,1.667484805334793,True
2026-01-25,Brentford v Nottingham Forest,Shots on target,1ST,0.5,True,0.7403969599302501,0.8888888888888888,model,1.3642310062987808,True
2026-01-25,Brentford v Nottingham Forest,Shots on target,1ST,0.5,True,0.6354050095442301,0.8888888888888888,model,1.5962469430783055,True
2026-01-25,Brentford v Nottingham Forest,Throw-ins,1ST,9.5,True,0.5749566962503189,0.7777777777777778,model,1.748153828338449,True
2026-01-25,Brentford v Nottingham Forest,Yellow cards,1ST,0.5,False,0.6782854511839944,0.7058823529411765,model,1.4743055423854816,True
2026-01-25,Brentford v Nottingham Forest,Free kicks,1ST,3.5,True,0.6973718933921766,0.8333333333333334,model,1.459500484109812,True
2026-01-25,Brentford v Nottingham Forest,Yellow cards,2ND,0.5,True,0.7418045268545234,0.9411764705882353,model,1.348064030075826,True
2026-01-25,Newcastle United v Aston Villa,Total shots,ALL,11.5,True,0.7334388637685969,0.7142857142857143,model,1.3892144136511742,True
2026-01-25,Newcastle United v Aston Villa,Shots on target,ALL,4.5,False,0.48081438985996516,0.7142857142857143,model,2.0798046420599956,False
2026-01-25,Newcastle United v Aston Villa,Offsides,ALL,0.5,True,0.8969431588340606,0.9230769230769231,model,1.1447833216866086,True
2026-01-25,Newcastle United v Aston Villa,Offsides,ALL,1.5,True,0.7766463961438337,0.7692307692307693,model,1.332416485141626,True
2026-01-25,Newcastle United v Aston Villa,Yellow cards,ALL,0.5,True,0.8209162852006576,0.8571428571428571,model,1.2610032818248265,True
2026-01-25,Newcastle United v Aston Villa,Yellow cards,ALL,0.5,True,0.8009021928479616,0.9285714285714286,model,1.2687739371983582,True
2026-01-25,Newcastle United v Aston Villa,Yellow cards,ALL,1.5,True,0.6220864382022291,0.8571428571428571,model,1.6313705023345224,True
2026-01-25,Newcastle United v Aston Villa,Goal kicks,ALL,6.5,True,0.7107518230305876,0.7857142857142857,model,1.4195397900979754,True
2026-01-25,Newcastle United v Aston Villa,Shots on target,1ST,1.5,True,0.8026943633565113,0.8571428571428571,model,1.2619672268257571,True
2026-01-25,Newcastle United v Aston Villa,Fouls,1ST,3.5,True,0.6749373146929923,0.7142857142857143,model,1.5150035895736673,True
2026-01-25,Newcastle United v Aston Villa,Tackles,1ST,5.5,True,0.7307242473486733,0.8571428571428571,model,1.4000634069679074,True
2026-01-25,Newcastle United v Aston Villa,Shots on target,2ND,1.5,True,0.8000196860797097,0.8571428571428571,model,1.2819244000066394,True
2026-01-25,Newcastle United v Aston Villa,Fouls,2ND,3.5,True,0.733200161470218,0.8571428571428571,model,1.389947223217769,True
2026-01-25,Newcastle United v Aston Villa,Offsides,2ND,0.5,True,0.9230769230769231,0.9230769230769231,record,1.49957713263039,True
2026-01-25,Newcastle United v Aston Villa,Yellow cards,2ND,0.5,True,0.6760616259303017,0.8571428571428571,model,1.495821449773609,True
2026-01-25,Crystal Palace v Chelsea,Total shots,ALL,10.5,True,0.6101296002092896,0.7142857142857143,model,1.6498062572948413,True
2026-01-25,Crystal Palace v Chelsea,Shots on target,ALL,2.5,True,0.7771563075168054,0.8571428571428571,model,1.3147682393775524,True
2026-01-25,Crystal Palace v Chelsea,Throw-ins,ALL,14.5,True,0.6722703549289641,0.7857142857142857,model,1.5106603084443622,True
2026-01-25,Crystal Palace v Chelsea,Yellow cards,ALL,1.5,True,0.6805907913781502,0.7857142857142857,model,1.4828060069058808,True
2026-01-25,Crystal Palace v Chelsea,Goal kicks,ALL,6.5,True,0.6465172155520365,0.7857142857142857,model,1.5643577494975052,False
2026-01-25,Crystal Palace v Chelsea,Total shots,1ST,4.5,True,0.7422337723529734,0.8571428571428571,model,1.3743169293936361,False
2026-01-25,Crystal Palace v Chelsea,Shots on target,1ST,1.5,True,0.6960499543546903,0.7142857142857143,model,1.4490979840780125,False
2026-01-25,Crystal Palace v Chelsea,Tackles,1ST,6.5,True,0.6865113598738052,0.8571428571428571,model,1.4878864008243262,True
2026-01-25,Crystal Palace v Chelsea,Tackles,1ST,7.5,True,0.6173554552089275,0.7857142857142857,model,1.646544010525242,True
2026-01-25,Crystal Palace v Chelsea,Tackles,1ST,6.5,True,0.504644215729968,0.7142857142857143,model,1.9872730821308315,False
2026-01-25,Crystal Palace v Chelsea,Offsides,1ST,0.5,True,0.6172817624811298,0.7142857142857143,model,1.6529526309775169,True
2026-01-25,Crystal Palace v Chelsea,Goal kicks,1ST,2.5,True,0.7457296456954036,0.9285714285714286,model,1.356198627327481,True
2026-01-25,Crystal Palace v Chelsea,Total shots,2ND,6.5,False,0.7394028983172684,0.7142857142857143,model,1.3632340703581467,False
2026-01-25,Crystal Palace v Chelsea,Shots on target,2ND,1.5,False,0.7251591236708796,0.7142857142857143,model,1.379235039243003,False
2026-01-25,Crystal Palace v Chelsea,Shots on target,2ND,1.5,True,0.7787631683342846,0.8571428571428571,model,1.2998281995973506,True
2026-01-25,Crystal Palace v Chelsea,Corner kicks,2ND,1.5,True,0.6181149599670487,0.7857142857142857,model,1.6274034396556525,True
2026-01-25,Crystal Palace v Chelsea,Offsides,2ND,0.5,True,0.684606921180709,0.7142857142857143,model,1.5008447247975623,True
2026-01-25,Crystal Palace v Chelsea,Yellow cards,2ND,0.5,True,0.7019345138317491,0.7142857142857143,model,1.4435012812109147,True
2026-01-25,Crystal Palace v Chelsea,Goal kicks,2ND,2.5,True,0.7669836244325525,0.9285714285714286,model,1.3216495468115557,False
2026-01-25,Crystal Palace v Chelsea,Goal kicks,2ND,3.5,True,0.6518531938625993,0.7857142857142857,model,1.5517490939361,False
2026-01-25,Arsenal v Manchester United,Corner kicks,ALL,3.5,True,0.6486552673621229,0.7058823529411765,model,1.564238550666881,True
2026-01-25,Arsenal v Manchester United,Offsides,ALL,0.5,True,0.7783119829995822,1.0,model,1.302461852295639,True
2026-01-25,Arsenal v Manchester United,Offsides,ALL,0.5,True,0.5809190648705936,0.8125,model,1.7214101937294164,False
2026-01-25,Arsenal v Manchester United,Corner kicks,1ST,1.5,True,0.5874765993114646,0.7058823529411765,model,1.7360669817470415,True
2026-01-25,Arsenal v Manchester United,Yellow cards,1ST,0.5,False,0.6010354620294118,0.6875,model,1.6637953385037783,True
2026-01-25,Arsenal v Manchester United,Goal kicks,1ST,1.5,True,0.8901533809880833,0.9411764705882353,model,1.1410584384301476,True
2026-01-25,Arsenal v Manchester United,Goal kicks,1ST,2.5,True,0.8032081337640412,0.8235294117647058,model,1.2684990903558515,True
2026-01-25,Arsenal v Manchester United,Offsides,2ND,0.5,True,0.8125,0.8125,record,1.7546740968198824,True
2026-01-25,Arsenal v Manchester United,Yellow cards,2ND,0.5,True,0.6489882050947132,0.75,model,1.5779271604012373,True
2026-01-25,Arsenal v Manchester United,Yellow cards,2ND,0.5,True,0.6431460144796985,0.8125,model,1.571734134542937,False
2026-01-26,Everton v Leeds United,Shots on target,ALL,2.5,True,0.7045778001196582,0.7727272727272727,model,1.4352907128743766,True
2026-01-26,Everton v Leeds United,Offsides,ALL,0.5,True,0.6997528425749756,0.8421052631578947,model,1.4566125581203084,False
2026-01-26,Everton v Leeds United,Throw-ins,ALL,17.5,True,0.7599226986432488,0.7727272727272727,model,1.335324611414631,True
2026-01-26,Everton v Leeds United,Throw-ins,ALL,18.5,True,0.7182371896068322,0.7727272727272727,model,1.4112645894263791,True
2026-01-26,Everton v Leeds United,Shots on target,1ST,0.5,True,0.7034687743710079,0.8181818181818182,model,1.433865193571009,False
2026-01-26,Everton v Leeds United,Shots on target,1ST,0.5,True,0.7158651966193859,0.8636363636363636,model,1.421527204095348,True
2026-01-26,Everton v Leeds United,Offsides,1ST,0.5,False,0.681386058391916,0.7368421052631579,model,1.4675968016721959,True
2026-01-26,Everton v Leeds United,Goal kicks,1ST,2.5,True,0.6575515151285506,0.7272727272727273,model,1.536193034018834,True
2026-01-26,Everton v Leeds United,Shots on target,2ND,1.5,True,0.6762173797206961,0.7727272727272727,model,1.5050908651619423,False
2026-01-26,Everton v Leeds United,Yellow cards,2ND,0.5,True,0.6450152185129184,0.75,model,1.55035101699693,True
2026-01-31,Leeds United v Arsenal,Offsides,ALL,0.5,True,0.7506030695605912,0.8235294117647058,model,1.3889828256047534,True
2026-01-31,Leeds United v Arsenal,Yellow cards,ALL,0.5,True,0.6641102590809641,0.8235294117647058,model,1.525001332206164,True
2026-01-31,Leeds United v Arsenal,Goal kicks,ALL,6.5,True,0.6881477829117317,0.7647058823529411,model,1.47460288119618,False
2026-01-31,Leeds United v Arsenal,Corner kicks,1ST,1.5,True,0.5438353425409279,0.7647058823529411,model,1.851188501365635,False
2026-01-31,Leeds United v Arsenal,Fouls,1ST,3.5,True,0.6609255513758777,0.6923076923076923,model,1.5449522550472474,True
2026-01-31,Leeds United v Arsenal,Fouls,1ST,3.5,True,0.7779029450312597,0.8461538461538461,model,1.3348732694677847,True
2026-01-31,Leeds United v Arsenal,Goal kicks,1ST,2.5,True,0.7412040138259297,0.7647058823529411,model,1.3677650781323565,False
2026-01-31,Leeds United v Arsenal,Fouls,2ND,4.5,True,0.5317034614460137,0.6923076923076923,model,1.8893351837579921,False
2026-01-31,Leeds United v Arsenal,Fouls,2ND,4.5,True,0.528087607404684,0.6923076923076923,model,1.898800925276602,False
2026-01-31,Leeds United v Arsenal,Throw-ins,2ND,7.5,True,0.6322931709547828,0.7647058823529411,model,1.5986876827049104,True
2026-01-31,Leeds United v Arsenal,Yellow cards,2ND,0.5,True,0.5399726115217,0.7058823529411765,model,1.876804971966174,True
2026-01-31,Leeds United v Arsenal,Free kicks,2ND,3.5,True,0.6964338510858729,0.9411764705882353,model,1.4491038094375008,False
2026-01-31,Leeds United v Arsenal,Free kicks,2ND,3.5,True,0.6413096836831157,0.8823529411764706,model,1.589228453852023,True
2026-01-31,Leeds United v Arsenal,Free kicks,2ND,4.5,True,0.5392202145151922,0.7058823529411765,model,1.8730399215161737,False
2026-01-31,Leeds United v Arsenal,Goal kicks,2ND,2.5,True,0.7291578447338687,0.8823529411764706,model,1.3860442221152252,True
2026-01-31,Leeds United v Arsenal,Goal kicks,2ND,3.5,True,0.6078374626125963,0.8235294117647058,model,1.6580128415550839,True
2026-01-31,Brighton & Hove Albion v Everton,Total shots,ALL,11.5,True,0.8441957492764554,0.8636363636363636,model,1.1984992389535076,False
2026-01-31,Brighton & Hove Albion v Everton,Total shots,ALL,12.5,True,0.7957010463681841,0.7272727272727273,model,1.2717622237355153,False
2026-01-31,Brighton & Hove Albion v Everton,Corner kicks,ALL,3.5,True,0.7021685570957497,0.7727272727272727,model,1.4454555697955775,True
2026-01-31,Brighton & Hove Albion v Everton,Fouls,ALL,9.5,True,0.7473250086868335,0.7272727272727273,model,1.3554493484551746,True
2026-01-31,Brighton & Hove Albion v Everton,Offsides,ALL,0.5,True,0.7430212382479707,0.8095238095238095,model,1.3739219111249215,True
2026-01-31,Brighton & Hove Albion v Everton,Goal kicks,ALL,7.5,True,0.7412012968247463,0.8181818181818182,model,1.3705789622615054,True
2026-01-31,Brighton & Hove Albion v Everton,Fouls,2ND,4.5,True,0.6553972693233314,0.8235294117647058,model,1.5351924716365546,True
2026-01-31,Brighton & Hove Albion v Everton,Goal kicks,2ND,3.5,True,0.7812568087720817,0.7727272727272727,model,1.3002087495717944,False
2026-01-31,Wolverhampton v Bournemouth,Shots on target,ALL,3.5,True,0.6709260688930413,0.7142857142857143,model,1.5142361399941093,True
2026-01-31,Wolverhampton v Bournemouth,Corner kicks,ALL,3.5,True,0.7513324258694433,0.7619047619047619,model,1.354788691184823,True
2026-01-31,Wolverhampton v Bournemouth,Offsides,ALL,1.5,True,0.7181753204422708,0.7619047619047619,model,1.410642521640208,True
2026-01-31,Wolverhampton v Bournemouth,Free kicks,ALL,8.5,True,0.8083966777183491,0.8095238095238095,model,1.2506888677019334,True
2026-01-31,Wolverhampton v Bournemouth,Total shots,1ST,3.5,True,0.6999320636899085,0.7619047619047619,model,1.450123079071759,True
2026-01-31,Wolverhampton v Bournemouth,Corner kicks,1ST,1.5,True,0.748752225675516,0.7142857142857143,model,1.3439334037704427,True
2026-01-31,Wolverhampton v Bournemouth,Free kicks,1ST,4.5,True,0.7835216350082738,0.8571428571428571,model,1.2882467561782511,True
2026-01-31,Wolverhampton v Bournemouth,Goal kicks,1ST,2.5,True,0.7249301759407668,0.7619047619047619,model,1.3992950049270758,True
2026-01-31,Wolverhampton v Bournemouth,Shots on target,2ND,1.5,True,0.6274050328877305,0.7142857142857143,model,1.6199841113544404,True
2026-01-31,Wolverhampton v Bournemouth,Corner kicks,2ND,1.5,True,0.7183158411444097,0.8571428571428571,model,1.4181569829006115,True
2026-01-31,Wolverhampton v Bournemouth,Tackles,2ND,8.5,True,0.5515045589136968,0.7142857142857143,model,1.8185099047751867,True
2026-01-31,Wolverhampton v Bournemouth,Offsides,2ND,0.5,True,0.6843435286845582,0.8095238095238095,model,1.4905097459142702,True
2026-01-31,Wolverhampton v Bournemouth,Goal kicks,2ND,3.5,False,0.6257090826655651,0.7619047619047619,model,1.5981868055038118,True
2026-01-31,Chelsea v West Ham United,Total shots,ALL,11.5,True,0.8755653124292022,0.7647058823529411,model,1.175282164210347,True
2026-01-31,Chelsea v West Ham United,Total shots,ALL,12.5,True,0.8393928470920361,0.7058823529411765,model,1.2275496332609364,True
2026-01-31,Chelsea v West Ham United,Offsides,ALL,0.5,True,0.8215839694640982,1.0,model,1.217161041557662,True
2026-01-31,Chelsea v West Ham United,Goal kicks,ALL,7.5,False,0.791441986939315,0.7058823529411765,model,1.2821042310975765,True
2026-01-31,Chelsea v West Ham United,Total shots,1ST,4.5,True,0.8806739501281726,0.8235294117647058,model,1.1560007511082877,True
2026-01-31,Chelsea v West Ham United,Total shots,1ST,5.5,True,0.8187163354988068,0.7058823529411765,model,1.2457675989901524,False
2026-01-31,Chelsea v West Ham United,Shots on target,1ST,0.5,True,0.8749829097148076,0.9411764705882353,model,1.157805134436592,True
2026-01-31,Chelsea v West Ham United,Shots on target,1ST,1.5,True,0.7320150908343307,0.8235294117647058,model,1.3879483403233435,False
2026-01-31,Chelsea v West Ham United,Shots on target,1ST,0.5,True,0.7038551395355157,0.7058823529411765,model,1.4479136924176175,True
2026-01-31,Chelsea v West Ham United,Fouls,1ST,4.5,True,0.7631782578350339,0.8571428571428571,model,1.324464914197574,True
2026-01-31,Chelsea v West Ham United,Free kicks,1ST,4.5,True,0.7331994339631968,0.7647058823529411,model,1.3721677094122597,True
2026-01-31,Chelsea v West Ham United,Total shots,2ND,6.5,False,0.7486174939024637,0.7058823529411765,model,1.3513522732180054,True
2026-01-31,Chelsea v West Ham United,Yellow cards,2ND,0.5,True,0.607713152284592,0.7058823529411765,model,1.6880901641270964,True
2026-01-31,Chelsea v West Ham United,Yellow cards,2ND,0.5,True,0.766109408317407,0.7647058823529411,model,1.3215188066311847,True
2026-01-31,Chelsea v West Ham United,Goal kicks,2ND,2.5,True,0.7262186875097856,0.7647058823529411,model,1.4052053415816683,True
2026-01-31,Liverpool FC v Newcastle United,Total shots,ALL,13.5,False,0.6928387555154553,0.7333333333333333,model,1.4589601531436076,True
2026-01-31,Liverpool FC v Newcastle United,Fouls,ALL,7.5,True,0.6894612408173226,0.8,model,1.4674455795337695,True
2026-01-31,Liverpool FC v Newcastle United,Throw-ins,ALL,15.5,True,0.6859846364294632,0.7333333333333333,model,1.48877269817258,False
2026-01-31,Liverpool FC v Newcastle United,Yellow cards,ALL,0.5,True,0.8121484394021175,0.9285714285714286,model,1.2511292342964486,True
2026-01-31,Liverpool FC v Newcastle United,Goal kicks,ALL,5.5,True,0.9009555640921025,0.9333333333333333,model,1.1335832904152852,True
2026-01-31,Liverpool FC v Newcastle United,Corner kicks,1ST,1.5,True,0.7896516009259619,0.7333333333333333,model,1.3021842988366408,True
2026-01-31,Liverpool FC v Newcastle United,Tackles,1ST,5.5,True,0.5708200493354518,0.8,model,1.7680662286073034,True
2026-01-31,Liverpool FC v Newcastle United,Yellow cards,1ST,0.5,False,0.709243648799342,0.7857142857142857,model,1.4099527034085833,False
2026-01-31,Liverpool FC v Newcastle United,Total shots,2ND,6.5,False,0.5374918071586716,0.7333333333333333,model,1.860493474842478,True
2026-01-31,Liverpool FC v Newcastle United,Total shots,2ND,7.5,False,0.612938270301627,0.8666666666666667,model,1.6323079915678023,True
2026-01-31,Liverpool FC v Newcastle United,Tackles,2ND,5.5,True,0.5901885862268772,0.8,model,1.7181356298697452,True
2026-01-31,Liverpool FC v Newcastle United,Tackles,2ND,5.5,True,0.6289431163457172,0.8666666666666667,model,1.6127126329604893,False
2026-01-31,Liverpool FC v Newcastle United,Yellow cards,2ND,0.5,True,0.7382839880473512,0.8571428571428571,model,1.3903787432709223,True
2026-01-31,Liverpool FC v Newcastle United,Goal kicks,2ND,2.5,True,0.7663609079623296,0.8666666666666667,model,1.333582582280771,True
2026-02-01,Aston Villa v Brentford,Tackles,ALL,15.5,True,0.633711617834299,0.7777777777777778,model,1.5845454236624208,True
2026-02-01,Aston Villa v Brentford,Yellow cards,ALL,1.5,True,0.7702878755090188,0.8333333333333334,model,1.3135442014314094,True
2026-02-01,Aston Villa v Brentford,Total shots,1ST,3.5,True,0.8779614137639506,0.8888888888888888,model,1.1511928560438227,True
2026-02-01,Aston Villa v Brentford,Shots on target,1ST,0.5,True,0.8823280856522989,0.8888888888888888,model,1.1471884179538903,True
2026-02-01,Aston Villa v Brentford,Shots on target,1ST,0.5,True,0.7258161941051462,0.9444444444444444,model,1.4004245644266127,True
2026-02-01,Aston Villa v Brentford,Offsides,1ST,0.5,False,0.7058823529411765,0.7058823529411765,record,2.133721765202606,True
2026-02-01,Aston Villa v Brentford,Free kicks,1ST,3.5,True,0.7937105635728519,0.8888888888888888,model,1.2724618716409473,True
2026-02-01,Aston Villa v Brentford,Corner kicks,2ND,1.5,True,0.7027684233825978,0.7777777777777778,model,1.4415586295117722,False
2026-02-01,Aston Villa v Brentford,Tackles,2ND,7.5,True,0.6154634695929111,0.7777777777777778,model,1.6494152760712915,True
2026-02-01,Aston Villa v Brentford,Offsides,2ND,0.5,True,0.7950728469259931,0.7647058823529411,model,1.2863288610470223,True
2026-02-01,Aston Villa v Brentford,Yellow cards,2ND,0.5,True,0.8398186862689947,0.8333333333333334,model,1.202212520309685,True
2026-02-01,Nottingham Forest v Crystal Palace,Total shots,ALL,10.5,True,0.6653437836078022,0.7692307692307693,model,1.534658578165734,False
2026-02-01,Nottingham Forest v Crystal Palace,Total shots,ALL,11.5,True,0.6154549826341019,0.6923076923076923,model,1.652084897594115,False
2026-02-01,Nottingham Forest v Crystal Palace,Shots on target,ALL,2.5,True,0.7314837261367643,0.7692307692307693,model,1.4072163481117381,False
2026-02-01,Nottingham Forest v Crystal Palace,Shots on target,ALL,2.5,True,0.5214749783735851,0.7692307692307693,model,1.9307478753579659,True
2026-02-01,Nottingham Forest v Crystal Palace,Fouls,ALL,8.5,True,0.6771769826147631,0.7692307692307693,model,1.4983461156413667,True
2026-02-01,Nottingham Forest v Crystal Palace,Throw-ins,ALL,16.5,True,0.8444819613425799,0.7692307692307693,model,1.2046678268631523,True
2026-02-01,Nottingham Forest v Crystal Palace,Throw-ins,ALL,16.5,False,0.512179205697704,0.6923076923076923,model,1.9524416237042923,True
2026-02-01,Nottingham Forest v Crystal Palace,Shots on target,1ST,0.5,True,0.6308199303651,0.8461538461538461,model,1.626853948036672,True
2026-02-01,Nottingham Forest v Crystal Palace,Shots on target,1ST,0.5,True,0.6928012200189311,0.7692307692307693,model,1.4625617094605778,True
2026-02-01,Nottingham Forest v Crystal Palace,Corner kicks,1ST,1.5,True,0.8064508167309985,0.8461538461538461,model,1.255411028124421,True
2026-02-01,Nottingham Forest v Crystal Palace,Free kicks,1ST,3.5,True,0.727171575505617,1.0,model,1.3895671426085574,True
2026-02-01,Nottingham Forest v Crystal Palace,Shots on target,2ND,1.5,True,0.7757652394699506,0.7692307692307693,model,1.3338463292348905,False
2026-02-01,Nottingham Forest v Crystal Palace,Throw-ins,2ND,8.5,True,0.7354267959857156,0.8461538461538461,model,1.3746060637377582,True
2026-02-01,Nottingham Forest v Crystal Palace,Throw-ins,2ND,9.5,True,0.6607536667825475,0.7692307692307693,model,1.526938922940847,False
2026-02-01,Nottingham Forest v Crystal Palace,Free kicks,2ND,5.5,False,0.7646090904259899,0.6923076923076923,model,1.3271809932134093,True
2026-02-01,Manchester United v Fulham,Shots on target,ALL,3.5,True,0.8067137041086991,0.8636363636363636,model,1.2493116787897354,True
2026-02-01,Manchester United v Fulham,Offsides,ALL,0.5,True,0.8334143340612317,0.8636363636363636,model,1.2277751924296165,True
2026-02-01,Manchester United v Fulham,Offsides,ALL,0.5,True,0.8243912983533516,0.9545454545454546,model,1.2241845790549535,True
2026-02-01,Manchester United v Fulham,Yellow cards,ALL,1.5,True,0.7686365888327504,0.8636363636363636,model,1.3145850566728408,False
2026-02-01,Manchester United v Fulham,Shots on target,1ST,1.5,True,0.8454574245029612,0.8636363636363636,model,1.1905613225783902,True
2026-02-01,Manchester United v Fulham,Corner kicks,1ST,1.5,True,0.7907951301917545,0.8636363636363636,model,1.2857773401542762,True
2026-02-01,Manchester United v Fulham,Goal kicks,1ST,2.5,True,0.7328677264748025,0.9090909090909091,model,1.3758022289532235,False
2026-02-01,Manchester United v Fulham,Total shots,2ND,5.5,True,0.7016686348142586,0.7727272727272727,model,1.4475415427654001,True
2026-02-01,Manchester United v Fulham,Shots on target,2ND,1.5,True,0.6712121797088662,0.7727272727272727,model,1.5083842014890307,True
2026-02-01,Manchester United v Fulham,Yellow cards,2ND,0.5,True,0.8478500496686567,0.9090909090909091,model,1.2031667109562754,False
2026-02-01,Tottenham Hotspur v Manchester City,Fouls,ALL,9.5,False,0.5996887685118197,0.6875,model,1.6675316472602741,False
2026-02-01,Tottenham Hotspur v Manchester City,Tackles,ALL,16.5,True,0.7932439994997815,0.75,model,1.2910381347323239,True
2026-02-01,Tottenham Hotspur v Manchester City,Offsides,ALL,0.5,True,0.8934472720349981,0.9375,model,1.1399755772888607,True
2026-02-01,Tottenham Hotspur v Manchester City,Offsides,ALL,0.5,True,0.7935657484834359,0.9375,model,1.2782633372619134,True
2026-02-01,Tottenham Hotspur v Manchester City,Free kicks,ALL,9.5,False,0.5568527523977657,0.6875,model,1.7958068729912458,False
2026-02-01,Tottenham Hotspur v Manchester City,Goal kicks,ALL,5.5,True,0.6423289899405287,0.6875,model,1.5761559412077808,True
2026-02-01,Tottenham Hotspur v Manchester City,Goal kicks,ALL,5.5,True,0.5606765088841293,0.8125,model,1.7899190340317541,False
2026-02-01,Tottenham Hotspur v Manchester City,Offsides,1ST,0.5,True,0.5792832130294625,0.6875,model,1.7612588508912879,True
2026-02-01,Tottenham Hotspur v Manchester City,Free kicks,1ST,3.5,True,0.6930579312301322,0.9375,model,1.4628269292538536,True
2026-02-01,Tottenham Hotspur v Manchester City,Corner kicks,2ND,1.5,True,0.6436889051240543,0.75,model,1.5837869114376817,True
2026-02-01,Tottenham Hotspur v Manchester City,Corner kicks,2ND,1.5,True,0.6449004056837481,0.6875,model,1.5816303951961534,True
2026-02-01,Tottenham Hotspur v Manchester City,Tackles,2ND,8.5,True,0.7181037471321415,0.6875,model,1.4200830825999171,True
2026-02-02,Sunderland v Burnley,Shots on target,ALL,2.5,True,0.7905244128530503,0.8181818181818182,model,1.2854295141774141,True
2026-02-02,Sunderland v Burnley,Corner kicks,ALL,2.5,True,0.7774174763400258,0.9090909090909091,model,1.3006879500935637,False
2026-02-02,Sunderland v Burnley,Corner kicks,ALL,2.5,True,0.56913837514154,0.7272727272727273,model,1.771341803672265,False
2026-02-02,Sunderland v Burnley,Total shots,1ST,3.5,True,0.8858596669129454,0.9090909090909091,model,1.1412208010742295,True
2026-02-02,Sunderland v Burnley,Corner kicks,1ST,0.5,True,0.8446866976023909,0.9545454545454546,model,1.1943009512287006,False
2026-02-02,Sunderland v Burnley,Corner kicks,1ST,1.5,True,0.6793322965073384,0.8181818181818182,model,1.4862252471256947,False
2026-02-02,Sunderland v Burnley,Offsides,1ST,0.5,True,0.6285368395575162,0.7,model,1.6146112331941753,True
2026-02-02,Sunderland v Burnley,Free kicks,1ST,3.5,True,0.6950645510917295,0.7727272727272727,model,1.4533277922649745,True
2026-02-02,Sunderland v Burnley,Goal kicks,1ST,3.5,False,0.6972761789070271,0.7727272727272727,model,1.4389906593916897,True
2026-02-02,Sunderland v Burnley,Goal kicks,1ST,4.5,False,0.828106471825892,0.8636363636363636,model,1.2172699212421805,True
2026-02-02,Sunderland v Burnley,Total shots,2ND,3.5,True,0.7677261014984034,0.8636363636363636,model,1.3224053529372684,False
2026-02-02,Sunderland v Burnley,Yellow cards,2ND,0.5,True,0.5917125687648364,0.75,model,1.719497205801074,True
2026-02-06,Leeds United v Nottingham Forest,Fouls,ALL,9.5,True,0.6147161702668923,0.75,model,1.6407657369534039,False
2026-02-06,Leeds United v Nottingham Forest,Yellow cards,ALL,0.5,True,0.6760385953133536,0.9,model,1.4974092418121576,True
2026-02-06,Leeds United v Nottingham Forest,Shots on target,1ST,0.5,True,0.702056671308175,0.75,model,1.4475374239073637,True
2026-02-06,Leeds United v Nottingham Forest,Shots on target,1ST,0.5,True,0.6251193118275656,0.75,model,1.6250281852019142,True
2026-02-06,Leeds United v Nottingham Forest,Corner kicks,1ST,1.5,True,0.658021869140281,0.75,model,1.519706330287351,True
2026-02-06,Leeds United v Nottingham Forest,Fouls,1ST,4.5,True,0.7847727315526746,0.8125,model,1.2903409687163268,True
2026-02-06,Leeds United v Nottingham Forest,Throw-ins,1ST,7.5,True,0.7008423667117921,0.8,model,1.456895267699537,True
2026-02-06,Leeds United v Nottingham Forest,Throw-ins,1ST,8.5,True,0.6460266955279477,0.7,model,1.5756048082655756,True
2026-02-06,Leeds United v Nottingham Forest,Offsides,2ND,0.5,True,0.5624798699058473,0.75,model,1.8004613044336666,True
2026-02-07,Manchester United v Tottenham Hotspur,Total shots,ALL,11.5,False,0.6936438938526405,0.7272727272727273,model,1.452156719759913,True
2026-02-07,Manchester United v Tottenham Hotspur,Total shots,ALL,12.5,False,0.7388514246101752,0.7272727272727273,model,1.3674899992426783,True
2026-02-07,Manchester United v Tottenham Hotspur,Offsides,ALL,0.5,True,0.7650081244009139,0.8636363636363636,model,1.330886665367066,True
2026-02-07,Manchester United v Tottenham Hotspur,Offsides,ALL,0.5,True,0.8170819821428694,0.9090909090909091,model,1.2557204920629461,True
2026-02-07,Manchester United v Tottenham Hotspur,Yellow cards,ALL,1.5,True,0.7962850538698291,0.7727272727272727,model,1.2788136589865882,True
2026-02-07,Manchester United v Tottenham Hotspur,Goal kicks,ALL,6.5,True,0.7360826516865923,0.8181818181818182,model,1.383737514079021,True
2026-02-07,Manchester United v Tottenham Hotspur,Shots on target,1ST,1.5,True,0.8350564845104722,0.8636363636363636,model,1.2071588792829604,True
2026-02-07,Manchester United v Tottenham Hotspur,Goal kicks,1ST,2.5,True,0.7120062673658766,0.7727272727272727,model,1.426819233565142,True
2026-02-07,Manchester United v Tottenham Hotspur,Total shots,2ND,5.5,True,0.718036436174063,0.8636363636363636,model,1.4129286066712092,True
2026-02-07,Manchester United v Tottenham Hotspur,Total shots,2ND,6.5,True,0.6527375491381374,0.7272727272727273,model,1.5510097549240747,True
2026-02-07,Manchester United v Tottenham Hotspur,Offsides,2ND,0.5,True,0.6498730240804655,0.6818181818181818,model,1.5620842375702686,True
2026-02-07,Manchester United v Tottenham Hotspur,Yellow cards,2ND,0.5,True,0.6280131171700835,0.7727272727272727,model,1.61786942893713,False
2026-02-07,Manchester United v Tottenham Hotspur,Yellow cards,2ND,0.5,True,0.8343212801449932,0.7727272727272727,model,1.2146968116373675,True
2026-02-07,Manchester United v Tottenham Hotspur,Goal kicks,2ND,2.5,True,0.7848697043206065,0.7727272727272727,model,1.300291522019867,True
2026-02-07,Arsenal v Sunderland,Total shots,ALL,11.5,True,0.8773310006948758,0.8947368421052632,model,1.1678444451091454,True
2026-02-07,Arsenal v Sunderland,Total shots,ALL,12.5,True,0.8411594569353393,0.8947368421052632,model,1.2195762952488984,True
2026-02-07,Arsenal v Sunderland,Total shots,ALL,10.5,False,0.9299058909880916,0.7894736842105263,model,1.081887098186041,True
2026-02-07,Arsenal v Sunderland,Total shots,ALL,11.5,False,0.9600654281938032,0.9473684210526315,model,1.0467614983099018,True
2026-02-07,Arsenal v Sunderland,Shots on target,ALL,3.5,True,0.7872071852398603,0.8947368421052632,model,1.29579534430415,True
2026-02-07,Arsenal v Sunderland,Shots on target,ALL,3.5,False,0.8332350512533303,0.8421052631578947,model,1.2067358214507338,True
2026-02-07,Arsenal v Sunderland,Corner kicks,ALL,2.5,True,0.8112891179850192,0.9473684210526315,model,1.2586113838378552,True
2026-02-07,Arsenal v Sunderland,Corner kicks,ALL,3.5,True,0.7180401914636438,0.6842105263157895,model,1.4211829468719692,True
2026-02-07,Arsenal v Sunderland,Throw-ins,ALL,16.5,True,0.6784689082524858,0.6842105263157895,model,1.5023189467062932,False
2026-02-07,Arsenal v Sunderland,Goal kicks,ALL,6.5,True,0.8691739784043834,0.8947368421052632,model,1.16320255183068,True
2026-02-07,Arsenal v Sunderland,Goal kicks,ALL,7.5,True,0.8106513810462125,0.7894736842105263,model,1.248148243879481,True
2026-02-07,Arsenal v Sunderland,Total shots,1ST,4.5,True,0.7778803917322273,0.8421052631578947,model,1.3112924089620321,True
2026-02-07,Arsenal v Sunderland,Total shots,1ST,5.5,True,0.7008042280178349,0.7894736842105263,model,1.4530016319450838,True
2026-02-07,Arsenal v Sunderland,Total shots,1ST,4.5,False,0.8393370486744726,0.7894736842105263,model,1.1987962877511018,True
2026-02-07,Arsenal v Sunderland,Shots on target,1ST,1.5,False,0.7894736842105263,0.7894736842105263,record,1.7647488874230568,False
2026-02-07,Arsenal v Sunderland,Fouls,1ST,4.5,True,0.7084041820592412,0.8666666666666667,model,1.4352486988024808,True
2026-02-07,Arsenal v Sunderland,Fouls,1ST,5.5,True,0.6195626582379119,0.7333333333333333,model,1.634451478195261,False
2026-02-07,Arsenal v Sunderland,Free kicks,1ST,4.5,True,0.7195269126230078,0.7894736842105263,model,1.3990400633879518,True
2026-02-07,Arsenal v Sunderland,Goal kicks,1ST,2.5,True,0.845260045707048,0.8421052631578947,model,1.197826477165739,True
2026-02-07,Arsenal v Sunderland,Total shots,2ND,6.5,True,0.8344990462688741,0.7368421052631579,model,1.2346605014342806,True
2026-02-07,Arsenal v Sunderland,Total shots,2ND,7.5,True,0.7796802995083812,0.6842105263157895,model,1.3215480509122977,False
2026-02-07,Arsenal v Sunderland,Total shots,2ND,6.5,False,0.8983219051408253,0.7368421052631579,model,1.1199240937580068,True
2026-02-07,Arsenal v Sunderland,Shots on target,2ND,1.5,True,0.8156209443356667,0.7368421052631579,model,1.2529295677539847,True
2026-02-07,Arsenal v Sunderland,Corner kicks,2ND,1.5,True,0.7539990553116865,0.7894736842105263,model,1.3595590167395977,True
2026-02-07,Arsenal v Sunderland,Corner kicks,2ND,2.5,True,0.6290059713046128,0.6842105263157895,model,1.6229543832449158,False
2026-02-07,Arsenal v Sunderland,Yellow cards,2ND,0.5,True,0.6141025112750744,0.6842105263157895,model,1.6533780520390262,False
2026-02-07,Arsenal v Sunderland,Yellow cards,2ND,0.5,True,0.6874180917827478,0.7368421052631579,model,1.4681858521571436,False
2026-02-07,Arsenal v Sunderland,Goal kicks,2ND,2.5,True,0.8489074090982588,0.7894736842105263,model,1.1910892488374247,True
2026-02-07,Fulham v Everton,Total shots,ALL,10.5,True,0.7473486407533456,0.8333333333333334,model,1.360000065033422,True
2026-02-07,Fulham v Everton,Total shots,ALL,11.5,True,0.7009708254430982,0.7083333333333334,model,1.4479803291889404,True
2026-02-07,Fulham v Everton,Shots on target,ALL,2.5,True,0.6843615079376141,0.75,model,1.4852326724611835,True
2026-02-07,Fulham v Everton,Fouls,ALL,9.5,True,0.6550867584085431,0.7083333333333334,model,1.5454986219862665,True
2026-02-07,Fulham v Everton,Offsides,ALL,0.5,True,0.7855051870410354,0.8695652173913043,model,1.284825591540784,True
2026-02-07,Fulham v Everton,Offsides,ALL,0.5,True,0.7825375743864992,0.8695652173913043,model,1.3029204333523519,True
2026-02-07,Fulham v Everton,Total shots,1ST,4.5,True,0.7205456651353109,0.75,model,1.4138356261727787,True
2026-02-07,Fulham v Everton,Shots on target,1ST,0.5,True,0.7712711374429512,0.8333333333333334,model,1.30759219908445,True
2026-02-07,Fulham v Everton,Shots on target,1ST,0.5,True,0.6535378389165871,0.7916666666666666,model,1.5485132801642418,True
2026-02-07,Fulham v Everton,Corner kicks,2ND,1.5,True,0.6701620693048252,0.7083333333333334,model,1.5151730398702328,False
2026-02-07,Fulham v Everton,Fouls,2ND,4.5,True,0.5707608264493783,0.75,model,1.7665105701264823,True
2026-02-07,Fulham v Everton,Yellow cards,2ND,0.5,True,0.7095154095120282,0.7727272727272727,model,1.4094126591101857,True
2026-02-07,Fulham v Everton,Yellow cards,2ND,0.5,True,0.6859358243444671,0.7272727272727273,model,1.4785864345016142,True
2026-02-07,Fulham v Everton,Free kicks,2ND,4.5,True,0.6432799045692957,0.75,model,1.5658457738751361,True
2026-02-07,Fulham v Everton,Goal kicks,2ND,3.5,True,0.6510810936772614,0.7083333333333334,model,1.5532709196312577,True
2026-02-07,Wolverhampton v Chelsea,Shots on target,ALL,3.5,True,0.6524450163986446,0.7368421052631579,model,1.5502142300899668,True
2026-02-07,Wolverhampton v Chelsea,Offsides,ALL,0.5,True,0.8140849439483318,0.8947368421052632,model,1.2283730431740645,True
2026-02-07,Wolverhampton v Chelsea,Offsides,ALL,0.5,True,0.6416211402177439,0.8947368421052632,model,1.5779271604012373,True
2026-02-07,Wolverhampton v Chelsea,Free kicks,ALL,10.5,True,0.8502693867885637,0.8947368421052632,model,1.1867095081026533,False
2026-02-07,Wolverhampton v Chelsea,Total shots,1ST,3.5,True,0.7406297032420206,0.7368421052631579,model,1.3691206073600704,True
2026-02-07,Wolverhampton v Chelsea,Shots on target,1ST,0.5,True,0.777994415022229,0.8947368421052632,model,1.30414517895914,False
2026-02-07,Wolverhampton v Chelsea,Corner kicks,1ST,0.5,True,0.6568992195415242,0.7894736842105263,model,1.5405233330388153,True
2026-02-07,Wolverhampton v Chelsea,Corner kicks,1ST,0.5,True,0.7975838957566541,0.8421052631578947,model,1.2860848540238112,True
2026-02-07,Wolverhampton v Chelsea,Tackles,1ST,7.5,True,0.6777965544443348,0.8421052631578947,model,1.4937255510650966,False
2026-02-07,Wolverhampton v Chelsea,Tackles,1ST,8.5,True,0.6158617807506072,0.7894736842105263,model,1.6394922116838302,False
2026-02-07,Wolverhampton v Chelsea,Free kicks,1ST,4.5,True,0.8174403118303263,0.8421052631578947,model,1.238738203764885,False
2026-02-07,Wolverhampton v Chelsea,Shots on target,2ND,1.5,True,0.7416979163306455,0.7894736842105263,model,1.3582278672348016,False
2026-02-07,Wolverhampton v Chelsea,Offsides,2ND,0.5,True,0.6851710084302189,0.7368421052631579,model,1.4895232661560578,True
2026-02-07,Wolverhampton v Chelsea,Free kicks,2ND,4.5,True,0.8233178755534488,0.9473684210526315,model,1.2292116546284337,False
2026-02-07,Bournemouth v Aston Villa,Yellow cards,ALL,1.5,True,0.7455195808210896,0.7,model,1.3625714163899536,False
2026-02-07,Bournemouth v Aston Villa,Free kicks,ALL,9.5,True,0.8558319656748081,0.7,model,1.1969840698339034,False
2026-02-07,Bournemouth v Aston Villa,Fouls,1ST,4.5,True,0.7757581532269288,0.7647058823529411,model,1.3073888051728997,False
2026-02-07,Bournemouth v Aston Villa,Offsides,1ST,0.5,True,0.7777777777777778,0.7777777777777778,record,1.8253180301883756,True
2026-02-07,Bournemouth v Aston Villa,Goal kicks,1ST,2.5,True,0.7659910057203377,0.9,model,1.3297188574651233,True
2026-02-07,Bournemouth v Aston Villa,Corner kicks,2ND,1.5,True,0.7915184481877621,0.8,model,1.2861329545918836,True
2026-02-07,Bournemouth v Aston Villa,Corner kicks,2ND,1.5,True,0.7455016588459916,0.7,model,1.379716892217841,True
2026-02-07,Bournemouth v Aston Villa,Offsides,2ND,0.5,False,0.7222222222222222,0.7222222222222222,record,2.03554375086351,False
2026-02-07,Bournemouth v Aston Villa,Yellow cards,2ND,0.5,True,0.8383404592946408,0.8,model,1.209499311029197,False
2026-02-07,Bournemouth v Aston Villa,Yellow cards,2ND,0.5,True,0.6311023606579781,0.8,model,1.604581607038611,False
2026-02-07,Burnley v West Ham United,Shots on target,ALL,2.5,True,0.7225792749210203,0.8260869565217391,model,1.4099078589740266,True
2026-02-07,Burnley v West Ham United,Offsides,ALL,0.5,True,0.6542583155451662,0.7272727272727273,model,1.5506300377350157,False
2026-02-07,Burnley v West Ham United,Offsides,ALL,0.5,True,0.8457811233638306,0.8636363636363636,model,1.1823389909942799,True
2026-02-07,Burnley v West Ham United,Free kicks,ALL,8.5,True,0.6744489831294272,0.7391304347826086,model,1.4927754248121925,True
2026-02-07,Burnley v West Ham United,Shots on target,1ST,0.5,True,0.7679887418509089,0.8695652173913043,model,1.3304967513419284,True
2026-02-07,Burnley v West Ham United,Corner kicks,1ST,0.5,True,0.8018257956499703,0.8260869565217391,model,1.273584159996934,True
2026-02-07,Burnley v West Ham United,Free kicks,1ST,3.5,True,0.6452649909489374,0.7391304347826086,model,1.5696280770943034,True
2026-02-07,Burnley v West Ham United,Total shots,2ND,4.5,True,0.7504105258344289,0.782608695652174,model,1.3516946788779702,False
2026-02-07,Burnley v West Ham United,Throw-ins,2ND,7.5,True,0.7142344793538594,0.6956521739130435,model,1.4167629350698507,True
2026-02-07,Newcastle United v Brentford,Total shots,ALL,9.5,True,0.8205553867169071,0.8,model,1.233602008467345,True
2026-02-07,Newcastle United v Brentford,Total shots,ALL,10.5,True,0.7684440071903128,0.75,model,1.3170210897777506,True
2026-02-07,Newcastle United v Brentford,Tackles,ALL,13.5,True,0.6363821417540397,0.85,model,1.5907780145799595,False
2026-02-07,Newcastle United v Brentford,Yellow cards,ALL,1.5,True,0.748752225675516,0.85,model,1.350598655281787,True
2026-02-07,Newcastle United v Brentford,Free kicks,ALL,8.5,True,0.6631411375209613,0.85,model,1.5214975811654172,True
2026-02-07,Newcastle United v Brentford,Total shots,1ST,3.5,True,0.8043868230783072,0.85,model,1.2601499588376537,True
2026-02-07,Newcastle United v Brentford,Fouls,1ST,3.5,True,0.735053450739493,0.8235294117647058,model,1.3740405969207348,True
2026-02-07,Newcastle United v Brentford,Tackles,1ST,6.5,True,0.5943757166547139,0.8,model,1.6967964664293103,True
2026-02-07,Newcastle United v Brentford,Tackles,1ST,7.5,True,0.5295940154568483,0.7,model,1.8968806893566996,False
2026-02-07,Newcastle United v Brentford,Yellow cards,1ST,0.5,False,0.7416782115706659,0.7,model,1.3482936189837385,False
2026-02-07,Newcastle United v Brentford,Free kicks,1ST,3.5,True,0.6921096630783116,0.85,model,1.458919250143093,True
2026-02-07,Newcastle United v Brentford,Shots on target,2ND,1.5,True,0.6829020468647247,0.8,model,1.4838378148435327,True
2026-02-07,Newcastle United v Brentford,Fouls,2ND,3.5,True,0.7451501063328615,0.8235294117647058,model,1.365077502110946,True
2026-02-07,Newcastle United v Brentford,Yellow cards,2ND,0.5,True,0.7965516112897439,0.9,model,1.265951166169578,True
2026-02-07,Newcastle United v Brentford,Goal kicks,2ND,2.5,True,0.7144774846725827,0.85,model,1.4225250975536694,True
2026-02-08,Brighton & Hove Albion v Crystal Palace,Total shots,ALL,12.5,False,0.6982521943185355,0.7368421052631579,model,1.449988812771923,True
2026-02-08,Brighton & Hove Albion v Crystal Palace,Shots on target,ALL,3.5,True,0.7241316304574706,0.8421052631578947,model,1.393844715536211,False
2026-02-08,Brighton & Hove Albion v Crystal Palace,Corner kicks,ALL,3.5,True,0.5594553934601068,0.7894736842105263,model,1.796689414177392,True
2026-02-08,Brighton & Hove Albion v Crystal Palace,Yellow cards,ALL,1.5,True,0.7383009068982418,0.8823529411764706,model,1.3544612916719978,True
2026-02-08,Brighton & Hove Albion v Crystal Palace,Free kicks,ALL,8.5,True,0.6077135071940105,0.7368421052631579,model,1.6561006004326575,True
2026-02-08,Brighton & Hove Albion v Crystal Palace,Shots on target,1ST,1.5,True,0.6187860145209828,0.6842105263157895,model,1.6302515947764795,False
2026-02-08,Brighton & Hove Albion v Crystal Palace,Corner kicks,1ST,1.5,True,0.6670806713936309,0.7368421052631579,model,1.5160587769149028,True
2026-02-08,Brighton & Hove Albion v Crystal Palace,Corner kicks,1ST,1.5,True,0.5676194970295994,0.7368421052631579,model,1.7905387552496967,True
2026-02-08,Brighton & Hove Albion v Crystal Palace,Offsides,1ST,0.5,True,0.6216008015847172,0.6842105263157895,model,1.6357473512813991,True
2026-02-08,Brighton & Hove Albion v Crystal Palace,Throw-ins,1ST,6.5,True,0.7127615772478018,0.7894736842105263,model,1.4227167377289462,True
2026-02-08,Brighton & Hove Albion v Crystal Palace,Total shots,2ND,5.5,True,0.7463354293897511,0.7894736842105263,model,1.359176318884152,False
2026-02-08,Brighton & Hove Albion v Crystal Palace,Fouls,2ND,3.5,True,0.6921096630783116,0.875,model,1.4709987098674175,True
2026-02-08,Brighton & Hove Albion v Crystal Palace,Yellow cards,2ND,0.5,True,0.7141795758437716,0.7647058823529411,model,1.4272913147569586,True
2026-02-08,Brighton & Hove Albion v Crystal Palace,Yellow cards,2ND,0.5,True,0.8038918892903701,1.0,model,1.2624382260660196,True
2026-02-08,Liverpool FC v Manchester City,Tackles,ALL,13.5,True,0.5558206371361577,0.7058823529411765,model,1.8080821377676903,True
2026-02-08,Liverpool FC v Manchester City,Offsides,ALL,0.5,True,0.8499769415238887,0.8823529411764706,model,1.2196754976422142,True
2026-02-08,Liverpool FC v Manchester City,Offsides,ALL,0.5,True,0.7078328033214691,0.8235294117647058,model,1.4127630074610151,True
2026-02-08,Liverpool FC v Manchester City,Goal kicks,ALL,5.5,True,0.5803747332144565,0.7058823529411765,model,1.7413105849091324,True
2026-02-08,Liverpool FC v Manchester City,Goal kicks,ALL,5.5,True,0.6854241985071493,0.8823529411764706,model,1.4784579586541795,True
2026-02-08,Liverpool FC v Manchester City,Total shots,1ST,6.5,False,0.6912524470240345,0.8235294117647058,model,1.4576108723322911,False
2026-02-08,Liverpool FC v Manchester City,Tackles,1ST,5.5,True,0.6594272747931363,0.8235294117647058,model,1.532156169310281,True
2026-02-08,Liverpool FC v Manchester City,Tackles,2ND,6.5,True,0.5827905067243432,0.7647058823529411,model,1.7245648797523514,True
2026-02-08,Liverpool FC v Manchester City,Yellow cards,2ND,0.5,True,0.7437532482944846,0.8823529411764706,model,1.3706007627866652,True
2026-02-10,Everton v Bournemouth,Shots on target,ALL,3.5,True,0.6486552673621229,0.7083333333333334,model,1.5587630561758532,True
2026-02-10,Everton v Bournemouth,Corner kicks,ALL,3.5,True,0.7238412325657445,0.75,model,1.4012512186512809,False
2026-02-10,Everton v Bournemouth,Fouls,ALL,11.5,False,0.6351976693014288,0.6666666666666666,model,1.5782585408848007,False
2026-02-10,Everton v Bournemouth,Fouls,ALL,11.5,True,0.6514584705535735,0.6666666666666666,model,1.5562987637051835,True
2026-02-10,Everton v Bournemouth,Yellow cards,ALL,1.5,True,0.5861300980988953,0.782608695652174,model,1.7197028904931662,False
2026-02-10,Everton v Bournemouth,Yellow cards,ALL,1.5,True,0.7281857521989191,0.9130434782608695,model,1.381279797388793,True
2026-02-10,Everton v Bournemouth,Free kicks,ALL,10.5,True,0.701769945629727,0.7083333333333334,model,1.4431012806415937,True
2026-02-10,Everton v Bournemouth,Goal kicks,ALL,7.5,False,0.5365533705436256,0.7083333333333334,model,1.8637474944697843,True
2026-02-10,Everton v Bournemouth,Shots on target,2ND,1.5,True,0.609760660149286,0.75,model,1.6641885160039764,True
2026-02-10,Everton v Bournemouth,Shots on target,2ND,1.5,True,0.6043570085895759,0.75,model,1.676606092314716,True
2026-02-10,Everton v Bournemouth,Corner kicks,2ND,1.5,True,0.7038311758857139,0.75,model,1.447767594064736,True
2026-02-10,Everton v Bournemouth,Corner kicks,2ND,1.5,True,0.7093107045272182,0.875,model,1.4326803173398535,False
2026-02-10,Everton v Bournemouth,Tackles,2ND,8.5,True,0.6643012682459005,0.75,model,1.5156595719031971,True
2026-02-10,Everton v Bournemouth,Tackles,2ND,9.5,True,0.5867169865804381,0.7083333333333334,model,1.711754116972009,True
2026-02-10,Everton v Bournemouth,Offsides,2ND,0.5,True,0.6408181654937384,0.8181818181818182,model,1.5805583414447337,False
2026-02-10,Everton v Bournemouth,Free kicks,2ND,5.5,True,0.6776908739212092,0.6666666666666666,model,1.498408205539711,True
2026-02-10,Chelsea v Leeds United,Fouls,ALL,9.5,True,0.6985719740689692,0.7,model,1.4563901946857292,False
2026-02-10,Chelsea v Leeds United,Yellow cards,ALL,0.5,True,0.8138759141102782,0.8947368421052632,model,1.247518556637307,True
2026-02-10,Chelsea v Leeds United,Goal kicks,ALL,6.5,True,0.6904384820510127,0.75,model,1.4623225430147102,True
2026-02-10,Chelsea v Leeds United,Total shots,1ST,4.5,True,0.7807761824342193,0.75,model,1.2922410203636507,True
2026-02-10,Chelsea v Leeds United,Throw-ins,2ND,7.5,True,0.6502029317654977,0.7,model,1.553301417346944,True
2026-02-10,Chelsea v Leeds United,Yellow cards,2ND,0.5,True,0.6987921150583319,0.7894736842105263,model,1.4504698438545716,True
2026-02-10,Chelsea v Leeds United,Free kicks,2ND,4.5,True,0.6865997343104472,0.8,model,1.4727566707549897,False
2026-02-10,Tottenham Hotspur v Newcastle United,Tackles,ALL,16.5,True,0.7085510043316192,0.7222222222222222,model,1.4340015487903255,False
2026-02-10,Tottenham Hotspur v Newcastle United,Yellow cards,ALL,1.5,True,0.776015934990676,0.8823529411764706,model,1.2974736876861606,True
2026-02-10,Tottenham Hotspur v Newcastle United,Yellow cards,ALL,1.5,True,0.6334503311294679,0.7647058823529411,model,1.5962463001554403,True
2026-02-10,Tottenham Hotspur v Newcastle United,Corner kicks,2ND,1.5,True,0.6768732783131233,0.7777777777777778,model,1.5047197638967251,True
2026-02-10,Tottenham Hotspur v Newcastle United,Tackles,2ND,7.5,True,0.7044510167314352,0.8333333333333334,model,1.439911036994536,True
2026-02-10,Tottenham Hotspur v Newcastle United,Tackles,2ND,8.5,True,0.6402324579012062,0.7222222222222222,model,1.5801786171632077,False
2026-02-10,Tottenham Hotspur v Newcastle United,Goal kicks,2ND,2.5,True,0.6248997759682466,0.7777777777777778,model,1.6134145309123067,True
2026-02-10,West Ham United v Manchester United,Total shots,ALL,11.5,True,0.8050839050413895,0.7391304347826086,model,1.2689065113226452,False
2026-02-10,West Ham United v Manchester United,Offsides,ALL,0.5,True,0.745866428829439,0.9130434782608695,model,1.3693843850141711,True
2026-02-10,West Ham United v Manchester United,Offsides,ALL,0.5,True,0.6323312539394644,0.782608695652174,model,1.5989090054029897,True
2026-02-10,West Ham United v Manchester United,Corner kicks,1ST,1.5,True,0.6039369639158586,0.7391304347826086,model,1.6702976530793365,True
2026-02-10,West Ham United v Manchester United,Corner kicks,1ST,1.5,True,0.8065698553375347,0.8695652173913043,model,1.2552979937397533,True
2026-02-10,West Ham United v Manchester United,Fouls,1ST,4.5,True,0.6528160985768247,0.7,model,1.5449818404815965,False
2026-02-10,West Ham United v Manchester United,Free kicks,1ST,4.5,True,0.665012032016233,0.7391304347826086,model,1.510969784140452,False
2026-02-10,West Ham United v Manchester United,Corner kicks,2ND,1.5,True,0.704854622291563,0.6956521739130435,model,1.4410307191322194,True
2026-02-10,West Ham United v Manchester United,Fouls,2ND,4.5,True,0.6420150408530726,0.8,model,1.5807527855290775,True
2026-02-10,West Ham United v Manchester United,Offsides,2ND,0.5,True,0.7007718479989218,0.782608695652174,model,1.4520810842871092,True
2026-02-10,West Ham United v Manchester United,Throw-ins,2ND,8.5,True,0.5806572797828791,0.7391304347826086,model,1.7319145135992784,False
2026-02-10,West Ham United v Manchester United,Yellow cards,2ND,0.5,True,0.7154216408737845,0.7727272727272727,model,1.429366648879921,True
2026-02-10,West Ham United v Manchester United,Goal kicks,2ND,2.5,True,0.7900857437374927,0.6956521739130435,model,1.2911306199844967,True
2026-02-11,Manchester City v Fulham,Total shots,ALL,12.5,False,0.7788798944338028,0.85,model,1.2945716854357467,False
2026-02-11,Manchester City v Fulham,Shots on target,ALL,3.5,True,0.7251564361660846,0.8,model,1.3938857649721796,True
2026-02-11,Manchester City v Fulham,Tackles,ALL,15.5,True,0.717612083541343,0.85,model,1.4115923812242686,True
2026-02-11,Manchester City v Fulham,Free kicks,ALL,9.5,True,0.7251393786239764,0.8,model,1.3908350004601127,True
2026-02-11,Manchester City v Fulham,Goal kicks,ALL,6.5,True,0.7210975778169004,0.85,model,1.4013222997870212,False
2026-02-11,Manchester City v Fulham,Shots on target,1ST,1.5,True,0.7533708341904766,0.85,model,1.3416926181208442,True
2026-02-11,Manchester City v Fulham,Corner kicks,1ST,2.5,False,0.8162873787587109,0.8,model,1.2250587550681624,True
2026-02-11,Manchester City v Fulham,Fouls,1ST,4.5,True,0.7041792661709603,0.8235294117647058,model,1.4339903854439966,False
2026-02-11,Manchester City v Fulham,Offsides,1ST,0.5,True,0.8109419915000353,0.85,model,1.2499287791591616,True
2026-02-11,Manchester City v Fulham,Goal kicks,1ST,2.5,True,0.6988614058307253,0.85,model,1.4473437597296168,True
2026-02-11,Manchester City v Fulham,Shots on target,2ND,1.5,True,0.6512277547960189,0.8,model,1.553900237272416,False
2026-02-11,Manchester City v Fulham,Tackles,2ND,7.5,True,0.6972008545185369,0.7,model,1.4562847450368175,True
2026-02-11,Manchester City v Fulham,Yellow cards,2ND,0.5,True,0.7428110828480138,0.8,model,1.3579458028902396,False
2026-02-11,Aston Villa v Brighton & Hove Albion,Fouls,ALL,10.5,True,0.8062177114920029,0.7,model,1.2522882668061952,True
2026-02-11,Aston Villa v Brighton & Hove Albion,Fouls,ALL,11.5,True,0.7547744241721631,0.7,model,1.33722368303678,True
2026-02-11,Aston Villa v Brighton & Hove Albion,Offsides,ALL,0.5,True,0.8672864335709313,0.85,model,1.1808290962120873,True
2026-02-11,Aston Villa v Brighton & Hove Albion,Yellow cards,ALL,1.5,True,0.8034971757736851,0.9,model,1.2583830897505917,True
2026-02-11,Aston Villa v Brighton & Hove Albion,Free kicks,ALL,9.5,True,0.820243099696311,0.75,model,1.2468800381728873,True
2026-02-11,Aston Villa v Brighton & Hove Albion,Free kicks,ALL,10.5,True,0.7753810368779614,0.7,model,1.318650615304136,True
2026-02-11,Aston Villa v Brighton & Hove Albion,Total shots,1ST,5.5,True,0.6788816203489039,0.75,model,1.483150379383888,True
2026-02-11,Aston Villa v Brighton & Hove Albion,Shots on target,1ST,1.5,True,0.6802458048917316,0.75,model,1.4891594238145223,False
2026-02-11,Aston Villa v Brighton & Hove Albion,Corner kicks,1ST,1.5,True,0.7145623466288721,0.8,model,1.3994580105119616,True
2026-02-11,Aston Villa v Brighton & Hove Albion,Tackles,1ST,7.5,True,0.6417190709500964,0.75,model,1.576112464437448,False
2026-02-11,Aston Villa v Brighton & Hove Albion,Offsides,1ST,0.5,True,0.8034319617389724,0.85,model,1.280149614465715,True
2026-02-11,Aston Villa v Brighton & Hove Albion,Yellow cards,1ST,0.5,False,0.7509251851540016,0.75,model,1.331690586186582,False
2026-02-11,Aston Villa v Brighton & Hove Albion,Free kicks,1ST,4.5,True,0.7759978658398237,0.75,model,1.301843534644382,True
2026-02-11,Aston Villa v Brighton & Hove Albion,Tackles,2ND,9.5,True,0.6329627223509009,0.7,model,1.591844804161179,False
2026-02-11,Aston Villa v Brighton & Hove Albion,Yellow cards,2ND,0.5,True,0.7875345089610865,0.85,model,1.288710876984968,False
2026-02-11,Aston Villa v Brighton & Hove Albion,Free kicks,2ND,5.5,True,0.7257063802443137,0.7,model,1.4043127230307693,True
2026-02-11,Nottingham Forest v Wolverhampton,Corner kicks,ALL,3.5,True,0.8739562290297175,0.8421052631578947,model,1.1644394384797556,True
2026-02-11,Nottingham Forest v Wolverhampton,Corner kicks,ALL,4.5,True,0.8031679495529092,0.7368421052631579,model,1.2692781484516975,True
2026-02-11,Nottingham Forest v Wolverhampton,Yellow cards,ALL,1.5,False,0.7347836127481391,0.7777777777777778,model,1.3805276235751658,True
2026-02-11,Nottingham Forest v Wolverhampton,Free kicks,ALL,9.5,True,0.8801295279883738,0.8947368421052632,model,1.152146913694694,True
2026-02-11,Nottingham Forest v Wolverhampton,Goal kicks,ALL,6.5,True,0.6322763808801403,0.7368421052631579,model,1.5969768305221064,True
2026-02-11,Nottingham Forest v Wolverhampton,Shots on target,1ST,0.5,True,0.6958713595495023,0.8421052631578947,model,1.4763017551741138,True
2026-02-11,Nottingham Forest v Wolverhampton,Corner kicks,1ST,0.5,True,0.9622538783224044,0.9473684210526315,model,1.0456367611658028,True
2026-02-11,Nottingham Forest v Wolverhampton,Corner kicks,1ST,1.5,True,0.8866990220862452,0.8421052631578947,model,1.141438235086185,True
2026-02-11,Nottingham Forest v Wolverhampton,Corner kicks,1ST,0.5,True,0.6359002348762935,0.7894736842105263,model,1.598947935563123,False
2026-02-11,Nottingham Forest v Wolverhampton,Offsides,1ST,0.5,True,0.5084525160768903,0.6875,model,1.966751994297882,True
2026-02-11,Nottingham Forest v Wolverhampton,Goal kicks,1ST,2.5,True,0.7177184706847876,0.8947368421052632,model,1.4072869285204506,True
2026-02-11,Nottingham Forest v Wolverhampton,Corner kicks,2ND,1.5,True,0.7663975136924781,0.8421052631578947,model,1.334585047197745,True
2026-02-11,Nottingham Forest v Wolverhampton,Fouls,2ND,5.5,True,0.7799280394640079,0.7647058823529411,model,1.3034086984602165,True
2026-02-11,Nottingham Forest v Wolverhampton,Free kicks,2ND,5.5,True,0.8147422420888953,0.7368421052631579,model,1.245444281445665,True
2026-02-11,Crystal Palace v Burnley,Total shots,ALL,9.5,True,0.9078129868859944,1.0,model,1.11364398821029,True
2026-02-11,Crystal Palace v Burnley,Total shots,ALL,10.5,True,0.865608317507211,0.9,model,1.169694895074881,True
2026-02-11,Crystal Palace v Burnley,Yellow cards,ALL,1.5,True,0.5837911808044559,0.7368421052631579,model,1.7129412585884123,False
2026-02-11,Crystal Palace v Burnley,Total shots,1ST,3.5,True,0.873684993470716,0.95,model,1.1675762707778026,True
2026-02-11,Crystal Palace v Burnley,Total shots,1ST,4.5,True,0.8048952699508899,0.85,model,1.2697720135883197,True
2026-02-11,Crystal Palace v Burnley,Shots on target,1ST,0.5,True,0.9096867582852499,0.95,model,1.1112603187454506,True
2026-02-11,Crystal Palace v Burnley,Corner kicks,1ST,0.5,True,0.8237230538122295,0.85,model,1.2494475535570508,True
2026-02-11,Crystal Palace v Burnley,Corner kicks,1ST,0.5,True,0.5828557212124779,0.8,model,1.7424354987847102,True
2026-02-11,Crystal Palace v Burnley,Total shots,2ND,4.5,True,0.8329577433716827,0.95,model,1.227159564222424,True
2026-02-11,Crystal Palace v Burnley,Shots on target,2ND,0.5,True,0.7477003631231313,0.95,model,1.3573777825697102,False
2026-02-11,Crystal Palace v Burnley,Corner kicks,2ND,1.5,True,0.667785935967746,0.85,model,1.5089031784998177,True
2026-02-11,Sunderland v Liverpool FC,Throw-ins,ALL,16.5,True,0.7554058056848035,0.7142857142857143,model,1.3473750421287958,False
2026-02-11,Sunderland v Liverpool FC,Offsides,1ST,0.5,True,0.6903048354066874,0.7777777777777778,model,1.4486353690552642,False
2026-02-11,Sunderland v Liverpool FC,Throw-ins,1ST,8.5,True,0.6850068156857642,0.7142857142857143,model,1.4856811626133046,False
2026-02-11,Sunderland v Liverpool FC,Throw-ins,1ST,9.5,True,0.6276765959111031,0.6666666666666666,model,1.615887060883221,False
2026-02-11,Sunderland v Liverpool FC,Shots on target,2ND,1.5,True,0.5562949369971346,0.7142857142857143,model,1.807458788586683,False
2026-02-11,Sunderland v Liverpool FC,Corner kicks,2ND,1.5,True,0.6973225169096473,0.6666666666666666,model,1.4679007573274865,True
2026-02-11,Sunderland v Liverpool FC,Yellow cards,2ND,0.5,True,0.7154216408737845,0.75,model,1.4226827585262845,False
2026-02-11,Sunderland v Liverpool FC,Yellow cards,2ND,0.5,True,0.6966229717332065,0.85,model,1.453393295695965,False
2026-02-12,Brentford v Arsenal,Throw-ins,ALL,17.5,False,0.5969431790303319,0.6842105263157895,model,1.6777647463283483,False
2026-02-12,Brentford v Arsenal,Free kicks,ALL,8.5,True,0.6199802659129857,0.6842105263157895,model,1.635905647304785,True
2026-02-12,Brentford v Arsenal,Shots on target,1ST,0.5,True,0.7350615568029032,0.9473684210526315,model,1.3838884278498205,False
2026-02-12,Brentford v Arsenal,Goal kicks,1ST,1.5,True,0.7539571510215759,0.8947368421052632,model,1.3481759687357977,False
2026-02-12,Brentford v Arsenal,Goal kicks,1ST,1.5,True,0.5909426940814895,0.7894736842105263,model,1.7071436715313573,True
2026-02-12,Brentford v Arsenal,Tackles,2ND,6.5,True,0.518456964902994,0.6842105263157895,model,1.9359242378540369,False
2026-02-12,Brentford v Arsenal,Tackles,2ND,6.5,True,0.6840646501472587,0.7894736842105263,model,1.4876865300022648,False
2026-02-12,Brentford v Arsenal,Yellow cards,2ND,0.5,True,0.6423976507400463,0.7777777777777778,model,1.5931454916076575,False
2026-02-18,Wolverhampton v Arsenal,Free kicks,ALL,9.5,True,0.7374826119807788,0.85,model,1.3843474839603198,False
2026-02-18,Wolverhampton v Arsenal,Shots on target,1ST,0.5,True,0.7649435775355138,0.75,model,1.3399955191697193,True
2026-02-18,Wolverhampton v Arsenal,Corner kicks,1ST,0.5,True,0.6126315364407513,0.85,model,1.632302518753394,False
2026-02-18,Wolverhampton v Arsenal,Corner kicks,1ST,0.5,True,0.8107766141763871,0.9,model,1.270977509161339,True
2026-02-18,Wolverhampton v Arsenal,Shots on target,2ND,1.5,True,0.7743805118257335,0.75,model,1.312054364006384,False
2026-02-21,Brentford v Brighton & Hove Albion,Yellow cards,ALL,1.5,True,0.6910494048689697,0.84,model,1.4572032498852119,True
2026-02-21,Brentford v Brighton & Hove Albion,Free kicks,ALL,8.5,True,0.7264114516674757,0.8461538461538461,model,1.3868636724509025,True
2026-02-21,Brentford v Brighton & Hove Albion,Goal kicks,ALL,6.5,True,0.6711877468865207,0.7692307692307693,model,1.5078106293893943,True
2026-02-21,Brentford v Brighton & Hove Albion,Shots on target,1ST,0.5,True,0.7630322828373215,0.9615384615384616,model,1.3105605391707915,True
2026-02-21,Brentford v Brighton & Hove Albion,Shots on target,1ST,0.5,True,0.729614832720124,0.8846153846153846,model,1.3866034666091787,True
2026-02-21,Brentford v Brighton & Hove Albion,Free kicks,1ST,3.5,True,0.5938460307434636,0.7692307692307693,model,1.6968977106010297,False
2026-02-21,Brentford v Brighton & Hove Albion,Goal kicks,1ST,2.5,True,0.6439377929658832,0.7307692307692307,model,1.5675600670126482,True
2026-02-21,Brentford v Brighton & Hove Albion,Yellow cards,2ND,0.5,True,0.7574577085598877,0.88,model,1.3413776818226246,True
2026-02-21,Brentford v Brighton & Hove Albion,Yellow cards,2ND,0.5,True,0.6925418166182434,0.76,model,1.461367325742981,True
2026-02-21,Brentford v Brighton & Hove Albion,Free kicks,2ND,4.5,True,0.692203456386952,0.7307692307692307,model,1.4563796853100845,True
2026-02-21,Aston Villa v Leeds United,Yellow cards,ALL,0.5,True,0.6853965520351494,0.7142857142857143,model,1.4879452228728005,True
2026-02-21,Aston Villa v Leeds United,Yellow cards,ALL,0.5,True,0.8299135274374969,0.9523809523809523,model,1.2213576306841614,True
2026-02-21,Aston Villa v Leeds United,Free kicks,ALL,10.5,False,0.5578007363033148,0.7272727272727273,model,1.7927548942069356,False
2026-02-21,Aston Villa v Leeds United,Total shots,1ST,5.5,False,0.6221665001319455,0.7272727272727273,model,1.6072867950748324,False
2026-02-21,Aston Villa v Leeds United,Shots on target,1ST,1.5,True,0.6686406331235425,0.7272727272727273,model,1.5257091243722345,True
2026-02-21,Aston Villa v Leeds United,Yellow cards,1ST,0.5,False,0.6453620419064828,0.7142857142857143,model,1.5495178443496163,True
2026-02-21,Aston Villa v Leeds United,Goal kicks,1ST,3.5,False,0.5683059590571149,0.6818181818181818,model,1.7596155452234132,False
2026-02-21,Aston Villa v Leeds United,Shots on target,2ND,1.5,True,0.6596787017465041,0.7727272727272727,model,1.5323809552122787,True
2026-02-21,Aston Villa v Leeds United,Fouls,2ND,4.5,True,0.7684278122029083,0.7894736842105263,model,1.3141768188154916,True
2026-02-21,Aston Villa v Leeds United,Throw-ins,2ND,7.5,True,0.5582849130201798,0.6818181818181818,model,1.798644211462283,True
2026-02-21,Aston Villa v Leeds United,Yellow cards,2ND,0.5,True,0.7291407211320373,0.8095238095238095,model,1.3872486147337286,True
2026-02-21,Chelsea v Burnley,Total shots,ALL,10.5,True,0.9292755742741434,0.9545454545454546,model,1.0941570208060638,True
2026-02-21,Chelsea v Burnley,Total shots,ALL,11.5,True,0.9013673517569727,0.9090909090909091,model,1.1308030259498034,True
2026-02-21,Chelsea v Burnley,Shots on target,ALL,3.5,True,0.8444399861229434,0.7727272727272727,model,1.208147275198954,False
2026-02-21,Chelsea v Burnley,Corner kicks,ALL,3.5,True,0.7609999592358628,0.8636363636363636,model,1.3392138757731273,True
2026-02-21,Chelsea v Burnley,Tackles,ALL,15.5,False,0.6424125850912942,0.6818181818181818,model,1.563846961864654,True
2026-02-21,Chelsea v Burnley,Offsides,ALL,0.5,True,0.7301529539078677,1.0,model,1.381493214659107,True
2026-02-21,Chelsea v Burnley,Yellow cards,ALL,1.5,True,0.6681900971964082,0.6666666666666666,model,1.5128293049374517,True
2026-02-21,Chelsea v Burnley,Goal kicks,ALL,6.5,False,0.7655754542153839,0.6818181818181818,model,1.319039541589747,True
2026-02-21,Chelsea v Burnley,Goal kicks,ALL,7.5,False,0.8309596728911884,0.7727272727272727,model,1.218616334753358,True
2026-02-21,Chelsea v Burnley,Goal kicks,ALL,7.5,True,0.7994085811817192,0.8636363636363636,model,1.267247701373628,True
2026-02-21,Chelsea v Burnley,Total shots,1ST,4.5,True,0.8931241008617673,0.9090909090909091,model,1.1376229649939855,True
2026-02-21,Chelsea v Burnley,Total shots,1ST,5.5,True,0.8337175229622033,0.7727272727272727,model,1.2213151145026626,False
2026-02-21,Chelsea v Burnley,Shots on target,1ST,0.5,True,0.9143136390543484,0.9545454545454546,model,1.105464310835505,True
2026-02-21,Chelsea v Burnley,Shots on target,1ST,1.5,True,0.7969601978999934,0.7272727272727273,model,1.274220110752173,True
2026-02-21,Chelsea v Burnley,Corner kicks,1ST,0.5,True,0.8134457516604017,0.8636363636363636,model,1.2592261687047803,True
2026-02-21,Chelsea v Burnley,Corner kicks,1ST,0.5,True,0.5234216947629272,0.6818181818181818,model,1.9316100073310978,True
2026-02-21,Chelsea v Burnley,Yellow cards,1ST,0.5,False,0.5934419958091822,0.6666666666666666,model,1.685084653701428,False
2026-02-21,Chelsea v Burnley,Goal kicks,1ST,3.5,False,0.7598251615796983,0.7727272727272727,model,1.3272660517522616,True
2026-02-21,Chelsea v Burnley,Goal kicks,1ST,3.5,True,0.7605167609309239,0.8181818181818182,model,1.3148954123981862,True
2026-02-21,Chelsea v Burnley,Total shots,2ND,5.5,True,0.8669357494090281,0.9090909090909091,model,1.1850212644196394,True
2026-02-21,Chelsea v Burnley,Total shots,2ND,6.5,True,0.8090164823837417,0.8636363636363636,model,1.2718299042331729,True
2026-02-21,Chelsea v Burnley,Corner kicks,2ND,1.5,True,0.7696376093571565,0.8636363636363636,model,1.3186982633431898,True
2026-02-21,Chelsea v Burnley,Offsides,2ND,0.5,True,0.5699871360562855,0.75,model,1.7544255593537663,True
2026-02-21,Chelsea v Burnley,Yellow cards,2ND,0.5,True,0.6721499353722493,0.7619047619047619,model,1.5119324936623193,True
2026-02-21,Chelsea v Burnley,Goal kicks,2ND,3.5,True,0.7720855483761533,0.7727272727272727,model,1.3117512062266907,True
2026-02-21,West Ham United v Bournemouth,Total shots,ALL,10.5,True,0.7867827983840013,0.68,model,1.2890333223277595,False
2026-02-21,West Ham United v Bournemouth,Shots on target,ALL,3.5,True,0.7819405584970043,0.76,model,1.2942163344456419,True
2026-02-21,West Ham United v Bournemouth,Corner kicks,ALL,4.5,True,0.6770130428998953,0.84,model,1.4895926871244842,True
2026-02-21,West Ham United v Bournemouth,Corner kicks,1ST,1.5,True,0.6126988598284061,0.72,model,1.6557080847423387,True
2026-02-21,West Ham United v Bournemouth,Corner kicks,1ST,1.5,True,0.825366418396011,0.8,model,1.2211141750215502,False
2026-02-21,West Ham United v Bournemouth,Free kicks,1ST,4.5,True,0.6718920918035114,0.8,model,1.4946634889376336,True
2026-02-21,West Ham United v Bournemouth,Goal kicks,1ST,2.5,True,0.7311678258777619,0.72,model,1.3897858050534013,False
2026-02-21,West Ham United v Bournemouth,Shots on target,2ND,1.5,True,0.7163340131498926,0.8,model,1.4226129627996285,True
2026-02-21,West Ham United v Bournemouth,Corner kicks,2ND,1.5,True,0.7683817985419619,0.76,model,1.3225327423497133,True
2026-02-21,West Ham United v Bournemouth,Offsides,2ND,0.5,True,0.5737989858149684,0.68,model,1.761761313422679,True
2026-02-21,West Ham United v Bournemouth,Yellow cards,2ND,1.5,False,0.6586223999028081,0.68,model,1.5183206646897651,True
2026-02-21,Manchester City v Newcastle United,Total shots,ALL,13.5,False,0.7354700962829482,0.7777777777777778,model,1.3729549569330326,True
2026-02-21,Manchester City v Newcastle United,Total shots,ALL,14.5,False,0.7727035930635908,0.8333333333333334,model,1.3094699371563776,True
2026-02-21,Manchester City v Newcastle United,Shots on target,ALL,4.5,False,0.6255773817999747,0.7777777777777778,model,1.5985232668142486,False
2026-02-21,Manchester City v Newcastle United,Fouls,ALL,8.5,True,0.7424834567459095,0.7222222222222222,model,1.3705225940905499,True
2026-02-21,Manchester City v Newcastle United,Goal kicks,ALL,5.5,True,0.8026357410170488,0.8888888888888888,model,1.2717063439184817,True
2026-02-21,Manchester City v Newcastle United,Goal kicks,ALL,6.5,True,0.7280707646806941,0.7222222222222222,model,1.4003531073495536,True
2026-02-21,Manchester City v Newcastle United,Fouls,1ST,4.5,True,0.6643684555083865,0.7222222222222222,model,1.5228649760456165,False
2026-02-21,Manchester City v Newcastle United,Tackles,1ST,5.5,True,0.6958853208218562,0.8333333333333334,model,1.4641564359522459,True
2026-02-21,Manchester City v Newcastle United,Throw-ins,1ST,6.5,True,0.6385767917572044,0.6666666666666666,model,1.5925435144033113,True
2026-02-21,Manchester City v Newcastle United,Goal kicks,1ST,2.5,True,0.8601761827229568,0.8333333333333334,model,1.1751554505705393,True
2026-02-21,Manchester City v Newcastle United,Shots on target,2ND,1.5,True,0.6991925932273441,0.6666666666666666,model,1.4550164093526061,True
2026-02-21,Manchester City v Newcastle United,Throw-ins,2ND,7.5,True,0.5695305569888782,0.6666666666666666,model,1.7648755635119326,False
2026-02-21,Manchester City v Newcastle United,Yellow cards,2ND,0.5,True,0.6860680137818643,0.7647058823529411,model,1.4716570878053088,True
2026-02-21,Manchester City v Newcastle United,Goal kicks,2ND,2.5,True,0.6578374917559011,0.8888888888888888,model,1.5282555183233686,True
2026-02-21,Manchester City v Newcastle United,Goal kicks,2ND,2.5,True,0.6738727560519582,0.8333333333333334,model,1.4980883634685085,True
2026-02-22,Nottingham Forest v Liverpool FC,Yellow cards,ALL,0.5,True,0.6899769181100986,0.8421052631578947,model,1.467157488897219,True
2026-02-22,Nottingham Forest v Liverpool FC,Yellow cards,ALL,0.5,True,0.7154216408737845,0.8421052631578947,model,1.4113177360079558,False
2026-02-22,Nottingham Forest v Liverpool FC,Throw-ins,1ST,9.5,False,0.5523487715041494,0.6842105263157895,model,1.8104503016759,True
2026-02-22,Nottingham Forest v Liverpool FC,Free kicks,1ST,3.5,True,0.674694535535389,0.7368421052631579,model,1.498020688580214,True
2026-02-22,Nottingham Forest v Liverpool FC,Goal kicks,1ST,2.5,True,0.7131351959508461,0.6842105263157895,model,1.4146520308866646,False
2026-02-22,Nottingham Forest v Liverpool FC,Goal kicks,1ST,2.5,True,0.6732399134533708,0.7894736842105263,model,1.5164675054604253,True
2026-02-22,Nottingham Forest v Liverpool FC,Shots on target,2ND,1.5,True,0.6475563301076539,0.7368421052631579,model,1.571624753696871,False
2026-02-22,Nottingham Forest v Liverpool FC,Shots on target,2ND,1.5,True,0.5144720913878591,0.6842105263157895,model,1.9627773042017034,True
2026-02-22,Nottingham Forest v Liverpool FC,Yellow cards,2ND,0.5,True,0.6991111826042031,0.7368421052631579,model,1.454124372889654,False
2026-02-22,Sunderland v Fulham,Shots on target,ALL,2.5,True,0.655652573819975,0.7307692307692307,model,1.5435964471449877,False
2026-02-22,Sunderland v Fulham,Corner kicks,ALL,2.5,True,0.7636133743772816,0.8461538461538461,model,1.3235199300741178,True
2026-02-22,Sunderland v Fulham,Corner kicks,ALL,2.5,True,0.7613801319540637,0.8076923076923077,model,1.3266034751965496,True
2026-02-22,Sunderland v Fulham,Fouls,ALL,9.5,True,0.6223625131799022,0.7307692307692307,model,1.6176794917617188,True
2026-02-22,Sunderland v Fulham,Throw-ins,ALL,17.5,True,0.7917798207265524,0.7692307692307693,model,1.2710149739031058,True
2026-02-22,Sunderland v Fulham,Free kicks,ALL,9.5,True,0.6639477091947456,0.7307692307692307,model,1.5151116711381285,True
2026-02-22,Sunderland v Fulham,Fouls,1ST,4.5,True,0.6071274649110593,0.7,model,1.6625946476682878,True
2026-02-22,Sunderland v Fulham,Goal kicks,1ST,3.5,False,0.5825509394077437,0.6923076923076923,model,1.7165880824373232,True
2026-02-22,Sunderland v Fulham,Yellow cards,2ND,0.5,True,0.7226150799025626,0.76,model,1.4068800053316504,False
2026-02-22,Crystal Palace v Wolverhampton,Total shots,ALL,9.5,True,0.7635031095223416,0.9523809523809523,model,1.3233613971690306,True
2026-02-22,Crystal Palace v Wolverhampton,Total shots,ALL,10.5,True,0.705009668240414,0.8095238095238095,model,1.4317647565926415,True
2026-02-22,Crystal Palace v Wolverhampton,Shots on target,ALL,2.5,True,0.689323230079854,0.7142857142857143,model,1.4720049282589684,True
2026-02-22,Crystal Palace v Wolverhampton,Corner kicks,ALL,3.5,True,0.7375100792569713,0.7619047619047619,model,1.3775513039362703,True
2026-02-22,Crystal Palace v Wolverhampton,Tackles,ALL,17.5,False,0.5925141024569677,0.7142857142857143,model,1.689930823222556,True
2026-02-22,Crystal Palace v Wolverhampton,Tackles,ALL,18.5,False,0.6473308598745512,0.7619047619047619,model,1.554897066091933,True
2026-02-22,Crystal Palace v Wolverhampton,Yellow cards,ALL,1.5,True,0.6477912546453638,0.8,model,1.5437071631160788,True
2026-02-22,Crystal Palace v Wolverhampton,Goal kicks,ALL,6.5,True,0.6628921651941642,0.7619047619047619,model,1.5265455900373563,False
2026-02-22,Crystal Palace v Wolverhampton,Total shots,1ST,2.5,True,0.8891587402675157,0.9523809523809523,model,1.1338110208590007,True
2026-02-22,Crystal Palace v Wolverhampton,Total shots,1ST,3.5,True,0.8133104412589637,0.9523809523809523,model,1.2412874478795297,True
2026-02-22,Crystal Palace v Wolverhampton,Total shots,1ST,2.5,True,0.5248599764173781,0.7142857142857143,model,1.9052700623618934,True
2026-02-22,Crystal Palace v Wolverhampton,Shots on target,1ST,0.5,True,0.8493436858443302,0.9523809523809523,model,1.1773796834739554,False
2026-02-22,Crystal Palace v Wolverhampton,Shots on target,1ST,1.5,True,0.6732505550319621,0.7142857142857143,model,1.4853311185945115,False
2026-02-22,Crystal Palace v Wolverhampton,Corner kicks,1ST,0.5,True,0.8264174374853702,0.8571428571428571,model,1.2414507923025084,True
2026-02-22,Crystal Palace v Wolverhampton,Fouls,1ST,5.5,False,0.6121494993198628,0.6842105263157895,model,1.6335878753655175,False
2026-02-22,Crystal Palace v Wolverhampton,Offsides,1ST,0.5,True,0.5794741446138592,0.7368421052631579,model,1.748472717798661,False
2026-02-22,Crystal Palace v Wolverhampton,Yellow cards,1ST,0.5,False,0.5998906113088814,0.85,model,1.6669705795497167,False
2026-02-22,Crystal Palace v Wolverhampton,Goal kicks,1ST,2.5,True,0.7659910057203377,0.9047619047619048,model,1.31602268175011,True
2026-02-22,Crystal Palace v Wolverhampton,Total shots,2ND,4.5,True,0.6986103379984,0.8095238095238095,model,1.4542573553270501,True
2026-02-22,Crystal Palace v Wolverhampton,Corner kicks,2ND,1.5,True,0.7083065132279259,0.8571428571428571,model,1.4426347100365113,True
2026-02-22,Tottenham Hotspur v Arsenal,Free kicks,ALL,8.5,True,0.6401889122745863,0.8,model,1.5816824175008568,True
2026-02-22,Tottenham Hotspur v Arsenal,Goal kicks,ALL,5.5,True,0.700589441959927,0.8,model,1.4526030993526478,True
2026-02-22,Tottenham Hotspur v Arsenal,Shots on target,1ST,0.5,True,0.7268338643538191,0.8,model,1.409020450500417,True
2026-02-22,Tottenham Hotspur v Arsenal,Yellow cards,1ST,0.5,True,0.6522299184361957,0.8,model,1.5511982448936263,True
2026-02-22,Tottenham Hotspur v Arsenal,Goal kicks,2ND,2.5,True,0.5320223954343953,0.7,model,1.8991601983741047,False
2026-02-23,Everton v Manchester United,Offsides,ALL,0.5,True,0.7049939028049442,0.7916666666666666,model,1.4410888138131157,False
2026-02-23,Everton v Manchester United,Goal kicks,1ST,2.5,True,0.6467440791336532,0.7692307692307693,model,1.5462066561777439,True
2026-02-23,Everton v Manchester United,Corner kicks,2ND,1.5,True,0.6805229532331308,0.7307692307692307,model,1.4842609562077131,True
2026-02-23,Everton v Manchester United,Yellow cards,2ND,0.5,True,0.7507259441117342,0.7916666666666666,model,1.3523929917308972,True
2026-02-23,Everton v Manchester United,Yellow cards,2ND,0.5,True,0.6451135743462882,0.7083333333333334,model,1.5731467500036258,True
2026-02-23,Everton v Manchester United,Goal kicks,2ND,2.5,True,0.8193114456508828,0.7692307692307693,model,1.2300351698722922,True
2026-02-27,Wolverhampton v Aston Villa,Corner kicks,ALL,3.5,True,0.807142139451831,0.6818181818181818,model,1.2554308426963918,True
2026-02-27,Wolverhampton v Aston Villa,Fouls,ALL,11.5,False,0.6323426775178775,0.7272727272727273,model,1.586888449003003,False
2026-02-27,Wolverhampton v Aston Villa,Free kicks,ALL,11.5,False,0.6316805455686694,0.7272727272727273,model,1.586918404229723,False
2026-02-27,Wolverhampton v Aston Villa,Shots on target,1ST,0.5,True,0.7117720534794072,0.8181818181818182,model,1.424984307052485,False
2026-02-27,Wolverhampton v Aston Villa,Corner kicks,1ST,0.5,True,0.5986127609657325,0.7727272727272727,model,1.6843831499949435,False
2026-02-27,Wolverhampton v Aston Villa,Corner kicks,1ST,0.5,True,0.8594641687729264,0.8636363636363636,model,1.1907288111090921,True
2026-02-27,Wolverhampton v Aston Villa,Tackles,1ST,8.5,True,0.6635955200771779,0.7272727272727273,model,1.52334473738044,False
2026-02-27,Wolverhampton v Aston Villa,Throw-ins,2ND,7.5,True,0.6358588379423662,0.8181818181818182,model,1.584300322818779,True
2026-02-27,Wolverhampton v Aston Villa,Goal kicks,2ND,2.5,True,0.6843615079376141,0.7727272727272727,model,1.461216021651468,True
2026-02-28,Bournemouth v Sunderland,Total shots,ALL,10.5,True,0.8078870975003418,0.9230769230769231,model,1.2582447301443822,True
2026-02-28,Bournemouth v Sunderland,Total shots,ALL,11.5,True,0.7672123790141374,0.8076923076923077,model,1.3245200255664566,True
2026-02-28,Bournemouth v Sunderland,Corner kicks,ALL,3.5,True,0.7497891535486911,0.7307692307692307,model,1.3516665141551933,True
2026-02-28,Bournemouth v Sunderland,Goal kicks,ALL,7.5,False,0.6384334150007239,0.6923076923076923,model,1.5693150646274008,False
2026-02-28,Bournemouth v Sunderland,Total shots,1ST,4.5,True,0.7449925575919897,0.7307692307692307,model,1.362262682239036,True
2026-02-28,Bournemouth v Sunderland,Total shots,1ST,5.5,True,0.6729653354084894,0.6923076923076923,model,1.5054374301279716,True
2026-02-28,Bournemouth v Sunderland,Total shots,1ST,4.5,False,0.6086240793435567,0.7307692307692307,model,1.643050339182389,True
2026-02-28,Bournemouth v Sunderland,Goal kicks,1ST,2.5,True,0.7979767049381976,0.8461538461538461,model,1.2663374100515807,True
2026-02-28,Bournemouth v Sunderland,Total shots,2ND,5.5,True,0.7259062821435003,0.7307692307692307,model,1.4030428064359377,True
2026-02-28,Bournemouth v Sunderland,Total shots,2ND,6.5,True,0.6702152181375626,0.6923076923076923,model,1.516738507670214,True
2026-02-28,Bournemouth v Sunderland,Corner kicks,2ND,1.5,True,0.8014318314748824,0.8076923076923077,model,1.2696318893821914,True
2026-02-28,Bournemouth v Sunderland,Throw-ins,2ND,8.5,True,0.7288444991554711,0.7307692307692307,model,1.3836679406570185,True
2026-02-28,Bournemouth v Sunderland,Throw-ins,2ND,8.5,True,0.6281903036353297,0.6923076923076923,model,1.599101615780274,True
2026-02-28,Burnley v Brentford,Shots on target,ALL,2.5,True,0.7884427007538545,0.8076923076923077,model,1.2873033456010254,True
2026-02-28,Burnley v Brentford,Corner kicks,ALL,3.5,True,0.7082742498734514,0.7692307692307693,model,1.4278568289564717,True
2026-02-28,Burnley v Brentford,Throw-ins,ALL,17.5,True,0.6617361489861218,0.6923076923076923,model,1.5218432460788622,False
2026-02-28,Burnley v Brentford,Shots on target,1ST,0.5,True,0.812374213716802,0.9615384615384616,model,1.250566630879232,True
2026-02-28,Burnley v Brentford,Corner kicks,1ST,1.5,True,0.6980755669164451,0.8461538461538461,model,1.445795721211315,True
2026-02-28,Burnley v Brentford,Free kicks,1ST,3.5,True,0.6151972354335333,0.8076923076923077,model,1.6383221377824089,False
2026-02-28,Burnley v Brentford,Shots on target,2ND,1.5,True,0.7069583667181378,0.7692307692307693,model,1.4253741947377556,True
2026-02-28,Burnley v Brentford,Tackles,2ND,7.5,True,0.6259163187037823,0.7307692307692307,model,1.606353121767369,True
2026-02-28,Burnley v Brentford,Throw-ins,2ND,8.5,True,0.644358307141318,0.7307692307692307,model,1.5658229590460329,True
2026-02-28,Burnley v Brentford,Yellow cards,2ND,0.5,True,0.6500367288650241,0.68,model,1.5616381471520642,True
2026-02-28,Newcastle United v Everton,Total shots,ALL,11.5,True,0.8066197526506343,0.7727272727272727,model,1.2556890406099388,True
2026-02-28,Newcastle United v Everton,Total shots,ALL,12.5,True,0.7552938204600919,0.6818181818181818,model,1.340410639075159,True
2026-02-28,Newcastle United v Everton,Fouls,ALL,9.5,True,0.7394733994830975,0.7727272727272727,model,1.362724902911347,False
2026-02-28,Newcastle United v Everton,Offsides,ALL,0.5,True,0.7282243503819172,0.8571428571428571,model,1.388824412211132,False
2026-02-28,Newcastle United v Everton,Offsides,ALL,0.5,True,0.5767824133818379,0.7619047619047619,model,1.7513730393150662,True
2026-02-28,Newcastle United v Everton,Yellow cards,ALL,1.5,True,0.6992933850708462,0.8181818181818182,model,1.4625110433143165,True
2026-02-28,Newcastle United v Everton,Goal kicks,ALL,6.5,True,0.7167072758659804,0.8181818181818182,model,1.4097811781729337,True
2026-02-28,Newcastle United v Everton,Goal kicks,ALL,7.5,True,0.649630935976998,0.7727272727272727,model,1.5526770279585054,True
2026-02-28,Newcastle United v Everton,Total shots,1ST,4.5,True,0.8014805020926156,0.7727272727272727,model,1.2614315298609073,True
2026-02-28,Newcastle United v Everton,Total shots,1ST,5.5,True,0.7222203045121882,0.7727272727272727,model,1.3990889918582017,False
2026-02-28,Newcastle United v Everton,Fouls,1ST,4.5,True,0.6935867781448012,0.75,model,1.4575419117809427,False
2026-02-28,Newcastle United v Everton,Yellow cards,1ST,0.5,False,0.6706367786468224,0.7272727272727273,model,1.4911201291670142,True
2026-02-28,Newcastle United v Everton,Goal kicks,1ST,3.5,True,0.6193959143336631,0.7272727272727273,model,1.6256906149431145,False
2026-02-28,Newcastle United v Everton,Total shots,2ND,6.5,True,0.691112265618579,0.7272727272727273,model,1.4563236723589934,True
2026-02-28,Newcastle United v Everton,Total shots,2ND,7.5,True,0.6144189161615546,0.6818181818181818,model,1.6353791167042722,True
2026-02-28,Newcastle United v Everton,Fouls,2ND,4.5,True,0.740384416219527,0.75,model,1.3628737014950656,True
2026-02-28,Newcastle United v Everton,Tackles,2ND,7.5,True,0.6971442052055917,0.7272727272727273,model,1.4478300291583366,True
2026-02-28,Newcastle United v Everton,Offsides,2ND,0.5,True,0.7619047619047619,0.7619047619047619,record,1.821214370984719,False
2026-02-28,Newcastle United v Everton,Yellow cards,2ND,0.5,True,0.7792178623956659,0.8181818181818182,model,1.3142601020966609,True
2026-02-28,Liverpool FC v West Ham United,Total shots,ALL,11.5,True,0.9242470029949682,0.9090909090909091,model,1.0965035081113332,True
2026-02-28,Liverpool FC v West Ham United,Total shots,ALL,12.5,True,0.8971657302764765,0.8636363636363636,model,1.1315849054282494,True
2026-02-28,Liverpool FC v West Ham United,Shots on target,ALL,3.5,True,0.7421429948823608,1.0,model,1.3694097311399736,True
2026-02-28,Liverpool FC v West Ham United,Corner kicks,ALL,5.5,True,0.7124467956584228,0.6818181818181818,model,1.4285483715176777,True
2026-02-28,Liverpool FC v West Ham United,Corner kicks,ALL,5.5,False,0.7035778833153812,0.7272727272727273,model,1.4286619060307422,True
2026-02-28,Liverpool FC v West Ham United,Offsides,ALL,0.5,True,0.6570890008134316,0.8095238095238095,model,1.545222399998282,True
2026-02-28,Liverpool FC v West Ham United,Offsides,ALL,0.5,True,0.8107604791903996,0.8571428571428571,model,1.2334098980731882,True
2026-02-28,Liverpool FC v West Ham United,Yellow cards,ALL,1.5,True,0.6639915921815643,0.6818181818181818,model,1.519618494214357,True
2026-02-28,Liverpool FC v West Ham United,Goal kicks,ALL,6.5,True,0.7707202013047513,0.8181818181818182,model,1.32213882916757,False
2026-02-28,Liverpool FC v West Ham United,Total shots,1ST,5.5,True,0.8077560098029074,0.7727272727272727,model,1.2569377143502245,True
2026-02-28,Liverpool FC v West Ham United,Total shots,1ST,6.5,True,0.7415338520503937,0.7727272727272727,model,1.3685083489589474,True
2026-02-28,Liverpool FC v West Ham United,Shots on target,1ST,1.5,True,0.6899577225796142,0.8636363636363636,model,1.46244596622871,True
2026-02-28,Liverpool FC v West Ham United,Corner kicks,1ST,1.5,True,0.8249487044976709,0.8636363636363636,model,1.239056729722944,True
2026-02-28,Liverpool FC v West Ham United,Total shots,2ND,5.5,True,0.8842065495669319,0.9090909090909091,model,1.150821305845604,True
2026-02-28,Liverpool FC v West Ham United,Total shots,2ND,6.5,True,0.8368780768660784,0.7272727272727273,model,1.2178562122026309,True
2026-02-28,Liverpool FC v West Ham United,Fouls,2ND,4.5,True,0.7096248250999085,0.7894736842105263,model,1.4243692839215447,True
2026-02-28,Liverpool FC v West Ham United,Throw-ins,2ND,8.5,False,0.662826752076973,0.8636363636363636,model,1.514675992724249,False
2026-02-28,Liverpool FC v West Ham United,Yellow cards,2ND,0.5,True,0.7390412408750395,0.8181818181818182,model,1.3684551824711542,True
2026-02-28,Liverpool FC v West Ham United,Goal kicks,2ND,2.5,True,0.7788592317229087,0.7727272727272727,model,1.3089235951233376,True
2026-02-28,Liverpool FC v West Ham United,Goal kicks,2ND,3.5,True,0.7019851331410389,0.7272727272727273,model,1.4508291050523185,True
2026-02-28,Leeds United v Manchester City,Shots on target,ALL,3.5,True,0.5600213424665123,0.7272727272727273,model,1.7978790048352695,False
2026-02-28,Leeds United v Manchester City,Tackles,ALL,15.5,True,0.7588830668593292,0.7727272727272727,model,1.3357118533121037,False
2026-02-28,Leeds United v Manchester City,Offsides,ALL,0.5,True,0.7811363242919621,0.8636363636363636,model,1.3094378765347006,True
2026-02-28,Leeds United v Manchester City,Offsides,ALL,0.5,True,0.8317882208984224,0.9545454545454546,model,1.2183185957018041,True
2026-02-28,Leeds United v Manchester City,Goal kicks,ALL,6.5,True,0.5786825917222417,0.7272727272727273,model,1.735684495805133,False
2026-02-28,Leeds United v Manchester City,Offsides,1ST,0.5,True,0.6922491205686778,0.8181818181818182,model,1.4625080913592605,True
2026-02-28,Leeds United v Manchester City,Goal kicks,1ST,2.5,True,0.6645716070313129,0.6818181818181818,model,1.5182707388917844,False
2026-02-28,Leeds United v Manchester City,Shots on target,2ND,1.5,True,0.713523760791156,0.8636363636363636,model,1.414340632784208,False
2026-02-28,Leeds United v Manchester City,Corner kicks,2ND,1.5,True,0.6726799837515273,0.7272727272727273,model,1.502035654037397,True
2026-02-28,Leeds United v Manchester City,Fouls,2ND,4.5,True,0.6042677813395279,0.6666666666666666,model,1.6651979993015456,True
2026-02-28,Leeds United v Manchester City,Offsides,2ND,0.5,True,0.6992301411596663,0.6818181818181818,model,1.4577911712675395,True
2026-02-28,Leeds United v Manchester City,Offsides,2ND,0.5,True,0.6392216390117647,0.6818181818181818,model,1.589988510385868,True
2026-02-28,Leeds United v Manchester City,Throw-ins,2ND,7.5,True,0.656275018731995,0.7272727272727273,model,1.5389500272068335,True
2026-02-28,Leeds United v Manchester City,Yellow cards,2ND,0.5,True,0.6596811641586561,0.8181818181818182,model,1.5340559916888723,True
2026-03-01,Brighton & Hove Albion v Nottingham Forest,Total shots,ALL,12.5,False,0.5748595129292555,0.6818181818181818,model,1.7395554522606707,False
2026-03-01,Brighton & Hove Albion v Nottingham Forest,Throw-ins,ALL,15.5,True,0.6485989647247663,0.8181818181818182,model,1.5624473682779856,False
2026-03-01,Brighton & Hove Albion v Nottingham Forest,Throw-ins,ALL,16.5,True,0.606135691576584,0.7272727272727273,model,1.6671028637957264,False
2026-03-01,Brighton & Hove Albion v Nottingham Forest,Free kicks,ALL,9.5,True,0.7051570535374407,0.7272727272727273,model,1.4419875976989367,True
2026-03-01,Brighton & Hove Albion v Nottingham Forest,Shots on target,1ST,0.5,True,0.7823114149092599,0.9090909090909091,model,1.292412662014774,True
2026-03-01,Brighton & Hove Albion v Nottingham Forest,Throw-ins,1ST,7.5,True,0.6287550229901177,0.8181818181818182,model,1.6106716590154189,False
2026-03-01,Brighton & Hove Albion v Nottingham Forest,Throw-ins,1ST,8.5,True,0.5693639393752864,0.7272727272727273,model,1.7716838568878386,False
2026-03-01,Brighton & Hove Albion v Nottingham Forest,Free kicks,1ST,3.5,True,0.7389421164690689,0.8181818181818182,model,1.3748898522174764,True
2026-03-01,Brighton & Hove Albion v Nottingham Forest,Goal kicks,1ST,2.5,True,0.6929103727593374,0.7272727272727273,model,1.4556636480019722,False
2026-03-01,Brighton & Hove Albion v Nottingham Forest,Shots on target,2ND,1.5,True,0.6778198958995513,0.8636363636363636,model,1.4894496631233687,True
2026-03-01,Brighton & Hove Albion v Nottingham Forest,Corner kicks,2ND,1.5,True,0.6893152735794649,0.6818181818181818,model,1.4745005765582777,False
2026-03-01,Brighton & Hove Albion v Nottingham Forest,Fouls,2ND,4.5,True,0.5880327871616,0.7894736842105263,model,1.7186646331678639,True
2026-03-01,Brighton & Hove Albion v Nottingham Forest,Yellow cards,2ND,0.5,True,0.6860680137818643,0.8181818181818182,model,1.479925357024453,True
2026-03-01,Brighton & Hove Albion v Nottingham Forest,Goal kicks,2ND,3.5,True,0.7830608879700731,0.6818181818181818,model,1.2958484306107865,True
2026-03-01,Manchester United v Crystal Palace,Total shots,ALL,11.5,False,0.6975097302260936,0.7619047619047619,model,1.4479719994422546,True
2026-03-01,Manchester United v Crystal Palace,Total shots,ALL,12.5,False,0.7515592846285014,0.7619047619047619,model,1.3494487795459875,True
2026-03-01,Manchester United v Crystal Palace,Corner kicks,ALL,3.5,True,0.628921371206008,0.7619047619047619,model,1.6004012960313503,False
2026-03-01,Manchester United v Crystal Palace,Yellow cards,ALL,1.5,True,0.7953141159323374,0.8421052631578947,model,1.2573648322936049,True
2026-03-01,Manchester United v Crystal Palace,Goal kicks,ALL,5.5,True,0.799839363048332,0.8571428571428571,model,1.2751204617888148,True
2026-03-01,Manchester United v Crystal Palace,Total shots,1ST,5.5,False,0.6860543164901342,0.7142857142857143,model,1.4663051023645948,True
2026-03-01,Manchester United v Crystal Palace,Corner kicks,1ST,1.5,True,0.753352119209399,0.8095238095238095,model,1.3414631280516733,True
2026-03-01,Manchester United v Crystal Palace,Offsides,1ST,0.5,True,0.6366419243301267,0.7142857142857143,model,1.5961483813225426,True
2026-03-01,Manchester United v Crystal Palace,Yellow cards,1ST,0.5,True,0.6477919770258165,0.7894736842105263,model,1.543705441662404,True
2026-03-01,Manchester United v Crystal Palace,Total shots,2ND,6.5,False,0.6752048259928757,0.7142857142857143,model,1.4909831645189457,True
2026-03-01,Manchester United v Crystal Palace,Offsides,2ND,0.5,True,0.5780434381534406,0.7142857142857143,model,1.7299737943475308,True
2026-03-01,Manchester United v Crystal Palace,Throw-ins,2ND,8.5,True,0.6674177320874818,0.7142857142857143,model,1.5124846009986848,False
2026-03-01,Manchester United v Crystal Palace,Yellow cards,2ND,0.5,True,0.6592896187748843,0.7894736842105263,model,1.5437934313048038,True
2026-03-01,Manchester United v Crystal Palace,Yellow cards,2ND,0.5,True,0.8248797728902753,0.8947368421052632,model,1.223399975013968,True
2026-03-01,Manchester United v Crystal Palace,Goal kicks,2ND,2.5,True,0.7847863448965106,0.8571428571428571,model,1.3039105398930035,True
2026-03-01,Fulham v Tottenham Hotspur,Total shots,ALL,11.5,True,0.6420066354566768,0.7083333333333334,model,1.5732537106691102,True
2026-03-01,Fulham v Tottenham Hotspur,Offsides,ALL,0.5,True,0.8613460853124721,0.9166666666666666,model,1.1720057818699492,True
2026-03-01,Fulham v Tottenham Hotspur,Shots on target,1ST,0.5,True,0.7781118118735838,0.875,model,1.2985117913380397,True
2026-03-01,Fulham v Tottenham Hotspur,Shots on target,1ST,0.5,True,0.6115759256078234,0.8333333333333334,model,1.6654642686989964,False
2026-03-01,Fulham v Tottenham Hotspur,Total shots,2ND,4.5,True,0.6576264980923282,0.7916666666666666,model,1.5414425779202028,True
2026-03-01,Fulham v Tottenham Hotspur,Corner kicks,2ND,1.5,True,0.6369166747392452,0.7083333333333334,model,1.5904287329257047,True
2026-03-01,Fulham v Tottenham Hotspur,Offsides,2ND,0.5,True,0.6042273280105441,0.7083333333333334,model,1.6735161017699764,True
2026-03-01,Arsenal v Chelsea,Total shots,ALL,14.5,False,0.9724652280076644,0.8235294117647058,model,1.0324346703866965,True
2026-03-01,Arsenal v Chelsea,Corner kicks,ALL,3.5,True,0.6709260688930413,0.7058823529411765,model,1.5117796605096656,True
2026-03-01,Arsenal v Chelsea,Offsides,ALL,0.5,True,0.8016187118513508,0.9375,model,1.2620235159194229,False
2026-03-01,Arsenal v Chelsea,Offsides,ALL,1.5,True,0.6170405298746217,0.6875,model,1.6378729304163926,False
2026-03-01,Arsenal v Chelsea,Yellow cards,ALL,1.5,True,0.7053055413523198,0.7647058823529411,model,1.4300149570250675,True
2026-03-01,Arsenal v Chelsea,Goal kicks,ALL,5.5,True,0.7466197702742705,0.9411764705882353,model,1.3551897967270075,True
2026-03-01,Arsenal v Chelsea,Total shots,1ST,5.5,True,0.7029665714122767,0.8235294117647058,model,1.445902193676142,True
2026-03-01,Arsenal v Chelsea,Fouls,1ST,4.5,True,0.7046741835431861,0.8823529411764706,model,1.4339660701078811,False
2026-03-01,Arsenal v Chelsea,Offsides,1ST,0.5,True,0.6012799714093987,0.75,model,1.6867563357026305,False
2026-03-01,Arsenal v Chelsea,Throw-ins,1ST,6.5,True,0.5463694776596433,0.7647058823529411,model,1.8366010588809925,False
2026-03-01,Arsenal v Chelsea,Goal kicks,1ST,1.5,True,0.8502186190912355,0.9411764705882353,model,1.1977651057724863,True
2026-03-01,Arsenal v Chelsea,Goal kicks,1ST,2.5,True,0.739199304148357,0.9411764705882353,model,1.3794431976876471,True
2026-03-01,Arsenal v Chelsea,Corner kicks,2ND,1.5,False,0.5968509510109049,0.7647058823529411,model,1.6754601769608797,False
2026-03-01,Arsenal v Chelsea,Corner kicks,2ND,2.5,False,0.7030952192604406,0.7647058823529411,model,1.4228869597510365,False
2026-03-01,Arsenal v Chelsea,Offsides,2ND,0.5,True,0.8125,0.8125,record,1.7546740968198824,False
2026-03-01,Arsenal v Chelsea,Yellow cards,2ND,0.5,True,0.7312570468124582,0.7647058823529411,model,1.3811595742774188,True
2026-03-01,Arsenal v Chelsea,Goal kicks,2ND,1.5,True,0.6374149105362652,0.8235294117647058,model,1.6015357846559095,True
2026-03-01,Arsenal v Chelsea,Goal kicks,2ND,1.5,True,0.7488644786492457,0.8235294117647058,model,1.367523037128265,True
2026-03-03,Bournemouth v Brentford,Total shots,ALL,10.5,True,0.7406878492212757,0.8214285714285714,model,1.367139136926665,True
2026-03-03,Bournemouth v Brentford,Total shots,1ST,4.5,True,0.7447069725854288,0.7142857142857143,model,1.360225049257741,False
2026-03-03,Bournemouth v Brentford,Corner kicks,1ST,1.5,True,0.748878625169905,0.8214285714285714,model,1.3455281277012934,True
2026-03-03,Bournemouth v Brentford,Goal kicks,1ST,2.5,True,0.707730794433296,0.8214285714285714,model,1.425709241073088,True
2026-03-03,Bournemouth v Brentford,Throw-ins,2ND,8.5,True,0.7224454494810867,0.75,model,1.3947420988712116,True
2026-03-03,Everton v Burnley,Total shots,ALL,9.5,True,0.8692637995254245,0.9642857142857143,model,1.150398763351184,True
2026-03-03,Everton v Burnley,Total shots,ALL,10.5,True,0.8246930129046725,0.8928571428571429,model,1.212572417071747,True
2026-03-03,Everton v Burnley,Offsides,ALL,0.5,True,0.7067790931995839,0.8846153846153846,model,1.4250394016446486,True
2026-03-03,Everton v Burnley,Yellow cards,ALL,1.5,True,0.6204172158786819,0.8076923076923077,model,1.6243954204693856,False
2026-03-03,Everton v Burnley,Goal kicks,ALL,7.5,False,0.7656714462403561,0.7857142857142857,model,1.315123806457829,True
2026-03-03,Everton v Burnley,Goal kicks,ALL,8.5,False,0.8379987856977213,0.9285714285714286,model,1.203823641015644,True
2026-03-03,Everton v Burnley,Shots on target,1ST,0.5,True,0.810267008966088,0.8214285714285714,model,1.2528902354362483,True
2026-03-03,Everton v Burnley,Corner kicks,1ST,0.5,True,0.8119906726367863,0.8928571428571429,model,1.2487942072387317,True
2026-03-03,Everton v Burnley,Corner kicks,1ST,0.5,True,0.5837600878923481,0.75,model,1.7341012474037012,False
2026-03-03,Everton v Burnley,Goal kicks,1ST,3.5,False,0.7318300741095314,0.8214285714285714,model,1.3740144728430184,True
2026-03-03,Everton v Burnley,Total shots,2ND,5.5,True,0.8297128960652482,0.9285714285714286,model,1.2228158450612412,False
2026-03-03,Everton v Burnley,Shots on target,2ND,1.5,True,0.6594660942292846,0.75,model,1.5318045461898067,True
2026-03-03,Everton v Burnley,Corner kicks,2ND,1.5,True,0.6954302630650916,0.8214285714285714,model,1.4537692857778708,False
2026-03-03,Everton v Burnley,Offsides,2ND,0.5,True,0.5766411211338054,0.7307692307692307,model,1.7427705951409047,True
2026-03-03,Everton v Burnley,Yellow cards,2ND,0.5,True,0.6697627002442912,0.7692307692307693,model,1.5147933638536304,True
2026-03-03,Leeds United v Sunderland,Total shots,ALL,10.5,True,0.793779468775962,0.8928571428571429,model,1.2756615030383656,True
2026-03-03,Leeds United v Sunderland,Total shots,ALL,11.5,True,0.747024120770904,0.8571428571428571,model,1.3548210410752188,True
2026-03-03,Leeds United v Sunderland,Shots on target,ALL,2.5,True,0.7199877991382977,0.8571428571428571,model,1.4030694687305156,True
2026-03-03,Leeds United v Sunderland,Corner kicks,ALL,3.5,True,0.6842858486499366,0.7857142857142857,model,1.471630030853884,True
2026-03-03,Leeds United v Sunderland,Offsides,ALL,0.5,True,0.8825786093952463,0.9642857142857143,model,1.1503212963325937,True
2026-03-03,Leeds United v Sunderland,Total shots,1ST,4.5,True,0.7416724723659782,0.8571428571428571,model,1.3618585558668859,True
2026-03-03,Leeds United v Sunderland,Fouls,1ST,3.5,True,0.6321929594127317,0.75,model,1.6012611053777916,True
2026-03-03,Leeds United v Sunderland,Fouls,1ST,3.5,True,0.7668893859080497,0.85,model,1.3039690187078692,True
2026-03-03,Leeds United v Sunderland,Fouls,1ST,4.5,True,0.6756509548402103,0.75,model,1.4800541504991989,True
2026-03-03,Leeds United v Sunderland,Offsides,1ST,0.5,True,0.7631683082969847,0.8214285714285714,model,1.3239477325389877,True
2026-03-03,Leeds United v Sunderland,Goal kicks,1ST,3.5,True,0.6986680380451508,0.7857142857142857,model,1.4441425565125205,False
2026-03-03,Leeds United v Sunderland,Total shots,2ND,5.5,True,0.7905917081146927,0.7857142857142857,model,1.2800166020517456,True
2026-03-03,Leeds United v Sunderland,Corner kicks,2ND,1.5,True,0.7060765804495663,0.7857142857142857,model,1.4313476820778317,True
2026-03-03,Leeds United v Sunderland,Fouls,2ND,4.5,True,0.6393334653168958,0.7,model,1.5761515021657009,True
2026-03-03,Wolverhampton v Liverpool FC,Fouls,ALL,11.5,False,0.6600390724194799,0.72,model,1.5223860256228738,False
2026-03-03,Wolverhampton v Liverpool FC,Offsides,ALL,0.5,True,0.7868548622167587,0.9583333333333334,model,1.2708824054067105,True
2026-03-03,Wolverhampton v Liverpool FC,Offsides,ALL,0.5,True,0.7295398847634689,0.9166666666666666,model,1.396683867794878,True
2026-03-03,Wolverhampton v Liverpool FC,Corner kicks,1ST,0.5,True,0.6166206821542816,0.8,model,1.6374746370035551,True
2026-03-03,Wolverhampton v Liverpool FC,Corner kicks,1ST,0.5,True,0.8099059451579884,0.84,model,1.2649538741356747,True
2026-03-03,Wolverhampton v Liverpool FC,Fouls,2ND,5.5,False,0.6281808763613319,0.7391304347826086,model,1.5934252196829537,True
2026-03-03,Wolverhampton v Liverpool FC,Offsides,2ND,0.5,True,0.6737281295736998,0.75,model,1.4842782364345515,True
2026-03-03,Wolverhampton v Liverpool FC,Offsides,2ND,0.5,True,0.6501137742012212,0.7916666666666666,model,1.571363401118207,True
2026-03-03,Wolverhampton v Liverpool FC,Free kicks,2ND,5.5,False,0.6240656388308484,0.76,model,1.6028189105823731,True
2026-03-03,Wolverhampton v Liverpool FC,Goal kicks,2ND,2.5,True,0.6551973710586547,0.76,model,1.5444861042603102,False
2026-03-04,Manchester City v Nottingham Forest,Total shots,ALL,13.5,False,0.7498510510050758,0.85,model,1.3335981841455484,True
2026-03-04,Manchester City v Nottingham Forest,Yellow cards,ALL,0.5,True,0.7840951906946124,1.0,model,1.2887633715032871,False
2026-03-04,Manchester City v Nottingham Forest,Yellow cards,ALL,0.5,True,0.6654622139991538,0.8,model,1.5290098334537467,True
2026-03-04,Manchester City v Nottingham Forest,Goal kicks,ALL,6.5,True,0.6810808176425619,0.8,model,1.4865754313694985,True
2026-03-04,Manchester City v Nottingham Forest,Total shots,1ST,5.5,True,0.765786822407118,0.85,model,1.3182434389388626,True
2026-03-04,Manchester City v Nottingham Forest,Fouls,1ST,4.5,True,0.6981633698590106,0.75,model,1.442015112545401,False
2026-03-04,Manchester City v Nottingham Forest,Free kicks,1ST,4.5,True,0.6262140003211781,0.7,model,1.6124411463228092,False
2026-03-04,Manchester City v Nottingham Forest,Goal kicks,1ST,2.5,True,0.7022856955792295,0.75,model,1.448181506616658,True
2026-03-04,Manchester City v Nottingham Forest,Fouls,2ND,4.5,True,0.7366798470113288,0.8,model,1.3734527187125214,False
2026-03-04,Manchester City v Nottingham Forest,Fouls,2ND,4.5,True,0.6455152309392262,0.8,model,1.5685270674775666,False
2026-03-04,Manchester City v Nottingham Forest,Offsides,2ND,0.5,True,0.5921346611131367,0.75,model,1.6888050399213739,True
2026-03-04,Manchester City v Nottingham Forest,Offsides,2ND,0.5,True,0.6985433422312269,0.8,model,1.4542321052572686,False
2026-03-04,Brighton & Hove Albion v Arsenal,Throw-ins,ALL,15.5,True,0.5604810401933403,0.75,model,1.7913811492988865,True
2026-03-04,Brighton & Hove Albion v Arsenal,Free kicks,ALL,8.5,True,0.7019018242040189,0.75,model,1.4473134150353648,True
2026-03-04,Brighton & Hove Albion v Arsenal,Free kicks,ALL,9.5,True,0.6425344703483734,0.7083333333333334,model,1.57665627233188,True
2026-03-04,Brighton & Hove Albion v Arsenal,Goal kicks,ALL,5.5,True,0.7553699827648959,0.875,model,1.3377616770823764,False
2026-03-04,Brighton & Hove Albion v Arsenal,Throw-ins,1ST,6.5,True,0.6033220287759096,0.75,model,1.6649390543912366,True
2026-03-04,Brighton & Hove Albion v Arsenal,Throw-ins,1ST,6.5,True,0.6065710339769935,0.75,model,1.6679530081507659,True
2026-03-04,Brighton & Hove Albion v Arsenal,Free kicks,1ST,4.5,True,0.7044895833748063,0.7083333333333334,model,1.4373822714783344,True
2026-03-04,Brighton & Hove Albion v Arsenal,Goal kicks,1ST,2.5,True,0.731240734530486,0.7083333333333334,model,1.3880401158830975,False
2026-03-04,Brighton & Hove Albion v Arsenal,Goal kicks,2ND,2.5,True,0.7439748848469308,0.875,model,1.3563187165958275,True
2026-03-04,Aston Villa v Chelsea,Offsides,ALL,0.5,True,0.8335767123805154,0.9,model,1.2298234720504597,True
2026-03-04,Aston Villa v Chelsea,Yellow cards,ALL,1.5,True,0.8286652804214878,0.9,model,1.2235212884830562,True
2026-03-04,Aston Villa v Chelsea,Total shots,1ST,5.5,True,0.6902781839864969,0.8,model,1.4607962328672313,False
2026-03-04,Aston Villa v Chelsea,Fouls,1ST,4.5,True,0.7444128737076853,0.8,model,1.3601018338196613,False
2026-03-04,Aston Villa v Chelsea,Tackles,1ST,6.5,True,0.639819923244806,0.8,model,1.5787212790802336,False
2026-03-04,Aston Villa v Chelsea,Tackles,1ST,7.5,True,0.555433551144065,0.75,model,1.8099172223369342,False
2026-03-04,Aston Villa v Chelsea,Tackles,2ND,7.5,True,0.656860562895523,0.8,model,1.5313842778402005,False
2026-03-04,Aston Villa v Chelsea,Throw-ins,2ND,6.5,True,0.5927468917501855,0.7,model,1.7004411232131083,True
2026-03-04,Aston Villa v Chelsea,Yellow cards,2ND,0.5,True,0.7004343632461838,0.7,model,1.4590093822775996,True
2026-03-04,Aston Villa v Chelsea,Yellow cards,2ND,0.5,True,0.8503055414931054,0.8,model,1.2043829507942754,True
2026-03-04,Fulham v West Ham United,Total shots,ALL,10.5,True,0.8250453433395245,0.8518518518518519,model,1.2304631398004822,True
2026-03-04,Fulham v West Ham United,Total shots,ALL,11.5,True,0.7837452291220621,0.7777777777777778,model,1.2952258760774393,True
2026-03-04,Fulham v West Ham United,Offsides,ALL,0.5,True,0.7254864106618503,0.8461538461538461,model,1.3874020039996384,False
2026-03-04,Fulham v West Ham United,Free kicks,ALL,9.5,True,0.6524502870863048,0.7407407407407407,model,1.5407383193102384,True
2026-03-04,Fulham v West Ham United,Total shots,1ST,4.5,True,0.7677421146255675,0.7777777777777778,model,1.323725219844339,True
2026-03-04,Fulham v West Ham United,Corner kicks,1ST,1.5,True,0.8335222046402676,0.8148148148148148,model,1.224498785462126,True
2026-03-04,Fulham v West Ham United,Fouls,1ST,4.5,True,0.5833837112741652,0.7272727272727273,model,1.722732896323421,True
2026-03-04,Fulham v West Ham United,Corner kicks,2ND,1.5,True,0.6699664089979501,0.8148148148148148,model,1.5125699501390422,True
2026-03-04,Fulham v West Ham United,Corner kicks,2ND,1.5,True,0.6638590480759109,0.7407407407407407,model,1.5280957155324897,True
2026-03-04,Fulham v West Ham United,Yellow cards,2ND,0.5,True,0.6965939630653168,0.84,model,1.4575814349478629,True
2026-03-04,Fulham v West Ham United,Yellow cards,2ND,0.5,True,0.6928012200189311,0.8,model,1.4625617094605778,True
2026-03-04,Fulham v West Ham United,Free kicks,2ND,4.5,True,0.6328431887897494,0.8148148148148148,model,1.586191483537144,True
2026-03-04,Fulham v West Ham United,Goal kicks,2ND,3.5,True,0.6604938260223795,0.7037037037037037,model,1.5354783404735568,True
2026-03-04,Newcastle United v Manchester United,Fouls,1ST,3.5,True,0.7121749106481258,0.7272727272727273,model,1.420483989840512,True
2026-03-04,Newcastle United v Manchester United,Yellow cards,1ST,0.5,False,0.712600540220885,0.7391304347826086,model,1.4033107520379224,False
2026-03-04,Newcastle United v Manchester United,Goal kicks,1ST,2.5,True,0.703572761736098,0.75,model,1.4325288933845366,True
2026-03-04,Newcastle United v Manchester United,Corner kicks,2ND,1.5,True,0.796135443481194,0.7916666666666666,model,1.2750987777442522,True
2026-03-04,Newcastle United v Manchester United,Yellow cards,2ND,0.5,True,0.6885760634658695,0.8260869565217391,model,1.475456909423654,True
2026-03-05,Tottenham Hotspur v Crystal Palace,Shots on target,ALL,2.5,True,0.7530708393950398,0.7142857142857143,model,1.3440635905808422,True
2026-03-05,Tottenham Hotspur v Crystal Palace,Shots on target,ALL,2.5,True,0.6078593917553551,0.7619047619047619,model,1.6570218736167912,True
2026-03-05,Tottenham Hotspur v Crystal Palace,Corner kicks,ALL,3.5,True,0.6068628041182633,0.8095238095238095,model,1.662012652199337,False
2026-03-05,Tottenham Hotspur v Crystal Palace,Shots on target,1ST,0.5,True,0.738584404367667,0.8571428571428571,model,1.3758460356289168,True
2026-03-05,Tottenham Hotspur v Crystal Palace,Shots on target,1ST,0.5,True,0.7059395709415968,0.8095238095238095,model,1.4357867627833665,True
2026-03-05,Tottenham Hotspur v Crystal Palace,Corner kicks,1ST,1.5,True,0.6300492731921035,0.7619047619047619,model,1.6121597563880605,True
2026-03-05,Tottenham Hotspur v Crystal Palace,Corner kicks,1ST,1.5,True,0.5916205585301996,0.8095238095238095,model,1.7182587093352644,False
2026-03-05,Tottenham Hotspur v Crystal Palace,Offsides,1ST,0.5,True,0.706816688759269,0.75,model,1.4417420180267027,True
2026-03-05,Tottenham Hotspur v Crystal Palace,Free kicks,1ST,3.5,True,0.6526445892955797,0.7619047619047619,model,1.5531007349499903,True
2026-03-05,Tottenham Hotspur v Crystal Palace,Goal kicks,1ST,2.5,True,0.6763046240781545,0.6666666666666666,model,1.4974647267079209,False
2026-03-05,Tottenham Hotspur v Crystal Palace,Total shots,2ND,4.5,True,0.6876830380001424,0.8571428571428571,model,1.4717405345409638,True
2026-03-05,Tottenham Hotspur v Crystal Palace,Total shots,2ND,5.5,True,0.6124707118285149,0.7142857142857143,model,1.6481580709739903,True
2026-03-05,Tottenham Hotspur v Crystal Palace,Tackles,2ND,9.5,True,0.704693228311801,0.6666666666666666,model,1.4410288957707236,True
2026-03-05,Tottenham Hotspur v Crystal Palace,Tackles,2ND,10.5,True,0.6449528299056703,0.6666666666666666,model,1.5701295466846186,False
2026-03-05,Tottenham Hotspur v Crystal Palace,Offsides,2ND,0.5,True,0.6256400426798736,0.8,model,1.5983631669683238,False
2026-03-05,Tottenham Hotspur v Crystal Palace,Offsides,2ND,0.5,True,0.720125170991227,0.7,model,1.4154081501718712,False
2026-03-14,Sunderland v Brighton & Hove Albion,Fouls,ALL,11.5,False,0.6628847457793209,0.7857142857142857,model,1.5167162117404034,True
2026-03-14,Sunderland v Brighton & Hove Albion,Free kicks,ALL,9.5,True,0.7567440547732881,0.7857142857142857,model,1.3321777245643158,True
2026-03-14,Sunderland v Brighton & Hove Albion,Offsides,1ST,0.5,True,0.6548278401642721,0.6923076923076923,model,1.5552727565926068,True
2026-03-14,Sunderland v Brighton & Hove Albion,Corner kicks,2ND,1.5,True,0.6923670413347379,0.7142857142857143,model,1.4595674621036683,False
2026-03-14,Sunderland v Brighton & Hove Albion,Fouls,2ND,4.5,True,0.6699512854380681,0.7142857142857143,model,1.4926458411765258,True
2026-03-14,Sunderland v Brighton & Hove Albion,Yellow cards,2ND,0.5,True,0.6628154699772967,0.8148148148148148,model,1.525410319169532,True
2026-03-14,Sunderland v Brighton & Hove Albion,Yellow cards,2ND,0.5,True,0.6914193615240425,0.7407407407407407,model,1.4625682373841296,True
2026-03-14,Burnley v Bournemouth,Shots on target,ALL,3.5,True,0.7857050711762313,0.8214285714285714,model,1.28216370578182,False
2026-03-14,Burnley v Bournemouth,Corner kicks,ALL,3.5,True,0.7231256800376527,0.75,model,1.4009551672741696,True
2026-03-14,Burnley v Bournemouth,Shots on target,1ST,1.5,True,0.7670413067487167,0.7857142857142857,model,1.3201231248504721,True
2026-03-14,Burnley v Bournemouth,Corner kicks,1ST,1.5,True,0.7548892656437399,0.7857142857142857,model,1.3246976020347028,True
2026-03-14,Burnley v Bournemouth,Shots on target,2ND,1.5,True,0.6669400443220579,0.7857142857142857,model,1.5201561821464415,False
2026-03-14,Arsenal v Everton,Total shots,ALL,11.5,True,0.8061483579709742,0.8260869565217391,model,1.2622730799948951,True
2026-03-14,Arsenal v Everton,Total shots,ALL,12.5,True,0.7599434768997791,0.7391304347826086,model,1.338299113046348,True
2026-03-14,Arsenal v Everton,Total shots,ALL,11.5,False,0.877265606289108,0.8695652173913043,model,1.1477721019585911,True
2026-03-14,Arsenal v Everton,Shots on target,ALL,3.5,False,0.804601519736438,0.8260869565217391,model,1.249746044526871,True
2026-03-14,Arsenal v Everton,Corner kicks,ALL,3.5,True,0.7521556959525642,0.8260869565217391,model,1.3406661679011507,True
2026-03-14,Arsenal v Everton,Offsides,ALL,0.5,True,0.6869788916760158,0.8095238095238095,model,1.4718007482091848,True
2026-03-14,Arsenal v Everton,Goal kicks,ALL,5.5,True,0.805789787429303,0.9130434782608695,model,1.2543259689659902,True
2026-03-14,Arsenal v Everton,Goal kicks,ALL,6.5,True,0.7422844085604772,0.8695652173913043,model,1.3612099023055597,True
2026-03-14,Arsenal v Everton,Total shots,1ST,4.5,True,0.7966653979289575,0.9130434782608695,model,1.2642672442365048,True
2026-03-14,Arsenal v Everton,Total shots,1ST,5.5,True,0.7175342126477369,0.8695652173913043,model,1.4031260877996383,True
2026-03-14,Arsenal v Everton,Fouls,1ST,4.5,True,0.6435378673366755,0.8095238095238095,model,1.563707152438996,True
2026-03-14,Arsenal v Everton,Goal kicks,1ST,2.5,True,0.7572232288388696,0.9130434782608695,model,1.333710336891735,True
2026-03-14,Arsenal v Everton,Goal kicks,1ST,3.5,True,0.650554105661871,0.6956521739130435,model,1.5500764798536568,True
2026-03-14,Arsenal v Everton,Total shots,2ND,6.5,True,0.7037012423502619,0.7391304347826086,model,1.4479106429688158,True
2026-03-14,Arsenal v Everton,Goal kicks,2ND,2.5,True,0.772761177536664,0.8260869565217391,model,1.3080303336185184,True
2026-03-14,Chelsea v Newcastle United,Total shots,ALL,13.5,False,0.6671325516928938,0.75,model,1.507045711918672,True
2026-03-14,Chelsea v Newcastle United,Yellow cards,ALL,1.5,True,0.7415166186515136,0.7368421052631579,model,1.3674771986496381,True
2026-03-14,Chelsea v Newcastle United,Goal kicks,ALL,5.5,True,0.835626233458506,0.95,model,1.2127031356809168,True
2026-03-14,Chelsea v Newcastle United,Goal kicks,ALL,6.5,True,0.7653555580031152,0.8,model,1.3241822409031943,True
2026-03-14,Chelsea v Newcastle United,Yellow cards,2ND,0.5,True,0.7794638842741519,0.8421052631578947,model,1.3078122030681414,False
2026-03-14,Chelsea v Newcastle United,Yellow cards,2ND,0.5,True,0.75696035456108,0.8421052631578947,model,1.3411600547751386,True
2026-03-14,Chelsea v Newcastle United,Goal kicks,2ND,2.5,True,0.7476043877844567,0.9,model,1.3525516082387237,True
2026-03-14,West Ham United v Manchester City,Shots on target,ALL,3.5,True,0.8284098076383175,0.782608695652174,model,1.2252884626134304,True
2026-03-14,West Ham United v Manchester City,Tackles,ALL,14.5,True,0.7388665152462283,0.782608695652174,model,1.371845080859637,True
2026-03-14,West Ham United v Manchester City,Offsides,ALL,0.5,True,0.8501116790808884,0.8695652173913043,model,1.202668737651513,True
2026-03-14,West Ham United v Manchester City,Offsides,ALL,0.5,True,0.6760873689936416,0.9130434782608695,model,1.496282132444153,True
2026-03-14,West Ham United v Manchester City,Goal kicks,ALL,6.5,True,0.6159843668713373,0.6956521739130435,model,1.6361525857741301,True
2026-03-14,West Ham United v Manchester City,Tackles,1ST,7.5,True,0.6573040272398505,0.6956521739130435,model,1.5370974771456145,True
2026-03-14,West Ham United v Manchester City,Total shots,2ND,5.5,True,0.7368213613781772,0.782608695652174,model,1.382673126891608,True
2026-03-14,West Ham United v Manchester City,Corner kicks,2ND,1.5,True,0.7077483954854507,0.782608695652174,model,1.4300357054207922,False
2026-03-14,West Ham United v Manchester City,Tackles,2ND,7.5,True,0.6981666629791162,0.6956521739130435,model,1.4505058321277606,True
2026-03-14,West Ham United v Manchester City,Tackles,2ND,7.5,True,0.5665497097226599,0.6956521739130435,model,1.771616424138921,False
2026-03-14,West Ham United v Manchester City,Offsides,2ND,0.5,True,0.7879594528873848,0.7391304347826086,model,1.288699259846118,True
2026-03-14,West Ham United v Manchester City,Offsides,2ND,0.5,True,0.5856879334737507,0.6956521739130435,model,1.7299737943475308,False
2026-03-14,West Ham United v Manchester City,Throw-ins,2ND,7.5,True,0.6107667618946592,0.8260869565217391,model,1.648294417554204,False
2026-03-14,West Ham United v Manchester City,Yellow cards,2ND,0.5,True,0.7130074157344362,0.782608695652174,model,1.4165724685868333,False
2026-03-15,Crystal Palace v Leeds United,Throw-ins,ALL,16.5,True,0.7651145539506483,0.8333333333333334,model,1.3282055351437594,True
2026-03-15,Crystal Palace v Leeds United,Goal kicks,ALL,6.5,True,0.6481248707189662,0.7083333333333334,model,1.5562826703537056,True
2026-03-15,Crystal Palace v Leeds United,Total shots,1ST,4.5,True,0.6509811894977546,0.75,model,1.5594585348689498,False
2026-03-15,Crystal Palace v Leeds United,Tackles,1ST,7.5,True,0.5752517230491812,0.7083333333333334,model,1.7447784702372235,True
2026-03-15,Crystal Palace v Leeds United,Yellow cards,1ST,0.5,False,0.489170277107369,0.6956521739130435,model,2.0442779269283116,False
2026-03-15,Crystal Palace v Leeds United,Goal kicks,1ST,2.5,True,0.7058008702644806,0.7916666666666666,model,1.4291603254181218,True
2026-03-15,Crystal Palace v Leeds United,Shots on target,2ND,1.5,True,0.6989029961070866,0.75,model,1.4482535053869963,False
2026-03-15,Crystal Palace v Leeds United,Throw-ins,2ND,8.5,True,0.7440496073984671,0.875,model,1.3579805267458949,False
2026-03-15,Crystal Palace v Leeds United,Throw-ins,2ND,9.5,True,0.6749555620965666,0.75,model,1.4947148641270123,False
2026-03-15,Crystal Palace v Leeds United,Yellow cards,2ND,0.5,True,0.6602985797408639,0.782608695652174,model,1.5144663803342617,False
2026-03-15,Nottingham Forest v Fulham,Yellow cards,ALL,0.5,True,0.6922491205686778,0.7916666666666666,model,1.4625080913592605,True
2026-03-15,Nottingham Forest v Fulham,Yellow cards,ALL,0.5,True,0.8195709938646115,0.9166666666666666,model,1.2307790636973959,True
2026-03-15,Nottingham Forest v Fulham,Free kicks,ALL,9.5,True,0.7209983490144145,0.7083333333333334,model,1.398730835625375,True
2026-03-15,Nottingham Forest v Fulham,Corner kicks,1ST,2.5,False,0.6186471625144844,0.7083333333333334,model,1.6164302701001834,True
2026-03-15,Nottingham Forest v Fulham,Offsides,1ST,0.5,True,0.7806015407247792,0.8260869565217391,model,1.3056230570926262,False
2026-03-15,Nottingham Forest v Fulham,Total shots,2ND,5.5,True,0.6430655673375483,0.7083333333333334,model,1.5782344944451348,False
2026-03-15,Nottingham Forest v Fulham,Shots on target,2ND,1.5,True,0.6170329989724336,0.7083333333333334,model,1.6486735504550472,False
2026-03-15,Manchester United v Aston Villa,Offsides,ALL,0.5,True,0.8462617730920388,0.9130434782608695,model,1.2020093979837023,True
2026-03-15,Manchester United v Aston Villa,Yellow cards,ALL,1.5,True,0.5998710924339915,0.75,model,1.679098564252258,True
2026-03-15,Manchester United v Aston Villa,Goal kicks,ALL,6.5,True,0.7705379461263382,0.8333333333333334,model,1.3086535570069784,True
2026-03-15,Manchester United v Aston Villa,Total shots,1ST,5.5,False,0.6407283677048632,0.7083333333333334,model,1.5627768859913302,True
2026-03-15,Manchester United v Aston Villa,Shots on target,1ST,1.5,True,0.8503585478173172,0.875,model,1.1759745375251174,False
2026-03-15,Manchester United v Aston Villa,Fouls,1ST,4.5,True,0.6270184019100701,0.7,model,1.616407131244775,True
2026-03-15,Manchester United v Aston Villa,Goal kicks,1ST,2.5,True,0.7024577144508405,0.7916666666666666,model,1.442170697813761,True
2026-03-15,Manchester United v Aston Villa,Fouls,2ND,4.5,True,0.7926210451664181,0.75,model,1.2763804167465025,True
2026-03-15,Manchester United v Aston Villa,Offsides,2ND,0.5,True,0.7596145788563046,0.782608695652174,model,1.3335650575087996,True
2026-03-15,Manchester United v Aston Villa,Throw-ins,2ND,7.5,True,0.5874294121397096,0.75,model,1.7117877566864417,False
2026-03-15,Manchester United v Aston Villa,Yellow cards,2ND,0.5,True,0.7148710070541858,0.75,model,1.4113172986327207,True
2026-03-15,Manchester United v Aston Villa,Yellow cards,2ND,0.5,True,0.7049939028049442,0.7916666666666666,model,1.4296586867530474,True
2026-03-15,Manchester United v Aston Villa,Goal kicks,2ND,2.5,True,0.8230168988202802,0.8333333333333334,model,1.234236627913013,True
2026-03-15,Manchester United v Aston Villa,Goal kicks,2ND,3.5,True,0.7250604149634107,0.7083333333333334,model,1.4007742068753806,False
2026-03-15,Liverpool FC v Tottenham Hotspur,Total shots,ALL,12.5,False,0.7500073135046584,0.7391304347826086,model,1.3449777722836496,False
2026-03-15,Liverpool FC v Tottenham Hotspur,Shots on target,ALL,3.5,True,0.6341573741965745,0.8260869565217391,model,1.5768956424529765,True
2026-03-15,Liverpool FC v Tottenham Hotspur,Offsides,ALL,0.5,True,0.7566214240144272,0.9130434782608695,model,1.349032718013901,False
2026-03-15,Liverpool FC v Tottenham Hotspur,Offsides,ALL,0.5,True,0.727318303471836,0.782608695652174,model,1.3906179325243768,True
2026-03-15,Liverpool FC v Tottenham Hotspur,Goal kicks,ALL,6.5,True,0.7475657904976039,0.9130434782608695,model,1.3574261560545993,True
2026-03-15,Liverpool FC v Tottenham Hotspur,Goal kicks,ALL,7.5,True,0.686062923388148,0.8260869565217391,model,1.4768180829602422,True
2026-03-15,Liverpool FC v Tottenham Hotspur,Shots on target,1ST,1.5,True,0.6473583034136433,0.8260869565217391,model,1.5561422015409923,True
2026-03-15,Liverpool FC v Tottenham Hotspur,Free kicks,1ST,3.5,True,0.7211729294922818,0.6956521739130435,model,1.4011133561502902,True
2026-03-15,Liverpool FC v Tottenham Hotspur,Goal kicks,1ST,2.5,True,0.6346350058944024,0.6956521739130435,model,1.586770323848439,True
2026-03-15,Liverpool FC v Tottenham Hotspur,Goal kicks,1ST,2.5,True,0.7683618884416312,0.8695652173913043,model,1.3210624549423313,True
2026-03-15,Liverpool FC v Tottenham Hotspur,Total shots,2ND,7.5,True,0.6721345925901867,0.7391304347826086,model,1.5058270012816504,True
2026-03-15,Liverpool FC v Tottenham Hotspur,Total shots,2ND,6.5,False,0.6695542673378958,0.782608695652174,model,1.4998738506943097,False
2026-03-15,Liverpool FC v Tottenham Hotspur,Total shots,2ND,7.5,False,0.745780073265963,0.8695652173913043,model,1.35277727692702,False
2026-03-15,Liverpool FC v Tottenham Hotspur,Goal kicks,2ND,2.5,True,0.7586493187286427,0.8260869565217391,model,1.337486979723873,True
2026-03-16,Brentford v Wolverhampton,Total shots,ALL,8.5,True,0.7569060347537567,0.8148148148148148,model,1.3367284785540563,True
2026-03-16,Brentford v Wolverhampton,Yellow cards,ALL,1.5,True,0.6650880569954286,0.88,model,1.5263411337121864,True
2026-03-16,Brentford v Wolverhampton,Free kicks,ALL,8.5,True,0.7795673888013855,0.8888888888888888,model,1.293769670395526,True
2026-03-16,Brentford v Wolverhampton,Free kicks,ALL,8.5,True,0.6639821836155191,0.7407407407407407,model,1.520057560485677,True
2026-03-16,Brentford v Wolverhampton,Goal kicks,ALL,6.5,True,0.6029403873950546,0.7777777777777778,model,1.6719425626166529,True
2026-03-16,Brentford v Wolverhampton,Total shots,1ST,2.5,True,0.8187469581225009,0.9629629629629629,model,1.2369110883757004,True
2026-03-16,Brentford v Wolverhampton,Total shots,1ST,2.5,True,0.5948020704588681,0.7407407407407407,model,1.6939531912160921,True
2026-03-16,Brentford v Wolverhampton,Shots on target,1ST,0.5,True,0.8098486565619171,0.8888888888888888,model,1.2525009222748127,True
2026-03-16,Brentford v Wolverhampton,Corner kicks,1ST,0.5,True,0.9041383030823306,0.9259259259259259,model,1.1181490197320987,False
2026-03-16,Brentford v Wolverhampton,Corner kicks,1ST,0.5,True,0.6278291862787543,0.8148148148148148,model,1.6143686797226582,True
2026-03-16,Brentford v Wolverhampton,Yellow cards,1ST,0.5,False,0.6174333562751574,0.76,model,1.6196079946713358,True
2026-03-16,Brentford v Wolverhampton,Free kicks,1ST,3.5,True,0.6938275545458652,0.7777777777777778,model,1.4572345648336906,True
2026-03-16,Brentford v Wolverhampton,Goal kicks,1ST,2.5,True,0.6732399134533708,0.8518518518518519,model,1.4853545965070905,True
2026-03-16,Brentford v Wolverhampton,Total shots,2ND,4.5,True,0.7091125732768195,0.7407407407407407,model,1.4245904773822802,False
2026-03-16,Brentford v Wolverhampton,Corner kicks,2ND,1.5,True,0.7667886752603494,0.7777777777777778,model,1.313577649249482,False
2026-03-16,Brentford v Wolverhampton,Free kicks,2ND,4.5,True,0.7776936351792733,0.8148148148148148,model,1.2977056324448104,True
2026-03-16,Brentford v Wolverhampton,Free kicks,2ND,4.5,True,0.6190244604195925,0.7037037037037037,model,1.6326144077250342,True
2026-03-20,Bournemouth v Manchester United,Corner kicks,ALL,4.5,False,0.5641996696432301,0.7,model,1.7724221650685241,False
2026-03-20,Bournemouth v Manchester United,Offsides,ALL,1.5,True,0.7055472550135763,0.7142857142857143,model,1.426998747627286,True
2026-03-20,Bournemouth v Manchester United,Corner kicks,1ST,1.5,True,0.6555660467273273,0.7333333333333333,model,1.5411261629239326,True
2026-03-20,Bournemouth v Manchester United,Fouls,1ST,4.5,True,0.6593464631797393,0.68,model,1.5327421720933996,False
2026-03-20,Bournemouth v Manchester United,Free kicks,1ST,4.5,True,0.6934442021257727,0.7,model,1.4504544344246186,False
2026-03-20,Bournemouth v Manchester United,Goal kicks,1ST,2.5,True,0.7740471021725842,0.8666666666666667,model,1.3095436311808175,True
2026-03-20,Bournemouth v Manchester United,Corner kicks,2ND,1.5,True,0.7847580276537399,0.7333333333333333,model,1.2928977668994528,True
2026-03-20,Bournemouth v Manchester United,Yellow cards,2ND,0.5,True,0.7660531814963173,0.7931034482758621,model,1.3189348826162248,True
2026-03-20,Bournemouth v Manchester United,Yellow cards,2ND,0.5,True,0.6189452899119521,0.7586206896551724,model,1.630353781313161,True
2026-03-20,Bournemouth v Manchester United,Free kicks,2ND,4.5,True,0.6604850681732011,0.7333333333333333,model,1.524956597660764,True
2026-03-21,Brighton & Hove Albion v Liverpool FC,Offsides,ALL,0.5,True,0.7390740549911948,0.8846153846153846,model,1.3645238960414114,True
2026-03-21,Brighton & Hove Albion v Liverpool FC,Offsides,ALL,0.5,True,0.6519316335426486,0.8461538461538461,model,1.5548557377581727,True
2026-03-21,Brighton & Hove Albion v Liverpool FC,Throw-ins,ALL,15.5,True,0.7247259650073172,0.7407407407407407,model,1.396547383627299,True
2026-03-21,Brighton & Hove Albion v Liverpool FC,Throw-ins,ALL,16.5,True,0.6806437720941827,0.6666666666666666,model,1.4849502908102052,True
2026-03-21,Brighton & Hove Albion v Liverpool FC,Offsides,1ST,0.5,True,0.5810549243682477,0.7307692307692307,model,1.7341808680480095,False
2026-03-21,Brighton & Hove Albion v Liverpool FC,Throw-ins,1ST,7.5,False,0.5386773032665574,0.6666666666666666,model,1.8563989868070665,False
2026-03-21,Brighton & Hove Albion v Liverpool FC,Goal kicks,1ST,2.5,True,0.7056782440056042,0.6666666666666666,model,1.427544985306017,True
2026-03-21,Brighton & Hove Albion v Liverpool FC,Goal kicks,1ST,2.5,True,0.7322856570493805,0.7037037037037037,model,1.3903649515742487,True
2026-03-21,Brighton & Hove Albion v Liverpool FC,Shots on target,2ND,1.5,True,0.6646675243135698,0.7037037037037037,model,1.519706330287351,True
2026-03-21,Brighton & Hove Albion v Liverpool FC,Shots on target,2ND,1.5,True,0.6118777753545006,0.7777777777777778,model,1.6533806721595186,True
2026-03-21,Brighton & Hove Albion v Liverpool FC,Corner kicks,2ND,1.5,True,0.6354742475142172,0.7037037037037037,model,1.5919013859358635,True
2026-03-21,Brighton & Hove Albion v Liverpool FC,Tackles,2ND,8.5,True,0.6273837613760098,0.6666666666666666,model,1.6029205347730224,False
2026-03-21,Brighton & Hove Albion v Liverpool FC,Yellow cards,2ND,0.5,True,0.7193638208843876,0.7037037037037037,model,1.4086804923699459,True
2026-03-21,Brighton & Hove Albion v Liverpool FC,Yellow cards,2ND,0.5,True,0.6529788367893923,0.7777777777777778,model,1.5628629858414185,True
2026-03-21,Fulham v Burnley,Total shots,ALL,10.5,True,0.8531172758368083,0.9,model,1.1886241830023034,True
2026-03-21,Fulham v Burnley,Total shots,ALL,11.5,True,0.8142975476747496,0.8666666666666667,model,1.2457714768694705,True
2026-03-21,Fulham v Burnley,Shots on target,ALL,2.5,True,0.8057283407581591,0.8333333333333334,model,1.2577051543905147,True
2026-03-21,Fulham v Burnley,Corner kicks,ALL,3.5,True,0.7543910968203844,0.8,model,1.341287448676947,True
2026-03-21,Fulham v Burnley,Corner kicks,ALL,4.5,True,0.6681480154052445,0.7333333333333333,model,1.5121629110384354,True
2026-03-21,Fulham v Burnley,Offsides,ALL,0.5,True,0.7573655250913086,0.8666666666666667,model,1.333326802335901,True
2026-03-21,Fulham v Burnley,Offsides,ALL,0.5,True,0.8727220912020021,0.9666666666666667,model,1.156602940521349,False
2026-03-21,Fulham v Burnley,Free kicks,ALL,7.5,True,0.6112281767674029,0.7333333333333333,model,1.6464590599664586,True
2026-03-21,Fulham v Burnley,Free kicks,ALL,7.5,True,0.6553611595849003,0.8,model,1.5422860011085904,False
2026-03-21,Fulham v Burnley,Free kicks,ALL,8.5,True,0.5774266222395782,0.7333333333333333,model,1.743259111075675,False
2026-03-21,Fulham v Burnley,Total shots,1ST,4.5,True,0.808249470684823,0.8333333333333334,model,1.25714651475967,True
2026-03-21,Fulham v Burnley,Total shots,1ST,5.5,True,0.7460461311931015,0.7333333333333333,model,1.3615409165208006,True
2026-03-21,Fulham v Burnley,Shots on target,1ST,0.5,True,0.887172008744822,0.9,model,1.138919767232637,True
2026-03-21,Fulham v Burnley,Corner kicks,1ST,1.5,True,0.7739940038612388,0.7666666666666667,model,1.311952719655206,True
2026-03-21,Fulham v Burnley,Offsides,1ST,0.5,True,0.7770802883677407,0.7666666666666667,model,1.304461406159492,False
2026-03-21,Fulham v Burnley,Free kicks,1ST,3.5,True,0.6462630791277418,0.8,model,1.5567573878924141,True
2026-03-21,Fulham v Burnley,Free kicks,1ST,3.5,True,0.6274478724998265,0.7,model,1.6097437202423244,False
2026-03-21,Fulham v Burnley,Total shots,2ND,4.5,True,0.7778536476721347,0.8333333333333334,model,1.3062323292656002,True
2026-03-21,Fulham v Burnley,Corner kicks,2ND,1.5,True,0.6690489430488252,0.7666666666666667,model,1.5117373533416414,True
2026-03-21,Fulham v Burnley,Offsides,2ND,0.5,True,0.6948094268617379,0.7,model,1.4584844411547073,False
2026-03-21,Fulham v Burnley,Throw-ins,2ND,9.5,False,0.5555185118456887,0.7,model,1.8001200296233852,True
2026-03-21,Fulham v Burnley,Yellow cards,2ND,0.5,True,0.6329722309475492,0.8148148148148148,model,1.597999724532488,True
2026-03-21,Fulham v Burnley,Goal kicks,2ND,3.5,True,0.7572366997347475,0.7666666666666667,model,1.3366008836166794,True
2026-03-21,Everton v Chelsea,Yellow cards,ALL,1.5,True,0.7220173699833754,0.84,model,1.3987875515017556,True
2026-03-21,Everton v Chelsea,Tackles,1ST,7.5,True,0.633062331325413,0.6923076923076923,model,1.5796232859193293,False
2026-03-21,Everton v Chelsea,Goal kicks,1ST,2.5,True,0.5847808424285583,0.7692307692307693,model,1.7225984028152073,False
2026-03-21,Everton v Chelsea,Shots on target,2ND,1.5,True,0.686823764655915,0.7692307692307693,model,1.4617798009618443,True
2026-03-21,Everton v Chelsea,Corner kicks,2ND,1.5,True,0.6124222012971202,0.7692307692307693,model,1.6455896855262573,False
2026-03-21,Everton v Chelsea,Goal kicks,2ND,2.5,True,0.7731519452026994,0.8076923076923077,model,1.2934068215243606,True
2026-03-21,Leeds United v Brentford,Total shots,ALL,10.5,True,0.7255685582588421,0.8,model,1.391303033108819,True
2026-03-21,Leeds United v Brentford,Total shots,ALL,11.5,True,0.673028747232031,0.7333333333333333,model,1.4981175597828666,True
2026-03-21,Leeds United v Brentford,Corner kicks,ALL,3.5,True,0.7173443302528086,0.8,model,1.4025619585013918,True
2026-03-21,Leeds United v Brentford,Tackles,ALL,14.5,True,0.6623608652208648,0.7333333333333333,model,1.5214469984933703,True
2026-03-21,Leeds United v Brentford,Tackles,ALL,15.5,True,0.6149455950204641,0.6666666666666666,model,1.6359992050118346,False
2026-03-21,Leeds United v Brentford,Offsides,ALL,0.5,True,0.8158775542976444,0.8620689655172413,model,1.2461756812869613,True
2026-03-21,Leeds United v Brentford,Total shots,1ST,4.5,True,0.7341492150153227,0.8,model,1.3744336873877003,True
2026-03-21,Leeds United v Brentford,Shots on target,1ST,0.5,True,0.7169928834700647,0.8,model,1.41060077856049,True
2026-03-21,Leeds United v Brentford,Shots on target,1ST,0.5,True,0.6745011792287681,0.8,model,1.4977304018152113,True
2026-03-21,Leeds United v Brentford,Corner kicks,1ST,1.5,True,0.7427480687776774,0.8333333333333334,model,1.360676730174863,False
2026-03-21,Leeds United v Brentford,Fouls,1ST,3.5,True,0.739516984547123,0.8695652173913043,model,1.3716084772178438,True
2026-03-21,Leeds United v Brentford,Free kicks,1ST,3.5,True,0.7530427164495094,0.8666666666666667,model,1.3377221604181777,True
2026-03-21,Leeds United v Brentford,Free kicks,1ST,4.5,True,0.6484987825624087,0.7333333333333333,model,1.551295342921927,False
2026-03-21,Leeds United v Brentford,Goal kicks,1ST,2.5,True,0.7140565723605462,0.7666666666666667,model,1.4175680805694015,True
2026-03-21,Leeds United v Brentford,Goal kicks,1ST,3.5,True,0.6005977550322426,0.7,model,1.679855308289096,True
2026-03-21,Leeds United v Brentford,Total shots,2ND,5.5,True,0.6762046447003641,0.7333333333333333,model,1.4925705455383966,True
2026-03-21,Leeds United v Brentford,Tackles,2ND,7.5,True,0.5814361100015952,0.7333333333333333,model,1.7296800715624827,False
2026-03-21,Leeds United v Brentford,Offsides,2ND,0.5,True,0.581576142182756,0.7241379310344828,model,1.7352413987688096,False
2026-03-21,Leeds United v Brentford,Yellow cards,2ND,0.5,True,0.7392930021183616,0.8333333333333334,model,1.38741216281688,False
2026-03-21,Leeds United v Brentford,Free kicks,2ND,4.5,True,0.6536981513376594,0.7333333333333333,model,1.5490011706576106,True
2026-03-21,Leeds United v Brentford,Free kicks,2ND,4.5,True,0.6247125202799714,0.7,model,1.608079139843205,False
2026-03-22,Newcastle United v Sunderland,Total shots,ALL,10.5,True,0.8941350450171707,0.9230769230769231,model,1.1306819608352605,True
2026-03-22,Newcastle United v Sunderland,Total shots,ALL,11.5,True,0.8537666360530249,0.8846153846153846,model,1.185402175604783,True
2026-03-22,Newcastle United v Sunderland,Shots on target,ALL,3.5,True,0.7861910175789247,0.9615384615384616,model,1.278281737300318,True
2026-03-22,Newcastle United v Sunderland,Shots on target,ALL,4.5,True,0.6774311853088065,0.7692307692307693,model,1.4826159920642406,False
2026-03-22,Newcastle United v Sunderland,Corner kicks,ALL,3.5,True,0.8429895568097292,0.8076923076923077,model,1.1975815049876926,True
2026-03-22,Newcastle United v Sunderland,Corner kicks,ALL,4.5,True,0.7662164749884703,0.7307692307692307,model,1.3180474990487443,True
2026-03-22,Newcastle United v Sunderland,Tackles,ALL,13.5,True,0.655337217988544,0.6923076923076923,model,1.5382103325986103,True
2026-03-22,Newcastle United v Sunderland,Goal kicks,ALL,7.5,True,0.7172551995523565,0.7307692307692307,model,1.4043934049678493,True
2026-03-22,Newcastle United v Sunderland,Total shots,1ST,4.5,True,0.793687043223958,0.7692307692307693,model,1.2755393316050445,True
2026-03-22,Newcastle United v Sunderland,Shots on target,1ST,1.5,True,0.7944255412355659,0.8076923076923077,model,1.2678954904076534,True
2026-03-22,Newcastle United v Sunderland,Corner kicks,1ST,1.5,True,0.7757652394699506,0.7692307692307693,model,1.313898136443566,True
2026-03-22,Newcastle United v Sunderland,Tackles,1ST,5.5,True,0.6181533999367935,0.6923076923076923,model,1.631345138898587,True
2026-03-22,Newcastle United v Sunderland,Total shots,2ND,5.5,True,0.8298874630286526,0.7692307692307693,model,1.222995511553688,True
2026-03-22,Newcastle United v Sunderland,Total shots,2ND,6.5,True,0.7663757949501719,0.7307692307692307,model,1.3243957535103785,True
2026-03-22,Newcastle United v Sunderland,Shots on target,2ND,1.5,True,0.6804936594762706,0.7307692307692307,model,1.4942466836109942,True
2026-03-22,Newcastle United v Sunderland,Corner kicks,2ND,1.5,True,0.7822099056114341,0.8846153846153846,model,1.296353462567678,True
2026-03-22,Newcastle United v Sunderland,Yellow cards,2ND,0.5,True,0.7492676476446553,0.8076923076923077,model,1.3530443847226024,True
2026-03-22,Tottenham Hotspur v Nottingham Forest,Offsides,ALL,0.5,True,0.7788807242422183,0.8260869565217391,model,1.3049210528545576,False
2026-03-22,Tottenham Hotspur v Nottingham Forest,Free kicks,ALL,9.5,True,0.6920081543318606,0.75,model,1.4627945589595561,True
2026-03-22,Tottenham Hotspur v Nottingham Forest,Goal kicks,ALL,7.5,False,0.5527377887269588,0.75,model,1.8091761055511615,True
2026-03-22,Tottenham Hotspur v Nottingham Forest,Total shots,1ST,3.5,True,0.753783335866984,0.7083333333333334,model,1.3406661679011507,False
2026-03-22,Tottenham Hotspur v Nottingham Forest,Shots on target,1ST,0.5,True,0.7034687743710079,0.8333333333333334,model,1.4360606211858533,True
2026-03-22,Tottenham Hotspur v Nottingham Forest,Shots on target,1ST,0.5,True,0.7226150799025626,0.8333333333333334,model,1.3949609477008704,True
2026-03-22,Tottenham Hotspur v Nottingham Forest,Free kicks,1ST,3.5,True,0.6314022565945919,0.7916666666666666,model,1.5993947699523527,True
2026-03-22,Tottenham Hotspur v Nottingham Forest,Free kicks,1ST,3.5,True,0.7227568956763516,0.9166666666666666,model,1.402377071084382,True
2026-03-22,Tottenham Hotspur v Nottingham Forest,Goal kicks,1ST,2.5,True,0.6795230861962732,0.7083333333333334,model,1.4907064108184245,True
2026-03-22,Tottenham Hotspur v Nottingham Forest,Offsides,2ND,0.5,True,0.5951509545887446,0.782608695652174,model,1.7038346574501138,False
2026-03-22,Tottenham Hotspur v Nottingham Forest,Yellow cards,2ND,0.5,True,0.7705636544432819,0.9583333333333334,model,1.3051505676693014,True
2026-03-22,Aston Villa v West Ham United,Total shots,ALL,10.5,True,0.8968914174757716,0.88,model,1.1344460366633264,True
2026-03-22,Aston Villa v West Ham United,Total shots,ALL,11.5,True,0.8647360390229923,0.8,model,1.1783167980980513,True
2026-03-22,Aston Villa v West Ham United,Shots on target,ALL,3.5,True,0.8389735850850352,0.92,model,1.209689869891945,True
2026-03-22,Aston Villa v West Ham United,Corner kicks,ALL,4.5,True,0.8060246098459682,0.8,model,1.2683239480498982,True
2026-03-22,Aston Villa v West Ham United,Fouls,ALL,9.5,True,0.8555855262197944,0.8,model,1.1799886954891001,False
2026-03-22,Aston Villa v West Ham United,Offsides,ALL,0.5,True,0.8742300712260225,1.0,model,1.1665714991378198,True
2026-03-22,Aston Villa v West Ham United,Yellow cards,ALL,1.5,True,0.7485589642664127,0.84,model,1.3485925018132692,False
2026-03-22,Aston Villa v West Ham United,Goal kicks,ALL,7.5,False,0.7214473723836746,0.76,model,1.3950543513575182,False
2026-03-22,Aston Villa v West Ham United,Total shots,1ST,4.5,True,0.8132722066059777,0.84,model,1.2423243727753943,True
2026-03-22,Aston Villa v West Ham United,Total shots,1ST,5.5,True,0.7273040048457446,0.76,model,1.3885966276809967,True
2026-03-22,Aston Villa v West Ham United,Shots on target,1ST,0.5,True,0.8808036598800976,0.96,model,1.1457260115110206,True
2026-03-22,Aston Villa v West Ham United,Shots on target,1ST,1.5,True,0.7397260595253249,0.8,model,1.3674561044514786,True
2026-03-22,Aston Villa v West Ham United,Shots on target,1ST,0.5,True,0.6988382184768355,0.88,model,1.444156685793146,False
2026-03-22,Aston Villa v West Ham United,Corner kicks,1ST,1.5,True,0.8464772560707049,0.92,model,1.1911063232146766,True
2026-03-22,Aston Villa v West Ham United,Fouls,1ST,4.5,True,0.77872951113317,0.8181818181818182,model,1.2942535575673129,False
2026-03-22,Aston Villa v West Ham United,Shots on target,2ND,1.5,True,0.5787268099034867,0.8,model,1.7416363103392194,False
2026-03-22,Aston Villa v West Ham United,Fouls,2ND,4.5,True,0.8483483183466014,0.9090909090909091,model,1.191269021970719,False
2026-03-22,Aston Villa v West Ham United,Yellow cards,2ND,0.5,True,0.6450152185129184,0.76,model,1.55035101699693,False
2026-03-22,Aston Villa v West Ham United,Yellow cards,2ND,0.5,True,0.8166340049140357,0.8,model,1.2394480658728695,False
2026-04-10,West Ham United v Wolverhampton,Shots on target,ALL,2.5,True,0.6336801233573326,0.75,model,1.595702465565262,True
2026-04-10,West Ham United v Wolverhampton,Corner kicks,ALL,3.5,True,0.7696812279839272,0.7857142857142857,model,1.2992391702463117,True
2026-04-10,West Ham United v Wolverhampton,Corner kicks,ALL,4.5,True,0.6788764789228119,0.75,model,1.4730220165923582,True
2026-04-10,West Ham United v Wolverhampton,Offsides,ALL,0.5,True,0.7259936809191141,0.7692307692307693,model,1.3958091819642875,False
2026-04-10,West Ham United v Wolverhampton,Offsides,ALL,0.5,True,0.6122766957947723,0.7692307692307693,model,1.6596727480711952,True
2026-04-10,West Ham United v Wolverhampton,Total shots,1ST,2.5,True,0.7654255416534286,0.8571428571428571,model,1.3252271645142848,True
2026-04-10,West Ham United v Wolverhampton,Total shots,1ST,2.5,True,0.6763046240781545,0.7857142857142857,model,1.498017095251905,True
2026-04-10,West Ham United v Wolverhampton,Shots on target,1ST,0.5,True,0.7432771272448286,0.8928571428571429,model,1.361845245667495,True
2026-04-10,West Ham United v Wolverhampton,Corner kicks,1ST,0.5,True,0.8550798827025969,0.8928571428571429,model,1.1848619380690597,True
2026-04-10,West Ham United v Wolverhampton,Corner kicks,1ST,1.5,True,0.711622703836864,0.75,model,1.4263859157203536,True
2026-04-10,West Ham United v Wolverhampton,Corner kicks,1ST,0.5,True,0.6898379700724256,0.8928571428571429,model,1.4698378749379677,False
2026-04-10,West Ham United v Wolverhampton,Corner kicks,2ND,1.5,True,0.7199320211598764,0.75,model,1.4084841708072968,True
2026-04-10,West Ham United v Wolverhampton,Free kicks,2ND,4.5,True,0.6541225360506554,0.7142857142857143,model,1.5400122437289854,False
2026-04-11,Arsenal v Bournemouth,Total shots,ALL,13.5,True,0.7052173548304601,0.84,model,1.438176789359919,True
2026-04-11,Arsenal v Bournemouth,Total shots,ALL,14.5,True,0.6579202453604701,0.84,model,1.5384098127760901,True
2026-04-11,Arsenal v Bournemouth,Shots on target,ALL,4.5,True,0.7022594505631956,0.72,model,1.4393001293747014,False
2026-04-11,Arsenal v Bournemouth,Yellow cards,ALL,1.5,True,0.7130910598435313,0.7916666666666666,model,1.4141153560886779,True
2026-04-11,Arsenal v Bournemouth,Goal kicks,ALL,5.5,True,0.8561378321368978,0.88,model,1.1787296167306156,True
2026-04-11,Arsenal v Bournemouth,Goal kicks,ALL,6.5,True,0.7923639882855988,0.84,model,1.2741987126592886,True
2026-04-11,Arsenal v Bournemouth,Total shots,1ST,5.5,True,0.7106279697243542,0.8,model,1.4255427367299836,False
2026-04-11,Arsenal v Bournemouth,Total shots,1ST,6.5,True,0.6296516489534043,0.72,model,1.6042556298733508,False
2026-04-11,Arsenal v Bournemouth,Shots on target,1ST,1.5,True,0.6681900971964082,0.84,model,1.520829006743735,False
2026-04-11,Arsenal v Bournemouth,Corner kicks,1ST,1.5,True,0.7290414701920698,0.76,model,1.388309244343609,True
2026-04-11,Arsenal v Bournemouth,Goal kicks,1ST,1.5,True,0.8369307519460709,0.84,model,1.2104086446418103,True
2026-04-11,Arsenal v Bournemouth,Total shots,2ND,6.5,True,0.7142518552747577,0.72,model,1.4232976405759539,True
2026-04-11,Arsenal v Bournemouth,Shots on target,2ND,1.5,True,0.7924502938928295,0.8,model,1.276565514144068,True
2026-04-11,Arsenal v Bournemouth,Corner kicks,2ND,1.5,True,0.7517832053314613,0.76,model,1.3441638147908712,True
2026-04-11,Arsenal v Bournemouth,Tackles,2ND,7.5,True,0.6457027105861561,0.84,model,1.5562506609518167,True
2026-04-11,Arsenal v Bournemouth,Yellow cards,2ND,0.5,True,0.536283847696379,0.6666666666666666,model,1.876242362179133,True
2026-04-11,Arsenal v Bournemouth,Yellow cards,2ND,0.5,True,0.7552990589308006,0.7916666666666666,model,1.338858900831509,True
2026-04-11,Arsenal v Bournemouth,Free kicks,2ND,3.5,True,0.7320136594184653,0.8,model,1.3892569434047628,True
2026-04-11,Arsenal v Bournemouth,Goal kicks,2ND,3.5,False,0.6910515342349377,0.76,model,1.451600837158728,False
2026-04-11,Burnley v Brighton & Hove Albion,Offsides,ALL,0.5,True,0.6777111410417519,0.7666666666666667,model,1.4939620314301534,True
2026-04-11,Burnley v Brighton & Hove Albion,Offsides,ALL,0.5,True,0.7236022456232006,0.7666666666666667,model,1.398773599378178,True
2026-04-11,Burnley v Brighton & Hove Albion,Shots on target,1ST,0.5,True,0.6656583716475319,0.8333333333333334,model,1.5295459990427889,True
2026-04-11,Burnley v Brighton & Hove Albion,Shots on target,1ST,0.5,True,0.8498776456276803,0.9333333333333333,model,1.1918447528611444,True
2026-04-11,Burnley v Brighton & Hove Albion,Fouls,1ST,5.5,False,0.724343762450585,0.782608695652174,model,1.3879014579107756,True
2026-04-11,Burnley v Brighton & Hove Albion,Tackles,1ST,7.5,False,0.6263146535136648,0.6666666666666666,model,1.5982736642493873,False
2026-04-11,Burnley v Brighton & Hove Albion,Tackles,2ND,8.5,True,0.687381373787277,0.7333333333333333,model,1.4696071910686597,True
2026-04-11,Burnley v Brighton & Hove Albion,Tackles,2ND,9.5,True,0.6166111906738166,0.6666666666666666,model,1.6339510259626189,True
2026-04-11,Burnley v Brighton & Hove Albion,Throw-ins,2ND,8.5,True,0.6918258984575794,0.7,model,1.4588189329498267,True
2026-04-11,Burnley v Brighton & Hove Albion,Throw-ins,2ND,8.5,True,0.5716120135148319,0.7,model,1.7567402885584902,False
2026-04-11,Burnley v Brighton & Hove Albion,Yellow cards,2ND,0.5,True,0.692303375374294,0.7931034482758621,model,1.4644177326011953,True
2026-04-11,Brentford v Everton,Total shots,ALL,9.5,True,0.7079739755552851,0.8,model,1.42668609798343,True
2026-04-11,Brentford v Everton,Shots on target,ALL,2.5,True,0.6700052622418111,0.7333333333333333,model,1.5076513521477295,True
2026-04-11,Brentford v Everton,Offsides,ALL,0.5,True,0.7296725735472496,0.8214285714285714,model,1.3818840003604251,False
2026-04-11,Brentford v Everton,Yellow cards,ALL,1.5,True,0.6008022360982276,0.7857142857142857,model,1.6791490386016783,True
2026-04-11,Brentford v Everton,Goal kicks,ALL,6.5,True,0.6485287405701432,0.8666666666666667,model,1.551813464544888,True
2026-04-11,Brentford v Everton,Total shots,1ST,3.5,True,0.7416555255537798,0.7666666666666667,model,1.3638625269190594,True
2026-04-11,Brentford v Everton,Total shots,1ST,3.5,True,0.5951384399555208,0.7333333333333333,model,1.6914921350672723,True
2026-04-11,Brentford v Everton,Shots on target,1ST,0.5,True,0.779963844987394,0.9,model,1.2932380929609288,True
2026-04-11,Brentford v Everton,Shots on target,1ST,0.5,True,0.700452837607944,0.8666666666666667,model,1.4387850844962897,True
2026-04-11,Brentford v Everton,Yellow cards,1ST,0.5,False,0.643557043912548,0.75,model,1.5538638096794548,True
2026-04-11,Brentford v Everton,Free kicks,1ST,3.5,True,0.7131384427661384,0.8333333333333334,model,1.4086489349530429,True
2026-04-11,Brentford v Everton,Goal kicks,1ST,2.5,True,0.6467440791336532,0.8,model,1.5462066561777439,False
2026-04-11,Brentford v Everton,Corner kicks,2ND,1.5,True,0.7328810827526123,0.6666666666666666,model,1.3757481668385267,False
2026-04-11,Brentford v Everton,Goal kicks,2ND,3.5,True,0.6350999697889486,0.8,model,1.585953746446121,True
2026-04-11,Liverpool FC v Fulham,Total shots,ALL,12.5,False,0.6909582788346529,0.7037037037037037,model,1.4540370252910109,False
2026-04-11,Liverpool FC v Fulham,Shots on target,ALL,3.5,True,0.6304444177616795,0.8148148148148148,model,1.5968418166361067,True
2026-04-11,Liverpool FC v Fulham,Corner kicks,ALL,4.5,False,0.6299001342470322,0.7777777777777778,model,1.5885232508601785,False
2026-04-11,Liverpool FC v Fulham,Fouls,ALL,9.5,True,0.6139774876332516,0.7037037037037037,model,1.628724212437789,False
2026-04-11,Liverpool FC v Fulham,Offsides,ALL,0.5,True,0.7882354403250998,0.8888888888888888,model,1.2989583074576174,True
2026-04-11,Liverpool FC v Fulham,Offsides,ALL,0.5,True,0.7324429546083923,0.8518518518518519,model,1.3757486990831627,True
2026-04-11,Liverpool FC v Fulham,Goal kicks,ALL,6.5,True,0.8181841518209939,0.8518518518518519,model,1.2222187361785817,False
2026-04-11,Liverpool FC v Fulham,Goal kicks,ALL,7.5,True,0.7556947012474501,0.7777777777777778,model,1.3232857109481742,False
2026-04-11,Liverpool FC v Fulham,Total shots,1ST,5.5,False,0.6532205711639029,0.6666666666666666,model,1.534054897167131,True
2026-04-11,Liverpool FC v Fulham,Shots on target,1ST,1.5,True,0.6331168187080589,0.8148148148148148,model,1.5869159724592232,True
2026-04-11,Liverpool FC v Fulham,Corner kicks,1ST,1.5,True,0.793540457873338,0.8888888888888888,model,1.2853285066879818,True
2026-04-11,Liverpool FC v Fulham,Goal kicks,1ST,2.5,True,0.7864355450228759,0.9259259259259259,model,1.2849813848031064,True
2026-04-11,Liverpool FC v Fulham,Total shots,2ND,7.5,False,0.7059653185337981,0.7407407407407407,model,1.4233629107579784,False
2026-04-11,Liverpool FC v Fulham,Shots on target,2ND,1.5,True,0.6394882757609857,0.6666666666666666,model,1.5785628612545555,False
2026-04-11,Liverpool FC v Fulham,Corner kicks,2ND,1.5,True,0.6257097120309532,0.6666666666666666,model,1.6088505072996862,True
2026-04-11,Liverpool FC v Fulham,Goal kicks,2ND,3.5,True,0.7288718460844836,0.7407407407407407,model,1.3897411482524185,False
2026-04-12,Crystal Palace v Newcastle United,Yellow cards,ALL,1.5,True,0.7181533820736962,0.7619047619047619,model,1.4269802135731777,False
2026-04-12,Crystal Palace v Newcastle United,Yellow cards,ALL,1.5,True,0.6701714411717054,0.7619047619047619,model,1.5064646736007496,True
2026-04-12,Crystal Palace v Newcastle United,Goal kicks,ALL,6.5,True,0.7115354126801084,0.7272727272727273,model,1.405411427427547,True
2026-04-12,Crystal Palace v Newcastle United,Tackles,1ST,6.5,True,0.6449640052255229,0.7272727272727273,model,1.5689874044367849,True
2026-04-12,Crystal Palace v Newcastle United,Offsides,1ST,0.5,True,0.6217677262106436,0.7368421052631579,model,1.642977984565378,False
2026-04-12,Crystal Palace v Newcastle United,Goal kicks,1ST,2.5,True,0.8220529537992884,0.8636363636363636,model,1.2230426151981957,True
2026-04-12,Crystal Palace v Newcastle United,Corner kicks,2ND,1.5,True,0.7094157209225557,0.8181818181818182,model,1.433071194512828,False
2026-04-12,Crystal Palace v Newcastle United,Yellow cards,2ND,0.5,True,0.7390740549911948,0.7619047619047619,model,1.3845421910981714,False
2026-04-12,Nottingham Forest v Aston Villa,Offsides,ALL,0.5,True,0.9056223618653876,1.0,model,1.1168363534878778,True
2026-04-12,Nottingham Forest v Aston Villa,Yellow cards,ALL,0.5,True,0.7738438096086265,0.9090909090909091,model,1.3065784653028154,True
2026-04-12,Nottingham Forest v Aston Villa,Yellow cards,ALL,0.5,True,0.7473376284817912,0.8636363636363636,model,1.3515689062352791,True
2026-04-12,Nottingham Forest v Aston Villa,Goal kicks,ALL,6.5,True,0.727056382356027,0.8636363636363636,model,1.3867748703684009,True
2026-04-12,Nottingham Forest v Aston Villa,Corner kicks,1ST,2.5,False,0.6172994860295202,0.7272727272727273,model,1.6199592298902035,True
2026-04-12,Nottingham Forest v Aston Villa,Goal kicks,1ST,2.5,True,0.69659166659849,0.8181818181818182,model,1.451796491926416,True
2026-04-12,Nottingham Forest v Aston Villa,Offsides,2ND,0.5,False,0.6574457909738181,0.7,model,1.5210379528307356,False
2026-04-12,Sunderland v Tottenham Hotspur,Total shots,ALL,9.5,True,0.6538807703231618,0.7857142857142857,model,1.5293307975791652,True
2026-04-12,Sunderland v Tottenham Hotspur,Shots on target,ALL,2.5,True,0.6647745589930684,0.7142857142857143,model,1.5156869049972819,False
2026-04-12,Sunderland v Tottenham Hotspur,Corner kicks,ALL,2.5,True,0.6949251507312604,0.8214285714285714,model,1.4508094580195752,False
2026-04-12,Sunderland v Tottenham Hotspur,Fouls,ALL,10.5,False,0.6109160645996975,0.6785714285714286,model,1.639504923443064,False
2026-04-12,Sunderland v Tottenham Hotspur,Free kicks,ALL,9.5,True,0.744643552463608,0.7857142857142857,model,1.3510820528120315,True
2026-04-12,Sunderland v Tottenham Hotspur,Total shots,1ST,3.5,True,0.7268587886356256,0.7857142857142857,model,1.385854193539874,True
2026-04-12,Sunderland v Tottenham Hotspur,Shots on target,1ST,0.5,True,0.7843114905217811,0.8571428571428571,model,1.2865066328827188,True
2026-04-12,Sunderland v Tottenham Hotspur,Shots on target,1ST,0.5,True,0.6119825511897546,0.75,model,1.659858779484413,True
2026-04-12,Sunderland v Tottenham Hotspur,Free kicks,1ST,3.5,True,0.7315460577526769,0.7142857142857143,model,1.3793051114402113,True
2026-04-12,Sunderland v Tottenham Hotspur,Goal kicks,1ST,2.5,True,0.6584878612785149,0.6785714285714286,model,1.530723303049026,True
2026-04-12,Sunderland v Tottenham Hotspur,Goal kicks,1ST,2.5,True,0.6718012757765782,0.7857142857142857,model,1.502388969834199,True
2026-04-12,Chelsea v Manchester City,Offsides,ALL,0.5,True,0.7772384596635594,1.0,model,1.3010419365136034,False
2026-04-12,Chelsea v Manchester City,Yellow cards,ALL,1.5,True,0.7083810567215586,0.7272727272727273,model,1.429315836905761,False
2026-04-12,Chelsea v Manchester City,Goal kicks,ALL,5.5,True,0.6132367951203409,0.8636363636363636,model,1.6472574423144795,True
2026-04-12,Chelsea v Manchester City,Total shots,1ST,6.5,False,0.5972214279362015,0.7272727272727273,model,1.6744208315760993,True
2026-04-12,Chelsea v Manchester City,Goal kicks,1ST,1.5,True,0.7004337505417451,0.8181818181818182,model,1.4539724652514892,True
2026-04-12,Chelsea v Manchester City,Goal kicks,1ST,1.5,True,0.6833262989020575,0.9090909090909091,model,1.4810447820755834,True
2026-04-12,Chelsea v Manchester City,Throw-ins,2ND,6.5,True,0.5912953277668653,0.8181818181818182,model,1.7034769977761701,True
2026-04-12,Chelsea v Manchester City,Yellow cards,2ND,0.5,True,0.7384579937614825,0.8181818181818182,model,1.3680225984502106,False
2026-04-13,Manchester United v Leeds United,Fouls,ALL,9.5,True,0.6226197974361449,0.6666666666666666,model,1.6150489372834778,True
2026-04-13,Manchester United v Leeds United,Offsides,ALL,0.5,True,0.7960104355757032,0.896551724137931,model,1.2744867014803964,True
2026-04-13,Manchester United v Leeds United,Offsides,ALL,0.5,True,0.7012849230544511,0.8620689655172413,model,1.4458505823027894,False
2026-04-13,Manchester United v Leeds United,Throw-ins,ALL,17.5,True,0.745471653158665,0.7666666666666667,model,1.3566157789519786,False
2026-04-13,Manchester United v Leeds United,Free kicks,ALL,9.5,True,0.6093855970896421,0.6666666666666666,model,1.65468343187665,True
2026-04-13,Manchester United v Leeds United,Goal kicks,ALL,6.5,True,0.7258288360658491,0.7666666666666667,model,1.3928242885998365,True
2026-04-13,Manchester United v Leeds United,Total shots,1ST,5.5,False,0.6376827148351264,0.7,model,1.5694588344988119,False
2026-04-13,Manchester United v Leeds United,Shots on target,1ST,1.5,True,0.7661982683262774,0.8333333333333334,model,1.319884435442727,True
2026-04-13,Manchester United v Leeds United,Fouls,1ST,4.5,True,0.5974821700316334,0.6956521739130435,model,1.6899206221004635,True
2026-04-13,Manchester United v Leeds United,Throw-ins,1ST,7.5,True,0.8003862787393359,0.6666666666666666,model,1.2618295205495715,True
2026-04-13,Manchester United v Leeds United,Goal kicks,1ST,2.5,True,0.7335675562975421,0.8,model,1.3755546850289182,True
2026-04-13,Manchester United v Leeds United,Offsides,2ND,0.5,True,0.6945095430504623,0.8275862068965517,model,1.457914064446793,True
2026-04-13,Manchester United v Leeds United,Yellow cards,2ND,0.5,True,0.674356082305379,0.8275862068965517,model,1.5068710743009892,True
2026-04-18,Brentford v Fulham,Yellow cards,ALL,1.5,True,0.680010568463237,0.8,model,1.4817853298762564,False
2026-04-18,Brentford v Fulham,Free kicks,ALL,8.5,True,0.6075261416643954,0.75,model,1.6527730504624594,True
2026-04-18,Brentford v Fulham,Goal kicks,ALL,6.5,True,0.6850142480003751,0.8125,model,1.459823650265815,True
2026-04-18,Brentford v Fulham,Goal kicks,1ST,2.5,True,0.6634808472128565,0.8125,model,1.5173603255039665,True
2026-04-18,Brentford v Fulham,Yellow cards,2ND,0.5,True,0.7430212382479707,0.7666666666666667,model,1.3703477730774465,False
2026-04-18,Leeds United v Wolverhampton,Total shots,ALL,10.5,True,0.7759882271486976,0.8387096774193549,model,1.3014476351831914,True
2026-04-18,Leeds United v Wolverhampton,Total shots,ALL,11.5,True,0.7261327547454801,0.7741935483870968,model,1.389937337405402,True
2026-04-18,Leeds United v Wolverhampton,Corner kicks,ALL,3.5,True,0.7696307047982872,0.8387096774193549,model,1.3078270697196164,True
2026-04-18,Leeds United v Wolverhampton,Corner kicks,ALL,4.5,True,0.6664619708279924,0.7096774193548387,model,1.5088688900237757,True
2026-04-18,Leeds United v Wolverhampton,Offsides,ALL,0.5,True,0.7726340334752417,0.8275862068965517,model,1.327408979777854,True
2026-04-18,Leeds United v Wolverhampton,Total shots,1ST,4.5,True,0.7956896042237992,0.9354838709677419,model,1.2764309896164607,True
2026-04-18,Leeds United v Wolverhampton,Total shots,1ST,5.5,True,0.7181564466971234,0.7419354838709677,model,1.4129317996821937,True
2026-04-18,Leeds United v Wolverhampton,Shots on target,1ST,0.5,True,0.7990746479160047,0.8064516129032258,model,1.2675561466140037,True
2026-04-18,Leeds United v Wolverhampton,Corner kicks,1ST,0.5,True,0.8637228466321546,0.9354838709677419,model,1.1577787989506356,True
2026-04-18,Leeds United v Wolverhampton,Corner kicks,1ST,1.5,True,0.724551328169501,0.7741935483870968,model,1.3801644702334475,True
2026-04-18,Leeds United v Wolverhampton,Corner kicks,1ST,0.5,True,0.556338008921567,0.7419354838709677,model,1.812916888616358,True
2026-04-18,Leeds United v Wolverhampton,Fouls,1ST,5.5,True,0.6972894498487523,0.72,model,1.4455691476578767,True
2026-04-18,Leeds United v Wolverhampton,Total shots,2ND,5.5,True,0.6965984600976132,0.7419354838709677,model,1.4355472446204829,True
2026-04-18,Leeds United v Wolverhampton,Shots on target,2ND,1.5,True,0.6579982493469593,0.7096774193548387,model,1.5318585675271565,False
2026-04-18,Leeds United v Wolverhampton,Corner kicks,2ND,1.5,True,0.702702627785481,0.7741935483870968,model,1.4230770747953956,True
2026-04-18,Leeds United v Wolverhampton,Yellow cards,2ND,0.5,True,0.7142910411384898,0.8,model,1.4087656879563308,True
2026-04-18,Leeds United v Wolverhampton,Free kicks,2ND,4.5,True,0.7582759643743009,0.7419354838709677,model,1.3309450076866138,True
2026-04-18,Leeds United v Wolverhampton,Free kicks,2ND,4.5,True,0.5967512036211752,0.6774193548387096,model,1.6757402313256364,True
2026-04-18,Newcastle United v Bournemouth,Total shots,ALL,12.5,True,0.717490496174957,0.7857142857142857,model,1.4059478741832767,False
2026-04-18,Newcastle United v Bournemouth,Total shots,ALL,13.5,True,0.6571389468704023,0.7857142857142857,model,1.5326916334878329,False
2026-04-18,Newcastle United v Bournemouth,Shots on target,ALL,4.5,True,0.6785344666647328,0.7142857142857143,model,1.4802397819315636,False
2026-04-18,Newcastle United v Bournemouth,Corner kicks,ALL,5.5,True,0.7640616891507142,0.7142857142857143,model,1.3189952237565896,False
2026-04-18,Newcastle United v Bournemouth,Fouls,ALL,10.5,True,0.7269664040987172,0.75,model,1.3892192542387,True
2026-04-18,Newcastle United v Bournemouth,Yellow cards,ALL,1.5,True,0.7838883201138916,0.8928571428571429,model,1.2874384701729966,True
2026-04-18,Newcastle United v Bournemouth,Free kicks,ALL,9.5,True,0.7519193930020875,0.7857142857142857,model,1.3466762829271874,True
2026-04-18,Newcastle United v Bournemouth,Free kicks,ALL,10.5,True,0.6959204345904233,0.7142857142857143,model,1.4531787792464845,True
2026-04-18,Newcastle United v Bournemouth,Goal kicks,ALL,6.5,True,0.7424842656522711,0.8214285714285714,model,1.357163918518492,True
2026-04-18,Newcastle United v Bournemouth,Goal kicks,ALL,7.5,True,0.6652022633715341,0.75,model,1.5129806792702565,True
2026-04-18,Newcastle United v Bournemouth,Shots on target,1ST,1.5,True,0.8252690172268385,0.9285714285714286,model,1.2193470103716977,False
2026-04-18,Newcastle United v Bournemouth,Corner kicks,1ST,2.5,False,0.5528161900943477,0.6785714285714286,model,1.808919525004021,True
2026-04-18,Newcastle United v Bournemouth,Total shots,2ND,6.5,True,0.672587596702867,0.7142857142857143,model,1.5036664038782086,True
2026-04-18,Newcastle United v Bournemouth,Shots on target,2ND,1.5,True,0.6462190504738137,0.7857142857142857,model,1.5649171302999265,True
2026-04-18,Newcastle United v Bournemouth,Shots on target,2ND,1.5,True,0.6407286889533735,0.7857142857142857,model,1.57920420778122,False
2026-04-18,Newcastle United v Bournemouth,Tackles,2ND,7.5,True,0.6705633586593132,0.8214285714285714,model,1.4993332020135508,True
2026-04-18,Newcastle United v Bournemouth,Yellow cards,2ND,1.5,False,0.6251701160347195,0.75,model,1.5995646214549128,False
2026-04-18,Newcastle United v Bournemouth,Goal kicks,2ND,3.5,False,0.5899375410423993,0.7142857142857143,model,1.6950947014374345,False
2026-04-18,Tottenham Hotspur v Brighton & Hove Albion,Offsides,ALL,0.5,True,0.669955778719839,0.896551724137931,model,1.5066175868812313,True
2026-04-18,Tottenham Hotspur v Brighton & Hove Albion,Offsides,ALL,0.5,True,0.7861458706590214,0.8275862068965517,model,1.2897626246907086,False
2026-04-18,Tottenham Hotspur v Brighton & Hove Albion,Corner kicks,1ST,1.5,True,0.6581239196303215,0.7333333333333333,model,1.5407736539524226,True
2026-04-18,Tottenham Hotspur v Brighton & Hove Albion,Offsides,1ST,0.5,True,0.7065099913961717,0.6896551724137931,model,1.444755395079292,False
2026-04-18,Tottenham Hotspur v Brighton & Hove Albion,Free kicks,1ST,3.5,True,0.7126463041994014,0.8,model,1.4172233122843985,True
2026-04-18,Tottenham Hotspur v Brighton & Hove Albion,Goal kicks,1ST,2.5,True,0.7186280732315804,0.7666666666666667,model,1.3915404049039237,False
2026-04-18,Tottenham Hotspur v Brighton & Hove Albion,Corner kicks,2ND,1.5,True,0.6607268486167795,0.7333333333333333,model,1.5299178677958554,True
2026-04-18,Tottenham Hotspur v Brighton & Hove Albion,Fouls,2ND,5.5,True,0.5839155853374584,0.72,model,1.721479420549386,False
2026-04-18,Tottenham Hotspur v Brighton & Hove Albion,Offsides,2ND,0.5,True,0.5630298801168772,0.6896551724137931,model,1.7932970582099164,True
2026-04-18,Tottenham Hotspur v Brighton & Hove Albion,Yellow cards,2ND,0.5,True,0.7690227252319359,0.9333333333333333,model,1.3077271162055513,True
2026-04-18,Tottenham Hotspur v Brighton & Hove Albion,Yellow cards,2ND,0.5,True,0.7401011769335618,0.8,model,1.3658678753540257,False
2026-04-18,Chelsea v Manchester United,Shots on target,ALL,4.5,False,0.5649295212383285,0.6785714285714286,model,1.7701323128024797,True
2026-04-18,Chelsea v Manchester United,Fouls,ALL,9.5,True,0.6446106546856146,0.7142857142857143,model,1.5513240321597128,True
2026-04-18,Chelsea v Manchester United,Offsides,ALL,0.5,True,0.6981971916613708,0.75,model,1.4514446561738175,False
2026-04-18,Chelsea v Manchester United,Goal kicks,ALL,5.5,True,0.6999331473210735,0.8214285714285714,model,1.4440356363556124,True
2026-04-18,Chelsea v Manchester United,Shots on target,1ST,1.5,True,0.72665505209066,0.7142857142857143,model,1.3761687847939665,False
2026-04-18,Chelsea v Manchester United,Free kicks,1ST,4.5,True,0.6206930015815152,0.6785714285714286,model,1.6203233785645188,True
2026-04-18,Chelsea v Manchester United,Goal kicks,1ST,2.5,True,0.7358427312191198,0.8928571428571429,model,1.3707738782717485,True
2026-04-18,Chelsea v Manchester United,Corner kicks,2ND,1.5,True,0.795816548118009,0.7857142857142857,model,1.2715590480160472,True
2026-04-18,Chelsea v Manchester United,Yellow cards,2ND,0.5,True,0.7584869310469584,0.8148148148148148,model,1.3404486895426402,False
2026-04-18,Chelsea v Manchester United,Yellow cards,2ND,0.5,True,0.6985433422312269,0.7407407407407407,model,1.4495295346136008,True
2026-04-18,Chelsea v Manchester United,Free kicks,2ND,4.5,True,0.6421174498773126,0.7857142857142857,model,1.566568480225773,False
2026-04-18,Chelsea v Manchester United,Goal kicks,2ND,2.5,True,0.6658561896367005,0.7857142857142857,model,1.5179648820405718,True
2026-04-19,Everton v Liverpool FC,Offsides,ALL,0.5,True,0.6597602116105201,0.84,model,1.5359508791807475,False
2026-04-19,Everton v Liverpool FC,Yellow cards,ALL,1.5,True,0.5869428000322676,0.6785714285714286,model,1.7266991766117514,True
2026-04-19,Everton v Liverpool FC,Goal kicks,1ST,2.5,True,0.6112324126674942,0.7241379310344828,model,1.6512283045665344,False
2026-04-19,Everton v Liverpool FC,Shots on target,2ND,1.5,True,0.6475500815811354,0.7241379310344828,model,1.5620090841021324,True
2026-04-19,Everton v Liverpool FC,Shots on target,2ND,1.5,True,0.5965145061079121,0.7586206896551724,model,1.6926179135087542,True
2026-04-19,Everton v Liverpool FC,Corner kicks,2ND,1.5,True,0.664211112233301,0.7241379310344828,model,1.5203427142333368,False
2026-04-19,Everton v Liverpool FC,Corner kicks,2ND,1.5,True,0.6837989608700226,0.7241379310344828,model,1.4804887510842786,False
2026-04-19,Everton v Liverpool FC,Offsides,2ND,0.5,True,0.5855377168411068,0.76,model,1.7311698775751065,False
2026-04-19,Everton v Liverpool FC,Yellow cards,2ND,0.5,True,0.7171533468357891,0.6785714285714286,model,1.4115207705237023,True
2026-04-19,Everton v Liverpool FC,Yellow cards,2ND,0.5,True,0.6655896956081302,0.75,model,1.5225135186973557,False
2026-04-19,Nottingham Forest v Burnley,Total shots,ALL,9.5,True,0.8506004138581303,0.8928571428571429,model,1.200651995364051,True
2026-04-19,Nottingham Forest v Burnley,Total shots,ALL,10.5,True,0.8195612558075585,0.8928571428571429,model,1.2467232613235595,False
2026-04-19,Nottingham Forest v Burnley,Corner kicks,ALL,3.5,True,0.8601310855813533,0.9285714285714286,model,1.1730208746021469,True
2026-04-19,Nottingham Forest v Burnley,Corner kicks,ALL,4.5,True,0.7792772795210173,0.8214285714285714,model,1.2956000747302707,False
2026-04-19,Nottingham Forest v Burnley,Goal kicks,ALL,8.5,False,0.8090906230197726,0.8571428571428571,model,1.2524050461595047,True
2026-04-19,Nottingham Forest v Burnley,Goal kicks,ALL,8.5,True,0.7245859329511536,0.7142857142857143,model,1.3946972789926662,False
2026-04-19,Nottingham Forest v Burnley,Total shots,1ST,3.5,True,0.8576340071989393,0.8928571428571429,model,1.1881482879687701,False
2026-04-19,Nottingham Forest v Burnley,Total shots,1ST,4.5,True,0.8000739744457115,0.8571428571428571,model,1.2750743809505667,False
2026-04-19,Nottingham Forest v Burnley,Shots on target,1ST,0.5,True,0.8307005286958811,0.8928571428571429,model,1.228377850278719,True
2026-04-19,Nottingham Forest v Burnley,Corner kicks,1ST,1.5,True,0.873449481817939,0.8571428571428571,model,1.1448859044700184,True
2026-04-19,Nottingham Forest v Burnley,Corner kicks,1ST,2.5,True,0.7516791420289254,0.75,model,1.3303548603208668,False
2026-04-19,Nottingham Forest v Burnley,Tackles,1ST,7.5,True,0.607418814622861,0.6785714285714286,model,1.65701161046776,True
2026-04-19,Nottingham Forest v Burnley,Free kicks,1ST,3.5,True,0.7112767991145578,0.8571428571428571,model,1.4149344037509048,True
2026-04-19,Nottingham Forest v Burnley,Free kicks,1ST,3.5,True,0.5724299711196028,0.7142857142857143,model,1.7603899287929108,True
2026-04-19,Nottingham Forest v Burnley,Goal kicks,1ST,3.5,False,0.7227570889098507,0.7857142857142857,model,1.3887848847536113,True
2026-04-19,Nottingham Forest v Burnley,Goal kicks,1ST,3.5,True,0.7200615839423063,0.75,model,1.4009710381910558,True
2026-04-19,Nottingham Forest v Burnley,Total shots,2ND,4.5,True,0.8346409898792602,0.8928571428571429,model,1.221707997739275,True
2026-04-19,Nottingham Forest v Burnley,Total shots,2ND,5.5,True,0.7817644458633903,0.8214285714285714,model,1.3048326758397255,True
2026-04-19,Nottingham Forest v Burnley,Corner kicks,2ND,1.5,True,0.7298770243597019,0.8214285714285714,model,1.3865485719823505,True
2026-04-19,Nottingham Forest v Burnley,Fouls,2ND,4.5,True,0.7189683296904145,0.7083333333333334,model,1.4022730195358124,True
2026-04-19,Nottingham Forest v Burnley,Yellow cards,2ND,0.5,True,0.6675287753612015,0.7407407407407407,model,1.5160150474729517,True
2026-04-19,Nottingham Forest v Burnley,Goal kicks,2ND,4.5,False,0.7343635531188809,0.7857142857142857,model,1.3670349363555854,True
2026-04-19,Aston Villa v Sunderland,Total shots,ALL,10.5,True,0.8570007437609936,0.8928571428571429,model,1.1855839448966552,True
2026-04-19,Aston Villa v Sunderland,Total shots,ALL,11.5,True,0.819647761136319,0.8571428571428571,model,1.2402290346573042,True
2026-04-19,Aston Villa v Sunderland,Shots on target,ALL,3.5,True,0.7467219405616711,0.8928571428571429,model,1.3541492389669125,True
2026-04-19,Aston Villa v Sunderland,Corner kicks,ALL,3.5,True,0.7518218436011007,0.7857142857142857,model,1.3410890389224424,True
2026-04-19,Aston Villa v Sunderland,Corner kicks,ALL,4.5,True,0.6583393084203657,0.7142857142857143,model,1.5296239912670837,False
2026-04-19,Aston Villa v Sunderland,Offsides,ALL,0.5,True,0.8938375731562607,0.9642857142857143,model,1.1288166703382347,True
2026-04-19,Aston Villa v Sunderland,Goal kicks,ALL,7.5,False,0.6358480732349654,0.7142857142857143,model,1.5752984939595267,False
2026-04-19,Aston Villa v Sunderland,Total shots,1ST,3.5,True,0.8339375408312819,0.8928571428571429,model,1.218191872262617,True
2026-04-19,Aston Villa v Sunderland,Total shots,1ST,4.5,True,0.7550955871378754,0.8214285714285714,model,1.3456844103092316,True
2026-04-19,Aston Villa v Sunderland,Shots on target,1ST,1.5,True,0.667098703349947,0.7142857142857143,model,1.5089952330002128,True
2026-04-19,Aston Villa v Sunderland,Corner kicks,1ST,1.5,True,0.6873890144634618,0.7857142857142857,model,1.4714821746812785,True
2026-04-19,Aston Villa v Sunderland,Fouls,1ST,4.5,True,0.7172368971913061,0.75,model,1.4086422782486523,True
2026-04-19,Aston Villa v Sunderland,Tackles,1ST,5.5,True,0.6336075490260109,0.75,model,1.5879698002977678,False
2026-04-19,Aston Villa v Sunderland,Offsides,1ST,0.5,True,0.7690839574984359,0.8571428571428571,model,1.3150907715906597,True
2026-04-19,Aston Villa v Sunderland,Free kicks,1ST,4.5,True,0.7178024827254704,0.7142857142857143,model,1.4116235128555097,True
2026-04-19,Aston Villa v Sunderland,Shots on target,2ND,1.5,True,0.769961976673318,0.6785714285714286,model,1.3201231248504721,True
2026-04-19,Aston Villa v Sunderland,Corner kicks,2ND,1.5,True,0.7282746716969418,0.8571428571428571,model,1.3995570777227786,True
2026-04-19,Aston Villa v Sunderland,Tackles,2ND,7.5,True,0.6471181967676201,0.7857142857142857,model,1.555310061868203,True
2026-04-19,Aston Villa v Sunderland,Yellow cards,2ND,0.5,True,0.6280131171700835,0.6785714285714286,model,1.61786942893713,True
2026-04-19,Aston Villa v Sunderland,Yellow cards,2ND,0.5,True,0.7763989179618278,0.7142857142857143,model,1.3093426901599343,True
2026-04-19,Manchester City v Arsenal,Total shots,1ST,6.5,False,0.7837709124605841,0.8636363636363636,model,1.2854888592887959,True
2026-04-19,Manchester City v Arsenal,Fouls,1ST,4.5,True,0.6359184778565582,0.7272727272727273,model,1.5853175166342077,False
2026-04-19,Manchester City v Arsenal,Throw-ins,1ST,6.5,True,0.6279339205466051,0.7727272727272727,model,1.6105003897148547,True
2026-04-19,Manchester City v Arsenal,Goal kicks,1ST,1.5,True,0.7127205125077432,0.9090909090909091,model,1.4288281872181559,True
2026-04-20,Crystal Palace v West Ham United,Total shots,ALL,10.5,True,0.8438148835353722,0.8888888888888888,model,1.1989336138763704,False
2026-04-20,Crystal Palace v West Ham United,Shots on target,ALL,2.5,True,0.7363368240277107,0.8518518518518519,model,1.3807867657426163,False
2026-04-20,Crystal Palace v West Ham United,Shots on target,ALL,2.5,True,0.6230901058168405,0.8148148148148148,model,1.6049043158678455,True
2026-04-20,Crystal Palace v West Ham United,Fouls,ALL,9.5,True,0.568154180954041,0.7407407407407407,model,1.765251146942997,True
2026-04-20,Crystal Palace v West Ham United,Throw-ins,ALL,16.5,True,0.767915550800716,0.8148148148148148,model,1.3150436688970495,True
2026-04-20,Crystal Palace v West Ham United,Yellow cards,ALL,1.5,True,0.5877068770722091,0.6666666666666666,model,1.7210739703136622,True
2026-04-20,Crystal Palace v West Ham United,Yellow cards,ALL,1.5,True,0.6513621361334376,0.7037037037037037,model,1.5447395896936982,False
2026-04-20,Crystal Palace v West Ham United,Total shots,1ST,3.5,True,0.8501542676149453,0.9629629629629629,model,1.1983498843357137,True
2026-04-20,Crystal Palace v West Ham United,Total shots,1ST,4.5,True,0.7705781931395959,0.7777777777777778,model,1.3231716982406405,True
2026-04-20,Crystal Palace v West Ham United,Shots on target,1ST,0.5,True,0.8295753563268942,0.8888888888888888,model,1.2201211949769613,False
2026-04-20,Crystal Palace v West Ham United,Shots on target,1ST,0.5,True,0.7095154095120282,0.8148148148148148,model,1.4373088408672918,True
2026-04-20,Crystal Palace v West Ham United,Throw-ins,1ST,7.5,True,0.7567882451802165,0.7407407407407407,model,1.3322526298003132,True
2026-04-20,Crystal Palace v West Ham United,Goal kicks,1ST,2.5,True,0.7168065252390585,0.8148148148148148,model,1.395076585926021,True
2026-04-20,Crystal Palace v West Ham United,Total shots,2ND,5.5,True,0.7685936756538029,0.8148148148148148,model,1.3194754441386505,False
2026-04-20,Crystal Palace v West Ham United,Shots on target,2ND,1.5,True,0.5792728170288357,0.6666666666666666,model,1.7416363103392194,True
2026-04-20,Crystal Palace v West Ham United,Corner kicks,2ND,1.5,True,0.7245926607518305,0.8518518518518519,model,1.398009297663173,True
2026-04-20,Crystal Palace v West Ham United,Throw-ins,2ND,7.5,True,0.8104322119173266,0.8518518518518519,model,1.25165415092541,True
2026-04-20,Crystal Palace v West Ham United,Yellow cards,2ND,0.5,True,0.6188249259515924,0.7037037037037037,model,1.634410213346393,True
2026-04-20,Crystal Palace v West Ham United,Yellow cards,2ND,0.5,True,0.7208513235329069,0.7037037037037037,model,1.4023756246827324,True
2026-04-21,Brighton & Hove Albion v Chelsea,Shots on target,ALL,3.5,True,0.7177878234443561,0.75,model,1.4016131821416107,True
2026-04-21,Brighton & Hove Albion v Chelsea,Corner kicks,ALL,3.5,True,0.6988316357210022,0.75,model,1.4530669233938809,True
2026-04-21,Brighton & Hove Albion v Chelsea,Offsides,ALL,0.5,True,0.7747118294981467,0.8148148148148148,model,1.290802543505491,False
2026-04-21,Brighton & Hove Albion v Chelsea,Offsides,ALL,0.5,True,0.670566846079796,0.8148148148148148,model,1.5101583936682452,True
2026-04-21,Brighton & Hove Albion v Chelsea,Yellow cards,ALL,1.5,True,0.7497338211313939,0.7857142857142857,model,1.35321341039491,False
2026-04-21,Brighton & Hove Albion v Chelsea,Goal kicks,ALL,5.5,True,0.7049474227661501,0.75,model,1.4296606077335476,False
2026-04-21,Brighton & Hove Albion v Chelsea,Goal kicks,ALL,5.5,True,0.7161163433173072,0.8928571428571429,model,1.4099612162804263,True
2026-04-21,Brighton & Hove Albion v Chelsea,Corner kicks,1ST,1.5,True,0.6718257429311273,0.6785714285714286,model,1.5081815276467094,True
2026-04-21,Brighton & Hove Albion v Chelsea,Fouls,1ST,4.5,True,0.8015616779638602,0.76,model,1.2538786815378526,True
2026-04-21,Brighton & Hove Albion v Chelsea,Tackles,1ST,6.5,True,0.6683765124562552,0.75,model,1.513402236700513,False
2026-04-21,Brighton & Hove Albion v Chelsea,Throw-ins,1ST,6.5,True,0.5905144594634413,0.7857142857142857,model,1.7071160639563954,True
2026-04-21,Brighton & Hove Albion v Chelsea,Free kicks,1ST,4.5,True,0.7631782578350339,0.7142857142857143,model,1.324464914197574,True
2026-04-21,Brighton & Hove Albion v Chelsea,Goal kicks,1ST,2.5,True,0.6511013194713512,0.6785714285714286,model,1.5358592742707544,False
2026-04-21,Brighton & Hove Albion v Chelsea,Goal kicks,1ST,2.5,True,0.6728931284998461,0.7142857142857143,model,1.505413750242768,True
2026-04-21,Brighton & Hove Albion v Chelsea,Shots on target,2ND,1.5,True,0.6748775062659031,0.8214285714285714,model,1.488709925382804,False
2026-04-21,Brighton & Hove Albion v Chelsea,Yellow cards,2ND,0.5,True,0.7141619410221962,0.7142857142857143,model,1.415854859808186,True
2026-04-21,Brighton & Hove Albion v Chelsea,Yellow cards,2ND,0.5,True,0.7879594528873848,0.8571428571428571,model,1.2954338242605228,False
2026-04-21,Brighton & Hove Albion v Chelsea,Goal kicks,2ND,2.5,True,0.7371622790691488,0.7857142857142857,model,1.3660915554471065,True
2026-04-21,Brighton & Hove Albion v Chelsea,Goal kicks,2ND,3.5,True,0.6165778613210116,0.6785714285714286,model,1.630495186634751,False
2026-04-22,Burnley v Manchester City,Total shots,ALL,11.5,True,0.8259104881882325,0.75,model,1.2303934069744062,True
2026-04-22,Burnley v Manchester City,Total shots,ALL,12.5,True,0.7845933162422543,0.7142857142857143,model,1.2950768784121562,True
2026-04-22,Burnley v Manchester City,Shots on target,ALL,3.5,True,0.8377502550219585,0.8214285714285714,model,1.2096797404093411,True
2026-04-22,Burnley v Manchester City,Corner kicks,ALL,3.5,True,0.7246936238640488,0.7142857142857143,model,1.404260398198225,True
2026-04-22,Burnley v Manchester City,Fouls,ALL,8.5,True,0.7168414854560526,0.7857142857142857,model,1.4022392854944106,True
2026-04-22,Burnley v Manchester City,Offsides,ALL,0.5,True,0.7007668503037225,0.8214285714285714,model,1.4354967329199433,True
2026-04-22,Burnley v Manchester City,Corner kicks,1ST,1.5,True,0.7577499595770645,0.75,model,1.3465796636103724,True
2026-04-22,Burnley v Manchester City,Total shots,2ND,5.5,True,0.7652609264271505,0.75,model,1.3279023600643487,True
2026-04-22,Burnley v Manchester City,Shots on target,2ND,1.5,True,0.704580177765505,0.7142857142857143,model,1.440643899366112,True
2026-04-22,Burnley v Manchester City,Tackles,2ND,7.5,True,0.6431377638192282,0.75,model,1.565577419945071,False
2026-04-22,Bournemouth v Leeds United,Throw-ins,ALL,17.5,True,0.7985200513187121,0.78125,model,1.2666874268589108,True
2026-04-22,Bournemouth v Leeds United,Throw-ins,ALL,18.5,True,0.755932440753576,0.75,model,1.3374406909065533,True
2026-04-22,Bournemouth v Leeds United,Tackles,1ST,7.5,True,0.7303228474936707,0.75,model,1.3806949289894601,True
2026-04-22,Bournemouth v Leeds United,Goal kicks,1ST,2.5,True,0.7951723356723223,0.875,model,1.269431321187819,False
2026-04-22,Bournemouth v Leeds United,Throw-ins,2ND,8.5,True,0.747613426277597,0.78125,model,1.3462981530485547,True
2026-04-22,Bournemouth v Leeds United,Yellow cards,2ND,0.5,True,0.6130015415546235,0.8064516129032258,model,1.6313172679205925,False
2026-04-24,Sunderland v Nottingham Forest,Total shots,ALL,9.5,True,0.6282453565095667,0.8214285714285714,model,1.6000086652164611,True
2026-04-24,Sunderland v Nottingham Forest,Shots on target,ALL,2.5,True,0.7206590640881773,0.75,model,1.4006546580709107,True
2026-04-24,Sunderland v Nottingham Forest,Throw-ins,ALL,16.5,True,0.600759924165965,0.75,model,1.6721421269280532,True
2026-04-24,Sunderland v Nottingham Forest,Total shots,1ST,3.5,True,0.7207084987251254,0.8214285714285714,model,1.3960226606791997,True
2026-04-24,Sunderland v Nottingham Forest,Shots on target,1ST,0.5,True,0.7416115492859083,0.8571428571428571,model,1.3553619768161842,True
2026-04-24,Sunderland v Nottingham Forest,Shots on target,1ST,0.5,True,0.734593209218816,0.7857142857142857,model,1.3732031886540872,True
2026-04-24,Sunderland v Nottingham Forest,Corner kicks,1ST,1.5,True,0.5838903289415355,0.6785714285714286,model,1.7256227992620166,False
2026-04-24,Sunderland v Nottingham Forest,Fouls,1ST,4.5,True,0.6295648035630441,0.72,model,1.5968262088471632,False
2026-04-24,Sunderland v Nottingham Forest,Goal kicks,1ST,2.5,True,0.634018800103621,0.75,model,1.5923493092651864,True
2026-04-24,Sunderland v Nottingham Forest,Fouls,2ND,4.5,True,0.6557298985511613,0.72,model,1.5408405530025426,True
2026-04-24,Sunderland v Nottingham Forest,Yellow cards,2ND,0.5,True,0.7003910271520306,0.8518518518518519,model,1.4439021527930844,True
2026-04-24,Sunderland v Nottingham Forest,Goal kicks,2ND,3.5,True,0.6607031535148503,0.7142857142857143,model,1.5258455398611552,True
2026-04-25,Fulham v Aston Villa,Total shots,ALL,11.5,True,0.6698835076138648,0.75,model,1.5059200834121342,True
2026-04-25,Fulham v Aston Villa,Throw-ins,ALL,17.5,False,0.7328896159935969,0.7857142857142857,model,1.3722504890028955,False
2026-04-25,Fulham v Aston Villa,Free kicks,ALL,9.5,True,0.6979257154719714,0.7142857142857143,model,1.4510658451542362,True
2026-04-25,Fulham v Aston Villa,Goal kicks,1ST,2.5,True,0.6527214823579494,0.8214285714285714,model,1.5456754159969772,True
2026-04-25,Fulham v Aston Villa,Corner kicks,2ND,1.5,True,0.6635113343066724,0.7857142857142857,model,1.5219397346965675,False
2026-04-25,Fulham v Aston Villa,Corner kicks,2ND,1.5,True,0.7225657198592046,0.8214285714285714,model,1.4018120844922775,False
2026-04-25,Fulham v Aston Villa,Fouls,2ND,4.5,True,0.6938899278544131,0.7692307692307693,model,1.4559845230340331,True
2026-04-25,Fulham v Aston Villa,Offsides,2ND,0.5,True,0.6827749296206351,0.7777777777777778,model,1.4646114797384582,True
2026-04-25,Fulham v Aston Villa,Throw-ins,2ND,9.5,False,0.7569045328469571,0.8214285714285714,model,1.3292479905870846,False
2026-04-25,Fulham v Aston Villa,Yellow cards,2ND,0.5,True,0.8189489013179969,0.8846153846153846,model,1.2330083713097748,True
2026-04-25,Fulham v Aston Villa,Yellow cards,2ND,0.5,True,0.6281988964189293,0.8076923076923077,model,1.604581607038611,True
2026-04-25,Fulham v Aston Villa,Free kicks,2ND,4.5,True,0.6889849477735539,0.7857142857142857,model,1.4701220013465912,True
2026-04-25,Fulham v Aston Villa,Goal kicks,2ND,3.5,True,0.6842044074124272,0.7142857142857143,model,1.4844892997639927,True
2026-04-25,West Ham United v Everton,Shots on target,ALL,2.5,True,0.6118147083516527,0.7741935483870968,model,1.6488980291998254,True
2026-04-25,West Ham United v Everton,Corner kicks,ALL,4.5,True,0.630498720450715,0.7419354838709677,model,1.601415994763665,False
2026-04-25,West Ham United v Everton,Fouls,ALL,9.5,True,0.6997957727756802,0.7419354838709677,model,1.4455766673299653,False
2026-04-25,West Ham United v Everton,Offsides,ALL,0.5,True,0.6712204243130542,0.7666666666666667,model,1.507140228510942,True
2026-04-25,West Ham United v Everton,Offsides,ALL,0.5,True,0.6416054138661155,0.8666666666666667,model,1.558590339776452,True
2026-04-25,West Ham United v Everton,Total shots,1ST,3.5,True,0.6877834198828541,0.7419354838709677,model,1.4756245942689026,True
2026-04-25,West Ham United v Everton,Shots on target,1ST,0.5,True,0.7177481236541043,0.9032258064516129,model,1.4069978851618037,False
2026-04-25,West Ham United v Everton,Shots on target,1ST,0.5,True,0.7661951232077153,0.8709677419354839,model,1.3152528410973603,True
2026-04-25,West Ham United v Everton,Fouls,2ND,4.5,True,0.6553061573648351,0.75,model,1.5416848547649211,False
2026-04-25,West Ham United v Everton,Yellow cards,2ND,0.5,True,0.6492416530582961,0.7,model,1.5402585390038261,True
2026-04-25,Liverpool FC v Crystal Palace,Total shots,ALL,13.5,False,0.8104231978520258,0.782608695652174,model,1.2554364915648497,False
2026-04-25,Liverpool FC v Crystal Palace,Shots on target,ALL,3.5,True,0.708399271594206,0.8695652173913043,model,1.4324779908019796,False
2026-04-25,Liverpool FC v Crystal Palace,Corner kicks,ALL,4.5,False,0.6880405763400134,0.6956521739130435,model,1.4591770379352849,False
2026-04-25,Liverpool FC v Crystal Palace,Tackles,ALL,14.5,True,0.6536448017155554,0.7391304347826086,model,1.54412245362392,False
2026-04-25,Liverpool FC v Crystal Palace,Throw-ins,ALL,17.5,False,0.6110618477375279,0.7391304347826086,model,1.6389943057368717,True
2026-04-25,Liverpool FC v Crystal Palace,Yellow cards,ALL,1.5,True,0.78778255016616,0.8421052631578947,model,1.2908211153994003,True
2026-04-25,Liverpool FC v Crystal Palace,Total shots,1ST,5.5,False,0.7086861582485847,0.7391304347826086,model,1.4197435265098655,False
2026-04-25,Liverpool FC v Crystal Palace,Shots on target,1ST,1.5,True,0.7166185118563504,0.8260869565217391,model,1.4033891150013795,True
2026-04-25,Liverpool FC v Crystal Palace,Corner kicks,1ST,1.5,True,0.7183761490602936,0.8260869565217391,model,1.4126683299375324,True
2026-04-25,Liverpool FC v Crystal Palace,Tackles,1ST,5.5,True,0.6489116881468756,0.7391304347826086,model,1.5612962525268497,True
2026-04-25,Liverpool FC v Crystal Palace,Free kicks,1ST,3.5,True,0.708680163515638,0.782608695652174,model,1.4244250688629705,False
2026-04-25,Liverpool FC v Crystal Palace,Total shots,2ND,7.5,False,0.7333802002611061,0.8260869565217391,model,1.3775305543488996,True
2026-04-25,Liverpool FC v Crystal Palace,Throw-ins,2ND,8.5,False,0.584938765555966,0.782608695652174,model,1.7095806584976998,False
2026-04-25,Liverpool FC v Crystal Palace,Throw-ins,2ND,9.5,False,0.6678044426171938,0.8260869565217391,model,1.5050146200672494,True
2026-04-25,Liverpool FC v Crystal Palace,Yellow cards,2ND,0.5,True,0.8002755934695716,0.9473684210526315,model,1.2729323207493368,True
2026-04-25,Wolverhampton v Tottenham Hotspur,Offsides,ALL,0.5,True,0.8515586960344449,0.8928571428571429,model,1.2001657201174443,True
2026-04-25,Wolverhampton v Tottenham Hotspur,Offsides,ALL,0.5,True,0.7485849825245205,0.8928571428571429,model,1.3453696293933186,True
2026-04-25,Wolverhampton v Tottenham Hotspur,Total shots,1ST,3.5,True,0.66001060564757,0.7931034482758621,model,1.5301513328805454,True
2026-04-25,Wolverhampton v Tottenham Hotspur,Shots on target,1ST,0.5,True,0.677406812021815,0.7931034482758621,model,1.5003121777797364,False
2026-04-25,Wolverhampton v Tottenham Hotspur,Corner kicks,1ST,0.5,True,0.7138074595682516,0.7931034482758621,model,1.4158227773562782,True
2026-04-25,Wolverhampton v Tottenham Hotspur,Corner kicks,1ST,0.5,True,0.8016336387995978,0.8275862068965517,model,1.2683225527370616,True
2026-04-25,Wolverhampton v Tottenham Hotspur,Goal kicks,1ST,2.5,True,0.6479235871243758,0.7241379310344828,model,1.5568069876676431,True
2026-04-25,Wolverhampton v Tottenham Hotspur,Total shots,2ND,4.5,True,0.6760209463743099,0.7931034482758621,model,1.494700882206672,True
2026-04-25,Wolverhampton v Tottenham Hotspur,Shots on target,2ND,1.5,True,0.6709126175386627,0.7241379310344828,model,1.5022328818168176,True
2026-04-25,Wolverhampton v Tottenham Hotspur,Offsides,2ND,0.5,True,0.6989956433331571,0.7142857142857143,model,1.4306240811909858,False
2026-04-25,Arsenal v Newcastle United,Total shots,ALL,13.5,False,0.8340083148803605,0.8695652173913043,model,1.2089976863660836,True
2026-04-25,Arsenal v Newcastle United,Total shots,ALL,14.5,False,0.8636310895362046,0.8695652173913043,model,1.1678944432737342,True
2026-04-25,Arsenal v Newcastle United,Yellow cards,ALL,1.5,True,0.7029012998265791,0.8095238095238095,model,1.4377832132940405,True
2026-04-25,Arsenal v Newcastle United,Free kicks,ALL,11.5,False,0.6024733011664921,0.7391304347826086,model,1.6606971205809298,False
2026-04-25,Arsenal v Newcastle United,Goal kicks,ALL,6.5,True,0.8297660716743884,0.8260869565217391,model,1.2222187361785817,True
2026-04-25,Arsenal v Newcastle United,Offsides,1ST,0.5,True,0.6045946223442472,0.6842105263157895,model,1.6698221694389215,False
2026-04-25,Arsenal v Newcastle United,Goal kicks,1ST,2.5,True,0.9220440508524876,0.9565217391304348,model,1.0920027220387947,True
2026-04-25,Arsenal v Newcastle United,Total shots,2ND,6.5,True,0.6888182281017852,0.7391304347826086,model,1.4703305452314526,True
2026-04-25,Arsenal v Newcastle United,Total shots,2ND,6.5,False,0.7313853100881806,0.7391304347826086,model,1.3746091052965133,True
2026-04-25,Arsenal v Newcastle United,Shots on target,2ND,1.5,True,0.8125943776390729,0.782608695652174,model,1.2452607404163776,True
2026-04-25,Arsenal v Newcastle United,Yellow cards,2ND,0.5,True,0.6402915965633438,0.7142857142857143,model,1.5720438910328036,True
2026-04-25,Arsenal v Newcastle United,Yellow cards,2ND,0.5,True,0.772689916419919,0.8571428571428571,model,1.3168147093517295,True
2026-04-25,Arsenal v Newcastle United,Goal kicks,2ND,2.5,True,0.7680431236092955,0.8695652173913043,model,1.3162980762692753,True
2026-04-27,Manchester United v Brentford,Total shots,ALL,11.5,True,0.8129126261752335,0.75,model,1.2428854849753936,False
2026-04-27,Manchester United v Brentford,Total shots,ALL,11.5,False,0.7004790812626096,0.75,model,1.4337972941442971,False
2026-04-27,Manchester United v Brentford,Offsides,ALL,0.5,True,0.6001925960766541,0.8064516129032258,model,1.677657685323998,True
2026-04-27,Manchester United v Brentford,Offsides,ALL,0.5,True,0.7280942833017019,0.8709677419354839,model,1.3884684196579071,True
2026-04-27,Manchester United v Brentford,Yellow cards,ALL,1.5,True,0.654420484330668,0.75,model,1.5428446294909437,True
2026-04-27,Manchester United v Brentford,Total shots,1ST,5.5,False,0.69319840600497,0.71875,model,1.4455794259822108,False
2026-04-27,Manchester United v Brentford,Corner kicks,1ST,1.5,True,0.7806425491840272,0.8125,model,1.290317254453027,True
2026-04-27,Manchester United v Brentford,Tackles,1ST,6.5,True,0.6522880728665081,0.75,model,1.542381275038943,True
2026-04-27,Manchester United v Brentford,Goal kicks,1ST,2.5,True,0.6961385585328016,0.78125,model,1.436495634012321,True
2026-04-27,Manchester United v Brentford,Total shots,2ND,5.5,True,0.755334764155883,0.78125,model,1.3373798805146464,False
2026-04-27,Manchester United v Brentford,Corner kicks,2ND,1.5,True,0.6590674311570348,0.71875,model,1.5324102123706091,True
2026-04-27,Manchester United v Brentford,Tackles,2ND,7.5,True,0.7042494265428325,0.875,model,1.4271792303539799,True
2026-04-27,Manchester United v Brentford,Offsides,2ND,0.5,True,0.5585616173825063,0.7096774193548387,model,1.7903127763882745,False
2026-04-27,Manchester United v Brentford,Yellow cards,2ND,0.5,True,0.6254290310202221,0.71875,model,1.6087495341875155,True
2026-04-27,Manchester United v Brentford,Yellow cards,2ND,0.5,True,0.7704172270635052,0.84375,model,1.29799797417766,True
2026-05-01,Leeds United v Burnley,Total shots,ALL,9.5,True,0.9216961637025562,0.9705882352941176,model,1.0943129647696705,True
2026-05-01,Leeds United v Burnley,Total shots,ALL,10.5,True,0.8909668923024653,0.9117647058823529,model,1.1334756000052264,True
2026-05-01,Leeds United v Burnley,Shots on target,ALL,2.5,True,0.8346737346786347,0.8529411764705882,model,1.207478336205359,True
2026-05-01,Leeds United v Burnley,Shots on target,ALL,3.5,True,0.7419865105827712,0.7647058823529411,model,1.358602134908267,True
2026-05-01,Leeds United v Burnley,Corner kicks,ALL,3.5,True,0.7606411393872057,0.9117647058823529,model,1.323416872986905,True
2026-05-01,Leeds United v Burnley,Corner kicks,ALL,4.5,True,0.653895605780644,0.7352941176470589,model,1.5376972149245152,True
2026-05-01,Leeds United v Burnley,Offsides,ALL,0.5,True,0.8187156217722431,0.9117647058823529,model,1.2397345505638768,True
2026-05-01,Leeds United v Burnley,Total shots,1ST,4.5,True,0.8492159283958428,0.9117647058823529,model,1.188984575387152,True
2026-05-01,Leeds United v Burnley,Total shots,1ST,5.5,True,0.7833409107543119,0.7352941176470589,model,1.2895184635255534,True
2026-05-01,Leeds United v Burnley,Shots on target,1ST,0.5,True,0.8453173018468009,0.8529411764705882,model,1.1983799702649092,True
2026-05-01,Leeds United v Burnley,Corner kicks,1ST,1.5,True,0.7210637901589692,0.7941176470588235,model,1.405239032718165,True
2026-05-01,Leeds United v Burnley,Fouls,1ST,3.5,True,0.5623000137332033,0.7692307692307693,model,1.7784100579347915,True
2026-05-01,Leeds United v Burnley,Fouls,1ST,3.5,True,0.7451501063328615,0.8846153846153846,model,1.3420114839966164,True
2026-05-01,Leeds United v Burnley,Offsides,1ST,0.5,True,0.7110049151048002,0.7647058823529411,model,1.4259351311982544,False
2026-05-01,Leeds United v Burnley,Throw-ins,1ST,7.5,True,0.7481186129782413,0.7352941176470589,model,1.3476898985537178,True
2026-05-01,Leeds United v Burnley,Goal kicks,1ST,3.5,True,0.7751909201106881,0.7647058823529411,model,1.3084984950785128,True
2026-05-01,Leeds United v Burnley,Total shots,2ND,5.5,True,0.8319374924385396,0.8823529411764706,model,1.2125089956527613,True
2026-05-01,Leeds United v Burnley,Shots on target,2ND,1.5,True,0.6963234048484005,0.7647058823529411,model,1.4592289752233611,True
2026-05-01,Leeds United v Burnley,Corner kicks,2ND,1.5,True,0.6973596656170875,0.7941176470588235,model,1.4467625103231765,True
2026-05-01,Leeds United v Burnley,Fouls,2ND,4.5,True,0.6141978449173339,0.7307692307692307,model,1.6338609214290647,False
2026-05-01,Leeds United v Burnley,Yellow cards,2ND,0.5,True,0.6254075289891029,0.7878787878787878,model,1.6128730416551567,True
2026-05-02,Newcastle United v Brighton & Hove Albion,Fouls,ALL,10.5,True,0.7854934290694778,0.7666666666666667,model,1.283325593539764,True
2026-05-02,Newcastle United v Brighton & Hove Albion,Fouls,ALL,11.5,True,0.7260538455548452,0.7,model,1.387600329242374,True
2026-05-02,Newcastle United v Brighton & Hove Albion,Offsides,ALL,0.5,True,0.7056027651241494,0.8620689655172413,model,1.4341883333918055,True
2026-05-02,Newcastle United v Brighton & Hove Albion,Offsides,ALL,0.5,True,0.6586393033271236,0.7241379310344828,model,1.5328471392251966,True
2026-05-02,Newcastle United v Brighton & Hove Albion,Yellow cards,ALL,1.5,True,0.7775402640303875,0.8666666666666667,model,1.30414028305839,True
2026-05-02,Newcastle United v Brighton & Hove Albion,Free kicks,ALL,9.5,True,0.7774296498211529,0.8,model,1.3016244238669572,True
2026-05-02,Newcastle United v Brighton & Hove Albion,Free kicks,ALL,10.5,True,0.7224686649034124,0.7333333333333333,model,1.3994873917779118,True
2026-05-02,Newcastle United v Brighton & Hove Albion,Shots on target,1ST,1.5,True,0.7743937488239659,0.8333333333333334,model,1.2984039232302507,True
2026-05-02,Newcastle United v Brighton & Hove Albion,Corner kicks,1ST,1.5,True,0.818930600309299,0.8,model,1.2384645520681605,True
2026-05-02,Newcastle United v Brighton & Hove Albion,Fouls,1ST,4.5,True,0.7456631402007942,0.6923076923076923,model,1.3522314110476197,True
2026-05-02,Newcastle United v Brighton & Hove Albion,Free kicks,1ST,4.5,True,0.7068995206733579,0.7,model,1.4262718711355185,True
2026-05-02,Newcastle United v Brighton & Hove Albion,Corner kicks,2ND,1.5,True,0.7151607751751253,0.7666666666666667,model,1.4127061463653945,False
2026-05-02,Newcastle United v Brighton & Hove Albion,Fouls,2ND,4.5,True,0.7544300936580508,0.7307692307692307,model,1.3255038583511953,True
2026-05-02,Newcastle United v Brighton & Hove Albion,Offsides,2ND,0.5,True,0.6592896187748843,0.7586206896551724,model,1.533201669738836,False
2026-05-02,Newcastle United v Brighton & Hove Albion,Yellow cards,2ND,0.5,True,0.7299473504597032,0.8,model,1.3921298689375776,True
2026-05-02,Newcastle United v Brighton & Hove Albion,Yellow cards,2ND,0.5,True,0.778305947917781,0.8666666666666667,model,1.3015525948195967,True
2026-05-02,Brentford v West Ham United,Total shots,ALL,9.5,True,0.8042588352452547,0.8181818181818182,model,1.2568958136699484,True
2026-05-02,Brentford v West Ham United,Shots on target,ALL,2.5,True,0.7737756759714253,0.8181818181818182,model,1.3075002245472445,True
2026-05-02,Brentford v West Ham United,Throw-ins,ALL,17.5,True,0.8002636018308321,0.696969696969697,model,1.2627167463770448,True
2026-05-02,Brentford v West Ham United,Goal kicks,ALL,7.5,False,0.7259004447848136,0.696969696969697,model,1.3837059658218371,False
2026-05-02,Brentford v West Ham United,Total shots,1ST,3.5,True,0.7980054240804414,0.8484848484848485,model,1.2665866486667885,True
2026-05-02,Brentford v West Ham United,Shots on target,1ST,0.5,True,0.8280294041436337,0.9090909090909091,model,1.2184247892778282,True
2026-05-02,Brentford v West Ham United,Shots on target,1ST,0.5,True,0.6602985797408639,0.8181818181818182,model,1.5144663803342617,True
2026-05-02,Brentford v West Ham United,Free kicks,1ST,3.5,True,0.6589323164582934,0.7878787878787878,model,1.5272522046532258,True
2026-05-02,Brentford v West Ham United,Goal kicks,1ST,2.5,True,0.6865969448623868,0.7575757575757576,model,1.4741988561630976,True
2026-05-02,Brentford v West Ham United,Yellow cards,2ND,0.5,True,0.6713557436270551,0.78125,model,1.4895232661560578,True
2026-05-02,Brentford v West Ham United,Yellow cards,2ND,0.5,True,0.696806349031604,0.75,model,1.449709846680979,True
2026-05-02,Brentford v West Ham United,Free kicks,2ND,4.5,True,0.6628614844957974,0.7878787878787878,model,1.516457356538082,True
2026-05-02,Brentford v West Ham United,Free kicks,2ND,4.5,True,0.5852553547502631,0.7575757575757576,model,1.7086558745399507,False
2026-05-02,Brentford v West Ham United,Goal kicks,2ND,3.5,True,0.6770372260683863,0.7878787878787878,model,1.4929567818773986,True
2026-05-02,Wolverhampton v Sunderland,Corner kicks,ALL,2.5,True,0.7307485508438808,0.8484848484848485,model,1.3811576208086842,True
2026-05-02,Wolverhampton v Sunderland,Offsides,ALL,0.5,True,0.7482747110314654,0.9393939393939394,model,1.343459344607944,False
2026-05-02,Wolverhampton v Sunderland,Shots on target,1ST,0.5,True,0.7249905640668157,0.7575757575757576,model,1.3940511332020113,True
2026-05-02,Wolverhampton v Sunderland,Corner kicks,1ST,0.5,True,0.6895030114186496,0.8484848484848485,model,1.4669364561314684,True
2026-05-02,Wolverhampton v Sunderland,Corner kicks,1ST,0.5,True,0.8054566481254767,0.9090909090909091,model,1.2502592362665639,True
2026-05-02,Wolverhampton v Sunderland,Shots on target,2ND,1.5,True,0.6256357401475389,0.696969696969697,model,1.5983741590021339,True
2026-05-02,Wolverhampton v Sunderland,Tackles,2ND,8.5,True,0.5558609138122033,0.7272727272727273,model,1.8059059480575974,False
2026-05-02,Wolverhampton v Sunderland,Throw-ins,2ND,8.5,True,0.6997486972317286,0.696969696969697,model,1.4428365123989206,True
2026-05-02,Wolverhampton v Sunderland,Free kicks,2ND,4.5,True,0.7786492107806041,0.7272727272727273,model,1.2961712811716266,True
2026-05-02,Arsenal v Fulham,Total shots,ALL,12.5,False,0.8429817072727801,0.7931034482758621,model,1.1929297452642722,True
2026-05-02,Arsenal v Fulham,Shots on target,ALL,3.5,True,0.6937282396000743,0.7586206896551724,model,1.4540910007533172,True
2026-05-02,Arsenal v Fulham,Corner kicks,ALL,3.5,True,0.8233544619825218,0.8620689655172413,model,1.2234420784843087,False
2026-05-02,Arsenal v Fulham,Offsides,ALL,1.5,True,0.7461291921524754,0.7142857142857143,model,1.3604225779352304,True
2026-05-02,Arsenal v Fulham,Yellow cards,ALL,1.5,True,0.69576763327802,0.7407407407407407,model,1.4492195619458559,False
2026-05-02,Arsenal v Fulham,Goal kicks,ALL,6.5,True,0.8293212409633571,0.8275862068965517,model,1.2224331957876822,True
2026-05-02,Arsenal v Fulham,Total shots,1ST,5.5,False,0.8205496300440068,0.7586206896551724,model,1.223906953432277,True
2026-05-02,Arsenal v Fulham,Shots on target,1ST,1.5,True,0.5910861375292694,0.6896551724137931,model,1.7037435333477542,True
2026-05-02,Arsenal v Fulham,Corner kicks,1ST,1.5,True,0.8379574523911368,0.9310344827586207,model,1.208517797884667,True
2026-05-02,Arsenal v Fulham,Fouls,1ST,4.5,True,0.6559743042289675,0.8076923076923077,model,1.542836989482801,True
2026-05-02,Arsenal v Fulham,Goal kicks,1ST,2.5,True,0.8324431451087309,0.9655172413793104,model,1.2153111587286167,True
2026-05-02,Arsenal v Fulham,Yellow cards,2ND,0.5,True,0.7519328086470964,0.7407407407407407,model,1.3481268242573596,False
2026-05-02,Arsenal v Fulham,Free kicks,2ND,3.5,True,0.6779439920760888,0.7241379310344828,model,1.490172014888857,True
2026-05-03,Bournemouth v Crystal Palace,Total shots,1ST,5.5,False,0.6546995616465756,0.75,model,1.531116299970482,True
2026-05-03,Bournemouth v Crystal Palace,Corner kicks,1ST,1.5,True,0.7283947169939846,0.8571428571428571,model,1.3831690649276975,True
2026-05-03,Bournemouth v Crystal Palace,Yellow cards,2ND,1.5,False,0.6340809673693975,0.6923076923076923,model,1.5770856585534898,True
2026-05-03,Manchester United v Liverpool FC,Total shots,ALL,14.5,False,0.6407192098276266,0.7741935483870968,model,1.5651547058402515,True
2026-05-03,Manchester United v Liverpool FC,Offsides,ALL,0.5,True,0.701216854955121,0.9333333333333333,model,1.4398919280065772,True
2026-05-03,Manchester United v Liverpool FC,Offsides,ALL,0.5,True,0.6969815515220816,0.9,model,1.4579051603933495,True
2026-05-03,Manchester United v Liverpool FC,Yellow cards,ALL,1.5,True,0.5758078536720016,0.7096774193548387,model,1.7366904491192154,True
2026-05-03,Manchester United v Liverpool FC,Total shots,1ST,6.5,False,0.6246850040440113,0.7741935483870968,model,1.6012445587638602,True
2026-05-03,Manchester United v Liverpool FC,Goal kicks,1ST,2.5,True,0.697339418928387,0.7741935483870968,model,1.4528386052010824,True
2026-05-03,Manchester United v Liverpool FC,Shots on target,2ND,1.5,True,0.7217421570179622,0.7419354838709677,model,1.3977287767109532,True
2026-05-03,Manchester United v Liverpool FC,Corner kicks,2ND,1.5,True,0.6896873746379562,0.7096774193548387,model,1.4681613928334107,True
2026-05-03,Manchester United v Liverpool FC,Fouls,2ND,4.5,True,0.654627070446877,0.7407407407407407,model,1.5358457337239488,True
2026-05-03,Manchester United v Liverpool FC,Offsides,2ND,0.5,True,0.6505533202628841,0.7666666666666667,model,1.5644026093140369,False
2026-05-03,Manchester United v Liverpool FC,Yellow cards,2ND,0.5,True,0.6794108831118539,0.7419354838709677,model,1.4832467784545054,True
2026-05-03,Manchester United v Liverpool FC,Goal kicks,2ND,2.5,True,0.734466950206778,0.7741935483870968,model,1.3784467678034766,True
2026-05-03,Aston Villa v Tottenham Hotspur,Total shots,ALL,11.5,True,0.7351527568492572,0.75,model,1.3767880099633067,False
2026-05-03,Aston Villa v Tottenham Hotspur,Fouls,ALL,10.5,True,0.7953127977840586,0.6785714285714286,model,1.2692423722663326,True
2026-05-03,Aston Villa v Tottenham Hotspur,Yellow cards,ALL,1.5,True,0.8499943524762696,0.8888888888888888,model,1.1913377807742056,True
2026-05-03,Aston Villa v Tottenham Hotspur,Free kicks,ALL,10.5,True,0.751671132713651,0.6785714285714286,model,1.3485186555265885,True
2026-05-03,Aston Villa v Tottenham Hotspur,Shots on target,1ST,0.5,True,0.8293202813995005,0.9285714285714286,model,1.2121375830847525,False
2026-05-03,Aston Villa v Tottenham Hotspur,Shots on target,1ST,1.5,True,0.6527427620044209,0.7142857142857143,model,1.5402652047499603,False
2026-05-03,Aston Villa v Tottenham Hotspur,Shots on target,1ST,0.5,True,0.6399279853643894,0.8214285714285714,model,1.5855765877558,True
2026-05-03,Aston Villa v Tottenham Hotspur,Shots on target,2ND,1.5,True,0.7015701586936495,0.6785714285714286,model,1.4253741947377556,False
2026-05-03,Aston Villa v Tottenham Hotspur,Shots on target,2ND,1.5,True,0.677434706813203,0.8214285714285714,model,1.49658009628667,False
2026-05-03,Aston Villa v Tottenham Hotspur,Corner kicks,2ND,1.5,True,0.6664001562713946,0.7857142857142857,model,1.5217398892070388,True
2026-05-03,Aston Villa v Tottenham Hotspur,Fouls,2ND,5.5,True,0.7312412623265431,0.7692307692307693,model,1.391141182294717,True
2026-05-03,Aston Villa v Tottenham Hotspur,Yellow cards,2ND,0.5,True,0.6641388524185959,0.7407407407407407,model,1.5340274012855382,True
2026-05-03,Aston Villa v Tottenham Hotspur,Yellow cards,2ND,0.5,True,0.8459196262044729,0.7407407407407407,model,1.2060265045939365,True
2026-05-03,Aston Villa v Tottenham Hotspur,Free kicks,2ND,5.5,True,0.716360021186413,0.7857142857142857,model,1.413502905929275,True
2026-05-04,Chelsea v Nottingham Forest,Total shots,ALL,12.5,False,0.6973709655536708,0.7307692307692307,model,1.4469583443735192,True
2026-05-04,Chelsea v Nottingham Forest,Shots on target,ALL,3.5,True,0.6176002328539568,0.6923076923076923,model,1.6292178319601134,True
2026-05-04,Chelsea v Nottingham Forest,Goal kicks,ALL,6.5,False,0.6591466389948294,0.6923076923076923,model,1.52114962758671,True
2026-05-04,Chelsea v Nottingham Forest,Goal kicks,ALL,6.5,True,0.7102447708881225,0.8461538461538461,model,1.4277380031327913,True
2026-05-04,Chelsea v Nottingham Forest,Fouls,1ST,4.5,True,0.7324294052938893,0.8076923076923077,model,1.3774097486683918,True
2026-05-04,Chelsea v Nottingham Forest,Goal kicks,1ST,2.5,True,0.6835648403678402,0.8846153846153846,model,1.4787825905185241,True
2026-05-04,Chelsea v Nottingham Forest,Fouls,2ND,4.5,True,0.7200973513315313,0.8076923076923077,model,1.3998369275005136,True
2026-05-04,Chelsea v Nottingham Forest,Fouls,2ND,4.5,True,0.6284264128799193,0.7692307692307693,model,1.6046782934656254,True
2026-05-04,Chelsea v Nottingham Forest,Yellow cards,2ND,0.5,True,0.6998061678534407,0.8076923076923077,model,1.4501054414441807,True
2026-05-04,Chelsea v Nottingham Forest,Goal kicks,2ND,3.5,True,0.6980388302563696,0.7307692307692307,model,1.4451888218388813,True
2026-05-04,Everton v Manchester City,Tackles,ALL,16.5,True,0.7797425786715749,0.7666666666666667,model,1.295358838866877,True
2026-05-04,Everton v Manchester City,Offsides,ALL,0.5,True,0.6615106913319364,0.8148148148148148,model,1.5116913650881791,False
2026-05-04,Everton v Manchester City,Yellow cards,ALL,1.5,True,0.6188193833163361,0.75,model,1.629173909112916,False
2026-05-04,Everton v Manchester City,Shots on target,2ND,1.5,True,0.6256357401475389,0.7666666666666667,model,1.5983741590021339,True
2026-05-04,Everton v Manchester City,Shots on target,2ND,1.5,True,0.6442559091169712,0.7333333333333333,model,1.5681165516631543,True
2026-05-04,Everton v Manchester City,Fouls,2ND,4.5,True,0.6467417850954003,0.6923076923076923,model,1.563707152438996,False
2026-05-04,Everton v Manchester City,Yellow cards,2ND,0.5,True,0.7003910271520306,0.75,model,1.4502815811760632,True
2026-05-09,Liverpool FC v Chelsea,Shots on target,ALL,3.5,True,0.7039257278090489,0.8148148148148148,model,1.4377353826395365,False
2026-05-09,Liverpool FC v Chelsea,Offsides,ALL,0.5,True,0.6807817194759229,0.8076923076923077,model,1.4882166894203872,True
2026-05-09,Liverpool FC v Chelsea,Offsides,ALL,0.5,True,0.729031645677265,0.8076923076923077,model,1.3838626231476376,True
2026-05-09,Liverpool FC v Chelsea,Yellow cards,ALL,1.5,True,0.7401163346293904,0.76,model,1.3644778444057002,True
2026-05-09,Liverpool FC v Chelsea,Goal kicks,ALL,5.5,True,0.6791725247325672,0.8888888888888888,model,1.4723799382104903,True
2026-05-09,Liverpool FC v Chelsea,Shots on target,1ST,1.5,True,0.72333068965663,0.8148148148148148,model,1.3920719926964706,False
2026-05-09,Liverpool FC v Chelsea,Tackles,1ST,5.5,True,0.5896518222798228,0.7037037037037037,model,1.7066096186476265,True
2026-05-09,Liverpool FC v Chelsea,Goal kicks,1ST,2.5,True,0.6453916674700011,0.8518518518518519,model,1.565391163092198,True
2026-05-09,Liverpool FC v Chelsea,Fouls,2ND,4.5,True,0.5913038603718102,0.7777777777777778,model,1.6980358602408638,True
2026-05-09,Liverpool FC v Chelsea,Fouls,2ND,4.5,True,0.6616861982567378,0.7407407407407407,model,1.5279369866910248,True
2026-05-09,Liverpool FC v Chelsea,Offsides,2ND,0.5,True,0.6151662344995454,0.7307692307692307,model,1.641864377919021,True
2026-05-09,Liverpool FC v Chelsea,Yellow cards,2ND,0.5,True,0.662182195055019,0.68,model,1.5289436422323583,True
2026-05-09,Liverpool FC v Chelsea,Yellow cards,2ND,0.5,True,0.7699907213345066,0.84,model,1.318398933012563,True
2026-05-09,Brighton & Hove Albion v Wolverhampton,Total shots,ALL,11.5,True,0.7773195102294773,0.7575757575757576,model,1.2969147452305123,True
2026-05-09,Brighton & Hove Albion v Wolverhampton,Corner kicks,ALL,3.5,True,0.7371553487575504,0.7878787878787878,model,1.3701729373861102,True
2026-05-09,Brighton & Hove Albion v Wolverhampton,Offsides,ALL,0.5,True,0.639439257385681,0.7741935483870968,model,1.5869192770075062,True
2026-05-09,Brighton & Hove Albion v Wolverhampton,Yellow cards,ALL,1.5,True,0.7183484767043757,0.78125,model,1.3920820220678678,True
2026-05-09,Brighton & Hove Albion v Wolverhampton,Total shots,1ST,3.5,True,0.8556892851023641,0.9393939393939394,model,1.1780491981138568,True
2026-05-09,Brighton & Hove Albion v Wolverhampton,Total shots,1ST,4.5,True,0.7765835113057247,0.8484848484848485,model,1.2987352235726215,True
2026-05-09,Brighton & Hove Albion v Wolverhampton,Shots on target,1ST,0.5,True,0.8513277120799655,0.9090909090909091,model,1.190926144517136,True
2026-05-09,Brighton & Hove Albion v Wolverhampton,Corner kicks,1ST,0.5,True,0.8565554918130279,0.9393939393939394,model,1.1817120133826682,True
2026-05-09,Brighton & Hove Albion v Wolverhampton,Corner kicks,1ST,0.5,True,0.6624505323023219,0.7878787878787878,model,1.5266497533304701,False
2026-05-09,Brighton & Hove Albion v Wolverhampton,Goal kicks,1ST,2.5,True,0.8255266886347412,0.8484848484848485,model,1.2215947898658677,True
2026-05-09,Brighton & Hove Albion v Wolverhampton,Total shots,2ND,5.5,True,0.699263185154379,0.696969696969697,model,1.4439731749987033,True
2026-05-09,Brighton & Hove Albion v Wolverhampton,Yellow cards,2ND,0.5,True,0.6643138598734356,0.71875,model,1.5184180993966323,False
2026-05-09,Brighton & Hove Albion v Wolverhampton,Yellow cards,2ND,0.5,True,0.7705636544432819,0.84375,model,1.3107987410764137,True
2026-05-09,Brighton & Hove Albion v Wolverhampton,Free kicks,2ND,4.5,True,0.7679011100920318,0.8181818181818182,model,1.311509117667507,True
2026-05-09,Brighton & Hove Albion v Wolverhampton,Goal kicks,2ND,3.5,True,0.687478718764638,0.7272727272727273,model,1.4702093993908207,True
2026-05-09,Sunderland v Manchester United,Goal kicks,1ST,2.5,True,0.6666505687591412,0.7941176470588235,model,1.5084961017588951,True
2026-05-09,Sunderland v Manchester United,Yellow cards,2ND,0.5,True,0.7430212382479707,0.8125,model,1.3458565496162398,False
2026-05-09,Sunderland v Manchester United,Yellow cards,2ND,0.5,True,0.6887504217813675,0.71875,model,1.4662065349590336,True
2026-05-09,Fulham v Bournemouth,Total shots,ALL,11.5,True,0.6708324282006187,0.8529411764705882,model,1.5027812054821608,True
2026-05-09,Fulham v Bournemouth,Yellow cards,ALL,1.5,True,0.679544862027633,0.75,model,1.4842611304025572,True
2026-05-09,Fulham v Bournemouth,Corner kicks,1ST,1.5,True,0.6475500815811354,0.7058823529411765,model,1.5575610906246917,True
2026-05-09,Fulham v Bournemouth,Corner kicks,1ST,1.5,True,0.7887902164218262,0.7941176470588235,model,1.2827856744453614,True
2026-05-09,Fulham v Bournemouth,Corner kicks,2ND,1.5,True,0.7170493042785101,0.7058823529411765,model,1.4110515889745103,True
2026-05-09,Fulham v Bournemouth,Corner kicks,2ND,1.5,True,0.6527064746386123,0.7941176470588235,model,1.5482593850122135,False
2026-05-09,Fulham v Bournemouth,Goal kicks,2ND,3.5,True,0.7843046662324541,0.8529411764705882,model,1.281324130359607,True
2026-05-09,Manchester City v Brentford,Total shots,ALL,12.5,False,0.7908444885257219,0.8275862068965517,model,1.272220615075025,True
2026-05-09,Manchester City v Brentford,Total shots,ALL,13.5,False,0.8250429839077427,0.8620689655172413,model,1.2202606217833691,True
2026-05-09,Manchester City v Brentford,Offsides,ALL,0.5,True,0.6074074591931239,0.7142857142857143,model,1.6611643166299652,False
2026-05-09,Manchester City v Brentford,Offsides,ALL,0.5,True,0.865301332656645,0.8928571428571429,model,1.1715518958673763,True
2026-05-09,Manchester City v Brentford,Yellow cards,ALL,1.5,True,0.6638178567088686,0.6896551724137931,model,1.518549974073132,True
2026-05-09,Manchester City v Brentford,Goal kicks,ALL,5.5,True,0.7505071495847747,0.7931034482758621,model,1.3459903738900938,True
2026-05-09,Manchester City v Brentford,Total shots,1ST,5.5,False,0.7797477158521741,0.7931034482758621,model,1.2868276819505529,True
2026-05-09,Manchester City v Brentford,Tackles,1ST,6.5,True,0.6488108564149668,0.7241379310344828,model,1.553735612510252,True
2026-05-09,Manchester City v Brentford,Free kicks,1ST,3.5,True,0.6736323395251028,0.7586206896551724,model,1.4844892997639927,True
2026-05-09,Manchester City v Brentford,Goal kicks,1ST,2.5,True,0.7293626451689631,0.7931034482758621,model,1.37106007090388,True
2026-05-09,Manchester City v Brentford,Offsides,2ND,0.5,True,0.718055277778896,0.75,model,1.408958643588778,True
2026-05-09,Manchester City v Brentford,Yellow cards,2ND,0.5,True,0.7669583291622859,0.7931034482758621,model,1.317961302898398,True
2026-05-09,Manchester City v Brentford,Free kicks,2ND,4.5,True,0.683548403411649,0.7931034482758621,model,1.4731688954372801,True
2026-05-09,Manchester City v Brentford,Goal kicks,2ND,2.5,True,0.6020997202250655,0.7586206896551724,model,1.6746289647537247,False
2026-05-09,Manchester City v Brentford,Goal kicks,2ND,2.5,True,0.7113463020407667,0.8620689655172413,model,1.4201320250975038,True
2026-05-10,Crystal Palace v Everton,Total shots,ALL,10.5,True,0.7327717699898674,0.8333333333333334,model,1.3863267311316998,True
2026-05-10,Crystal Palace v Everton,Corner kicks,ALL,3.5,True,0.660857000271538,0.7333333333333333,model,1.5131866645720817,True
2026-05-10,Crystal Palace v Everton,Yellow cards,ALL,1.5,True,0.6126988598284061,0.7241379310344828,model,1.632123161254229,True
2026-05-10,Crystal Palace v Everton,Total shots,1ST,3.5,True,0.810402286407123,0.9,model,1.2468668382879242,True
2026-05-10,Crystal Palace v Everton,Total shots,1ST,4.5,True,0.7197194422488136,0.8,model,1.4033884751023427,True
2026-05-10,Crystal Palace v Everton,Goal kicks,1ST,2.5,True,0.6932284015023592,0.8333333333333334,model,1.4425260099453625,True
2026-05-10,Crystal Palace v Everton,Yellow cards,2ND,0.5,True,0.645257551827083,0.6896551724137931,model,1.5675299792262978,False
2026-05-10,Crystal Palace v Everton,Yellow cards,2ND,0.5,True,0.7254355377722269,0.7241379310344828,model,1.3893743532859462,False
2026-05-10,Nottingham Forest v Newcastle United,Tackles,ALL,15.5,True,0.6435010534183117,0.6923076923076923,model,1.5667925523962516,True
2026-05-10,Nottingham Forest v Newcastle United,Goal kicks,ALL,6.5,True,0.7349532817357786,0.8076923076923077,model,1.374556352837095,False
2026-05-10,Nottingham Forest v Newcastle United,Tackles,1ST,7.5,True,0.7180031445483986,0.7307692307692307,model,1.4044164698012918,True
2026-05-10,Nottingham Forest v Newcastle United,Total shots,2ND,5.5,True,0.6444284152205796,0.7307692307692307,model,1.5688330418976317,True
2026-05-10,Nottingham Forest v Newcastle United,Corner kicks,2ND,1.5,True,0.7050247156177447,0.7692307692307693,model,1.4331347189833419,False
2026-05-10,Nottingham Forest v Newcastle United,Yellow cards,2ND,0.5,True,0.774620232892851,0.8,model,1.302037925610655,False
2026-05-10,Burnley v Aston Villa,Total shots,ALL,9.5,True,0.900275780182055,0.7666666666666667,model,1.1223755738615462,True
2026-05-10,Burnley v Aston Villa,Shots on target,ALL,2.5,True,0.8178189236777474,0.9,model,1.2428621574445806,True
2026-05-10,Burnley v Aston Villa,Corner kicks,ALL,3.5,True,0.7728131276425164,0.7,model,1.3001745857910894,True
2026-05-10,Burnley v Aston Villa,Shots on target,1ST,0.5,True,0.7197623983553707,0.8,model,1.3893473766967563,True
2026-05-10,Burnley v Aston Villa,Total shots,2ND,5.5,True,0.8582020195195649,0.7666666666666667,model,1.177486139102259,True
2026-05-10,Burnley v Aston Villa,Shots on target,2ND,1.5,True,0.7497315135987785,0.8,model,1.3512480473091513,True
2026-05-10,Burnley v Aston Villa,Yellow cards,2ND,0.5,True,0.7553935256598886,0.7857142857142857,model,1.3405542520921654,True
2026-05-10,West Ham United v Arsenal,Throw-ins,ALL,16.5,True,0.6664244683551339,0.75,model,1.5096346553189754,True
2026-05-10,West Ham United v Arsenal,Goal kicks,ALL,7.5,True,0.6616855349675741,0.7142857142857143,model,1.5214808950364398,True
2026-05-10,West Ham United v Arsenal,Goal kicks,ALL,7.5,False,0.7151320277046936,0.6785714285714286,model,1.406027638864905,True
2026-05-10,West Ham United v Arsenal,Shots on target,1ST,0.5,True,0.7953243559526402,0.8928571428571429,model,1.2693985367733212,True
2026-05-10,West Ham United v Arsenal,Fouls,1ST,4.5,True,0.7098669151175099,0.7037037037037037,model,1.415829381074035,True
2026-05-10,West Ham United v Arsenal,Goal kicks,1ST,2.5,True,0.7346067524697558,0.7142857142857143,model,1.3612725402237174,True
2026-05-10,West Ham United v Arsenal,Total shots,2ND,5.5,True,0.7873141090860355,0.8928571428571429,model,1.2818966001635441,False
2026-05-10,West Ham United v Arsenal,Shots on target,2ND,1.5,True,0.809558903069024,0.8214285714285714,model,1.2570084016739895,True
2026-05-10,West Ham United v Arsenal,Throw-ins,2ND,7.5,True,0.6654256699460821,0.8928571428571429,model,1.512177698065614,True
2026-05-10,West Ham United v Arsenal,Throw-ins,2ND,8.5,True,0.5898310562303137,0.75,model,1.70243377880747,True
2026-05-10,West Ham United v Arsenal,Throw-ins,2ND,7.5,True,0.6925896518325081,0.75,model,1.443856398018829,True
2026-05-10,West Ham United v Arsenal,Yellow cards,2ND,0.5,True,0.6777561537806089,0.7142857142857143,model,1.475456909423654,True
2026-05-11,Tottenham Hotspur v Leeds United,Total shots,ALL,11.5,True,0.5416889235084442,0.6875,model,1.8515967422588029,True
2026-05-11,Tottenham Hotspur v Leeds United,Offsides,ALL,0.5,True,0.8274759963900518,0.9333333333333333,model,1.2245902379703866,True
2026-05-11,Tottenham Hotspur v Leeds United,Offsides,ALL,0.5,True,0.6946273356705742,0.7333333333333333,model,1.4587732486685863,True
2026-05-11,Tottenham Hotspur v Leeds United,Throw-ins,ALL,17.5,True,0.8090919752528101,0.78125,model,1.2494123278371123,True
2026-05-11,Tottenham Hotspur v Leeds United,Goal kicks,1ST,2.5,True,0.6944579179868186,0.71875,model,1.4501851874104776,True
2026-05-11,Tottenham Hotspur v Leeds United,Offsides,2ND,0.5,True,0.7211928040252321,0.8333333333333334,model,1.4163504719680715,False
2026-05-11,Tottenham Hotspur v Leeds United,Yellow cards,2ND,0.5,True,0.6511168340354853,0.7419354838709677,model,1.5612358766315846,True
2026-05-11,Tottenham Hotspur v Leeds United,Free kicks,2ND,4.5,True,0.6656592289202456,0.6875,model,1.512883415405807,False
2026-05-13,Manchester City v Crystal Palace,Total shots,ALL,12.5,False,0.8300749062275038,0.84,model,1.216863047598596,True
2026-05-13,Manchester City v Crystal Palace,Total shots,ALL,13.5,False,0.8728112297938658,0.88,model,1.157802424234911,True
2026-05-13,Manchester City v Crystal Palace,Shots on target,ALL,3.5,True,0.8359463159291817,0.8,model,1.2058825116760887,True
2026-05-13,Manchester City v Crystal Palace,Corner kicks,ALL,4.5,True,0.7908883735736137,0.76,model,1.2754007513020078,True
2026-05-13,Manchester City v Crystal Palace,Fouls,ALL,9.5,True,0.705510406089782,0.8,model,1.4286588590609197,False
2026-05-13,Manchester City v Crystal Palace,Tackles,ALL,15.5,True,0.8059517845893178,0.84,model,1.257897162441565,True
2026-05-13,Manchester City v Crystal Palace,Tackles,ALL,16.5,True,0.7653936651842477,0.8,model,1.3240358557710634,True
2026-05-13,Manchester City v Crystal Palace,Offsides,ALL,1.5,True,0.8062670129253142,0.84,model,1.27066105233997,True
2026-05-13,Manchester City v Crystal Palace,Yellow cards,ALL,1.5,True,0.7805082655008136,0.8260869565217391,model,1.3126397703017791,True
2026-05-13,Manchester City v Crystal Palace,Goal kicks,ALL,5.5,True,0.787460189115845,0.88,model,1.282636137191354,True
2026-05-13,Manchester City v Crystal Palace,Goal kicks,ALL,6.5,True,0.7059480981366676,0.76,model,1.429485576012138,True
2026-05-13,Manchester City v Crystal Palace,Total shots,1ST,4.5,False,0.7279108814485158,0.76,model,1.3791565496197329,True
2026-05-13,Manchester City v Crystal Palace,Total shots,1ST,5.5,False,0.7959875996785898,0.84,model,1.2645351809776644,True
2026-05-13,Manchester City v Crystal Palace,Shots on target,1ST,1.5,True,0.8392460735262239,0.88,model,1.1968048619400156,True
2026-05-13,Manchester City v Crystal Palace,Offsides,1ST,0.5,True,0.8029610174321631,0.84,model,1.2743353571480664,True
2026-05-13,Manchester City v Crystal Palace,Throw-ins,1ST,6.5,True,0.6931704413471255,0.76,model,1.4612421160389282,True
2026-05-13,Manchester City v Crystal Palace,Goal kicks,1ST,1.5,True,0.8352317622592245,0.92,model,1.219423801643092,True
2026-05-13,Manchester City v Crystal Palace,Tackles,2ND,7.5,True,0.8060985013341659,0.8,model,1.2571664905406263,True
2026-05-13,Manchester City v Crystal Palace,Tackles,2ND,8.5,True,0.7491307790986202,0.76,model,1.3521874029546284,True
2026-05-13,Manchester City v Crystal Palace,Yellow cards,2ND,0.5,True,0.7535269876003012,0.8260869565217391,model,1.3270924816968033,True
2026-05-13,Manchester City v Crystal Palace,Goal kicks,2ND,2.5,True,0.5934412472534234,0.76,model,1.6981902779544518,True
2026-05-13,Manchester City v Crystal Palace,Goal kicks,2ND,2.5,True,0.7323922715526953,0.88,model,1.3794431976876471,True
2026-05-15,Aston Villa v Liverpool FC,Shots on target,ALL,3.5,True,0.6972418762069528,0.7241379310344828,model,1.4342225189342812,True
2026-05-15,Aston Villa v Liverpool FC,Tackles,ALL,13.5,True,0.631510059290411,0.7241379310344828,model,1.5917460927987026,False
2026-05-15,Aston Villa v Liverpool FC,Offsides,ALL,0.5,True,0.838479636911792,0.9285714285714286,model,1.2168892315913813,True
2026-05-15,Aston Villa v Liverpool FC,Yellow cards,ALL,0.5,True,0.7432901547294035,0.8620689655172413,model,1.3618851477959246,True
2026-05-15,Aston Villa v Liverpool FC,Yellow cards,ALL,0.5,True,0.757064182011942,0.8620689655172413,model,1.3385905754458258,True
2026-05-15,Aston Villa v Liverpool FC,Free kicks,ALL,11.5,False,0.6981405767507615,0.7241379310344828,model,1.4380992476621428,False
2026-05-15,Aston Villa v Liverpool FC,Fouls,1ST,4.5,True,0.6828764850454301,0.7241379310344828,model,1.4864217648210523,False
2026-05-15,Aston Villa v Liverpool FC,Tackles,1ST,5.5,True,0.6562006360515549,0.8275862068965517,model,1.5332237079817084,True
2026-05-15,Aston Villa v Liverpool FC,Free kicks,1ST,4.5,True,0.7007752718312218,0.7241379310344828,model,1.4386376890845853,False
2026-05-15,Aston Villa v Liverpool FC,Shots on target,2ND,1.5,True,0.6412542520914501,0.7931034482758621,model,1.5739895905323333,True
2026-05-15,Aston Villa v Liverpool FC,Corner kicks,2ND,1.5,True,0.6886752976402735,0.7586206896551724,model,1.4708649143672035,True
2026-05-15,Aston Villa v Liverpool FC,Yellow cards,2ND,0.5,True,0.7078328033214691,0.7241379310344828,model,1.4314537363592674,True
2026-05-15,Aston Villa v Liverpool FC,Yellow cards,2ND,0.5,True,0.7255989087869625,0.7241379310344828,model,1.3984474686137731,True
2026-05-17,Manchester United v Nottingham Forest,Total shots,ALL,12.5,False,0.6615783724296618,0.6875,model,1.511536715336502,True
2026-05-17,Manchester United v Nottingham Forest,Total shots,ALL,13.5,False,0.7198051746308299,0.78125,model,1.3892648111523718,True
2026-05-17,Manchester United v Nottingham Forest,Fouls,ALL,9.5,True,0.6118369918949348,0.75,model,1.6414182675753564,True
2026-05-17,Manchester United v Nottingham Forest,Offsides,ALL,0.5,True,0.7210589237524234,0.84375,model,1.4035892714839242,True
2026-05-17,Manchester United v Nottingham Forest,Goal kicks,ALL,6.5,True,0.7364932681827497,0.8125,model,1.3723406993854597,True
2026-05-17,Manchester United v Nottingham Forest,Goal kicks,1ST,2.5,True,0.6857379531642748,0.8125,model,1.4737457553412148,True
2026-05-17,Manchester United v Nottingham Forest,Fouls,2ND,4.5,True,0.7287462525091177,0.8214285714285714,model,1.3786428385790672,True
2026-05-17,Manchester United v Nottingham Forest,Offsides,2ND,0.5,True,0.5546947280855149,0.71875,model,1.8448551956014203,False
2026-05-17,Manchester United v Nottingham Forest,Yellow cards,2ND,0.5,True,0.6784336504006315,0.84375,model,1.491275636196607,True
2026-05-17,Manchester United v Nottingham Forest,Goal kicks,2ND,3.5,True,0.7483984314199934,0.71875,model,1.3477033787884265,True
2026-05-17,Leeds United v Brighton & Hove Albion,Corner kicks,ALL,3.5,True,0.6739381326385798,0.8055555555555556,model,1.4929497039437916,True
2026-05-17,Leeds United v Brighton & Hove Albion,Fouls,ALL,10.5,False,0.6167969909600458,0.6944444444444444,model,1.6228401272201753,True
2026-05-17,Leeds United v Brighton & Hove Albion,Fouls,ALL,10.5,True,0.7149972736296393,0.7222222222222222,model,1.4073531459127342,False
2026-05-17,Leeds United v Brighton & Hove Albion,Offsides,ALL,0.5,True,0.804805770522972,0.8611111111111112,model,1.2606447292839067,True
2026-05-17,Leeds United v Brighton & Hove Albion,Free kicks,ALL,9.5,True,0.7532289104407194,0.7777777777777778,model,1.3395437940420154,False
2026-05-17,Leeds United v Brighton & Hove Albion,Free kicks,ALL,10.5,True,0.6919463843121371,0.7222222222222222,model,1.456687011724862,False
2026-05-17,Leeds United v Brighton & Hove Albion,Total shots,1ST,5.5,True,0.6334998671954865,0.7222222222222222,model,1.5904277644161717,False
2026-05-17,Leeds United v Brighton & Hove Albion,Corner kicks,1ST,1.5,True,0.6742945680059081,0.7777777777777778,model,1.4934152521728987,True
2026-05-17,Leeds United v Brighton & Hove Albion,Fouls,1ST,4.5,True,0.7450661970000378,0.75,model,1.3535971265108275,False
2026-05-17,Leeds United v Brighton & Hove Albion,Free kicks,1ST,4.5,True,0.7484390588665722,0.75,model,1.3466032007920195,False
2026-05-17,Leeds United v Brighton & Hove Albion,Free kicks,1ST,5.5,True,0.6514715478618914,0.6666666666666666,model,1.5447546017394163,False
2026-05-17,Leeds United v Brighton & Hove Albion,Goal kicks,1ST,2.5,True,0.7456939539658602,0.8055555555555556,model,1.3559939880374647,True
2026-05-17,Leeds United v Brighton & Hove Albion,Corner kicks,2ND,1.5,True,0.6385125505023828,0.7222222222222222,model,1.5741192841773783,True
2026-05-17,Leeds United v Brighton & Hove Albion,Yellow cards,2ND,0.5,True,0.6631792280637399,0.7777777777777778,model,1.5204469795744517,False
2026-05-17,Leeds United v Brighton & Hove Albion,Free kicks,2ND,4.5,True,0.701366723884485,0.6944444444444444,model,1.4395403667149171,False
2026-05-17,Brentford v Crystal Palace,Total shots,ALL,9.5,True,0.6132311119053032,0.7096774193548387,model,1.6384037384834338,True
2026-05-17,Brentford v Crystal Palace,Shots on target,ALL,2.5,True,0.7246481866177479,0.7419354838709677,model,1.3925303787241377,True
2026-05-17,Brentford v Crystal Palace,Shots on target,ALL,2.5,True,0.5963312154328384,0.6774193548387096,model,1.696727642201646,True
2026-05-17,Brentford v Crystal Palace,Tackles,ALL,14.5,True,0.6990261319813876,0.7096774193548387,model,1.44392458659248,True
2026-05-17,Brentford v Crystal Palace,Yellow cards,ALL,1.5,True,0.7201005467106797,0.8928571428571429,model,1.3886949601244751,True
2026-05-17,Brentford v Crystal Palace,Goal kicks,ALL,6.5,True,0.6349882497082627,0.8064516129032258,model,1.5839871735840154,True
2026-05-17,Brentford v Crystal Palace,Total shots,1ST,3.5,True,0.6972418762069528,0.7096774193548387,model,1.452244464074676,False
2026-05-17,Brentford v Crystal Palace,Shots on target,1ST,0.5,True,0.8247583650727052,0.967741935483871,model,1.2217154682899605,True
2026-05-17,Brentford v Crystal Palace,Shots on target,1ST,0.5,True,0.7028061568682054,0.8387096774193549,model,1.439130085165676,True
2026-05-17,Brentford v Crystal Palace,Yellow cards,1ST,0.5,False,0.6481186275182534,0.7857142857142857,model,1.5429274172062526,True
2026-05-17,Brentford v Crystal Palace,Total shots,2ND,5.5,True,0.5399925782035301,0.6774193548387096,model,1.8569249958858687,True
2026-05-17,Brentford v Crystal Palace,Yellow cards,2ND,0.5,True,0.6760873689936416,0.8214285714285714,model,1.4790987760775702,True
2026-05-17,Brentford v Crystal Palace,Yellow cards,2ND,0.5,True,0.7345697459149029,0.8214285714285714,model,1.395679545354431,True
2026-05-17,Everton v Sunderland,Total shots,ALL,10.5,True,0.7865087033679948,0.8333333333333334,model,1.2817902949196196,False
2026-05-17,Everton v Sunderland,Shots on target,ALL,2.5,True,0.7337383613487827,0.8333333333333334,model,1.3815499479263917,True
2026-05-17,Everton v Sunderland,Corner kicks,ALL,2.5,True,0.7395934813846541,0.8333333333333334,model,1.364712878319356,True
2026-05-17,Everton v Sunderland,Corner kicks,ALL,2.5,True,0.6954194166845171,0.8333333333333334,model,1.4529885249478023,False
2026-05-17,Everton v Sunderland,Offsides,ALL,0.5,True,0.6401606071131889,0.6666666666666666,model,1.5804200034912175,False
2026-05-17,Everton v Sunderland,Offsides,ALL,0.5,True,0.6839898443450212,0.7878787878787878,model,1.4703890103335626,True
2026-05-17,Everton v Sunderland,Yellow cards,ALL,1.5,True,0.6242208169402519,0.7142857142857143,model,1.6019971985261687,False
2026-05-17,Everton v Sunderland,Goal kicks,ALL,7.5,False,0.6173173640761358,0.6944444444444444,model,1.61991231446499,True
2026-05-17,Everton v Sunderland,Total shots,1ST,3.5,True,0.713865528945401,0.75,model,1.4158739298032923,True
2026-05-17,Everton v Sunderland,Shots on target,1ST,0.5,True,0.7481852844523373,0.7777777777777778,model,1.3365673193265062,True
2026-05-17,Everton v Sunderland,Shots on target,1ST,0.5,True,0.6884016213295184,0.8333333333333334,model,1.4646681953887781,False
2026-05-17,Everton v Sunderland,Free kicks,1ST,4.5,True,0.6139532536029698,0.7222222222222222,model,1.6385549859709738,False
2026-05-17,Everton v Sunderland,Total shots,2ND,5.5,True,0.7777903087980882,0.8055555555555556,model,1.2856935715042404,False
2026-05-17,Everton v Sunderland,Shots on target,2ND,1.5,True,0.6742217383255288,0.75,model,1.4947763925611746,False
2026-05-17,Everton v Sunderland,Corner kicks,2ND,1.5,True,0.669467356278794,0.7777777777777778,model,1.5081843113269084,False
2026-05-17,Everton v Sunderland,Tackles,2ND,8.5,True,0.5868259602747363,0.6666666666666666,model,1.7113788451293466,False
2026-05-17,Everton v Sunderland,Yellow cards,2ND,0.5,True,0.6988382184768355,0.6857142857142857,model,1.455102509222424,True
2026-05-17,Everton v Sunderland,Yellow cards,2ND,0.5,True,0.7059226226223333,0.7428571428571429,model,1.430371195667919,False
2026-05-17,Wolverhampton v Fulham,Shots on target,ALL,2.5,True,0.6643318634229977,0.7428571428571429,model,1.5257560623220603,True
2026-05-17,Wolverhampton v Fulham,Offsides,ALL,0.5,True,0.7309349112675178,0.8857142857142857,model,1.37826034469592,True
2026-05-17,Wolverhampton v Fulham,Shots on target,1ST,0.5,True,0.783877626254378,0.7714285714285715,model,1.286980937478893,True
2026-05-17,Wolverhampton v Fulham,Corner kicks,1ST,0.5,True,0.7519861215581778,0.8857142857142857,model,1.3520107267002872,True
2026-05-17,Wolverhampton v Fulham,Corner kicks,1ST,0.5,True,0.8753964288976023,0.9714285714285714,model,1.1490050687517241,True
2026-05-17,Wolverhampton v Fulham,Shots on target,2ND,1.5,True,0.5837911808044559,0.6857142857142857,model,1.7129412585884123,False
2026-05-17,Wolverhampton v Fulham,Fouls,2ND,5.5,False,0.58310771121454,0.7333333333333333,model,1.7149490235982745,True
2026-05-17,Newcastle United v West Ham United,Total shots,ALL,11.5,True,0.8978007406828075,0.8387096774193549,model,1.1233809548365665,True
2026-05-17,Newcastle United v West Ham United,Shots on target,ALL,3.5,True,0.8571958246150978,0.9354838709677419,model,1.1749372185445577,True
2026-05-17,Newcastle United v West Ham United,Shots on target,ALL,4.5,True,0.7681343544368154,0.7741935483870968,model,1.3118058839020017,True
2026-05-17,Newcastle United v West Ham United,Corner kicks,ALL,4.5,True,0.7691572924645037,0.7419354838709677,model,1.3179236790053324,True
2026-05-17,Newcastle United v West Ham United,Fouls,ALL,9.5,True,0.8111339036171307,0.8387096774193549,model,1.2417252725631356,True
2026-05-17,Newcastle United v West Ham United,Offsides,ALL,0.5,True,0.6754089774344181,0.8620689655172413,model,1.4925976560330876,True
2026-05-17,Newcastle United v West Ham United,Total shots,1ST,4.5,True,0.8834618465379191,0.8387096774193549,model,1.1428401643635813,True
2026-05-17,Newcastle United v West Ham United,Shots on target,1ST,1.5,True,0.8318602250297568,0.8709677419354839,model,1.2135898567550558,True
2026-05-17,Newcastle United v West Ham United,Corner kicks,1ST,1.5,True,0.8382617469151767,0.8387096774193549,model,1.216876515744542,True
2026-05-17,Newcastle United v West Ham United,Fouls,1ST,4.5,True,0.740903956833317,0.7142857142857143,model,1.3639078079847784,False
2026-05-17,Newcastle United v West Ham United,Total shots,2ND,5.5,True,0.8212844650309267,0.8064516129032258,model,1.2337001051023062,True
2026-05-17,Newcastle United v West Ham United,Total shots,2ND,6.5,True,0.7544020436028257,0.7096774193548387,model,1.3428509131653494,True
2026-05-17,Newcastle United v West Ham United,Shots on target,2ND,1.5,True,0.7328810827526123,0.8064516129032258,model,1.3861228529935632,True
2026-05-17,Newcastle United v West Ham United,Corner kicks,2ND,1.5,True,0.7451315837806889,0.8387096774193549,model,1.3593659854709839,True
2026-05-17,Newcastle United v West Ham United,Fouls,2ND,4.5,True,0.5851417074319138,0.7857142857142857,model,1.7172012661390916,False
2026-05-17,Newcastle United v West Ham United,Fouls,2ND,4.5,True,0.8055817174238616,0.8214285714285714,model,1.2515549759770468,True
2026-05-17,Newcastle United v West Ham United,Yellow cards,2ND,0.5,True,0.7038551395355157,0.7419354838709677,model,1.4341523503224263,True
2026-05-17,Newcastle United v West Ham United,Yellow cards,2ND,0.5,True,0.7909995283265642,0.8709677419354839,model,1.277445946496696,True
2026-05-18,Arsenal v Burnley,Total shots,ALL,10.5,True,0.936032928835827,0.9354838709677419,model,1.0797452603838584,True
2026-05-18,Arsenal v Burnley,Total shots,ALL,11.5,True,0.910910217108431,0.9032258064516129,model,1.1114596818365816,True
2026-05-18,Arsenal v Burnley,Total shots,ALL,9.5,False,0.8129433066728565,0.7419354838709677,model,1.2364978868006093,True
2026-05-18,Arsenal v Burnley,Total shots,ALL,10.5,False,0.8574476131599832,0.8064516129032258,model,1.1728597325822552,True
2026-05-18,Arsenal v Burnley,Shots on target,ALL,3.5,True,0.8587237077202933,0.8387096774193549,model,1.1782058415473382,False
2026-05-18,Arsenal v Burnley,Shots on target,ALL,3.5,False,0.7982597791377432,0.8387096774193549,model,1.2570550932067477,True
2026-05-18,Arsenal v Burnley,Corner kicks,ALL,3.5,True,0.7911367510203982,0.8709677419354839,model,1.2812845330043983,False
2026-05-18,Arsenal v Burnley,Yellow cards,ALL,1.5,True,0.6269435486055199,0.7241379310344828,model,1.605873293421757,True
2026-05-18,Arsenal v Burnley,Goal kicks,ALL,6.5,False,0.8046979121357731,0.7419354838709677,model,1.250796036765566,True
2026-05-18,Arsenal v Burnley,Goal kicks,ALL,7.5,False,0.8619994678262143,0.7741935483870968,model,1.1687901306372386,True
2026-05-18,Arsenal v Burnley,Goal kicks,ALL,7.5,True,0.7991957062585022,0.8064516129032258,model,1.265044843859537,True
2026-05-18,Arsenal v Burnley,Total shots,1ST,4.5,True,0.8633679397669886,0.8709677419354839,model,1.1748227514442993,True
2026-05-18,Arsenal v Burnley,Total shots,1ST,5.5,True,0.8071933656521704,0.8064516129032258,model,1.2577577206875814,True
2026-05-18,Arsenal v Burnley,Total shots,1ST,4.5,False,0.7884365446969247,0.7419354838709677,model,1.2732932823525305,True
2026-05-18,Arsenal v Burnley,Shots on target,1ST,0.5,True,0.9354838709677419,0.9354838709677419,record,1.2613360737883414,True
2026-05-18,Arsenal v Burnley,Shots on target,1ST,1.5,True,0.7096774193548387,0.7096774193548387,record,1.8724018069519859,True
2026-05-18,Arsenal v Burnley,Corner kicks,1ST,1.5,True,0.8037214611749339,0.8387096774193549,model,1.256790002414515,True
2026-05-18,Arsenal v Burnley,Free kicks,1ST,4.5,True,0.6785932921317775,0.7741935483870968,model,1.4811434877927903,True
2026-05-18,Arsenal v Burnley,Goal kicks,1ST,2.5,False,0.7071477687439733,0.7419354838709677,model,1.4174023166346799,True
2026-05-18,Arsenal v Burnley,Goal kicks,1ST,3.5,False,0.8231509023051489,0.8387096774193549,model,1.222810204368801,True
2026-05-18,Arsenal v Burnley,Goal kicks,1ST,3.5,True,0.8227836191027307,0.7741935483870968,model,1.2263881819151397,True
2026-05-18,Arsenal v Burnley,Total shots,2ND,5.5,True,0.8553348794475324,0.8709677419354839,model,1.1868249576955656,False
2026-05-18,Arsenal v Burnley,Total shots,2ND,6.5,True,0.8003012890859822,0.8709677419354839,model,1.2693053579605782,False
2026-05-18,Arsenal v Burnley,Total shots,2ND,5.5,False,0.7910915601840558,0.7419354838709677,model,1.2704605701904368,True
2026-05-18,Arsenal v Burnley,Shots on target,2ND,1.5,True,0.83551131016252,0.8709677419354839,model,1.2093655218620807,False
2026-05-18,Arsenal v Burnley,Corner kicks,2ND,1.5,True,0.7060561613116823,0.8064516129032258,model,1.432470976340388,False
2026-05-18,Arsenal v Burnley,Tackles,2ND,7.5,True,0.6008866236835704,0.6774193548387096,model,1.6740099733614633,True
2026-05-18,Arsenal v Burnley,Yellow cards,2ND,0.5,True,0.6735647551022667,0.7931034482758621,model,1.4990470756156744,True
2026-05-18,Arsenal v Burnley,Free kicks,2ND,4.5,True,0.5271444215012611,0.6774193548387096,model,1.8970133405795848,True
2026-05-19,Bournemouth v Manchester City,Yellow cards,2ND,0.5,True,0.663883836853507,0.7419354838709677,model,1.5191929746519124,True
2026-05-19,Chelsea v Tottenham Hotspur,Total shots,ALL,11.5,True,0.7231618025505655,0.7666666666666667,model,1.3961028048633288,False
2026-05-19,Chelsea v Tottenham Hotspur,Total shots,ALL,11.5,False,0.7298475624204005,0.7333333333333333,model,1.377321175441311,True
2026-05-19,Chelsea v Tottenham Hotspur,Offsides,ALL,0.5,True,0.7477559493599566,0.8461538461538461,model,1.3529956051265417,True
2026-05-19,Chelsea v Tottenham Hotspur,Free kicks,ALL,10.5,True,0.7520432249993081,0.7,model,1.339058412348044,True
2026-05-19,Chelsea v Tottenham Hotspur,Goal kicks,ALL,6.5,True,0.712437076516632,0.9,model,1.4163605074493415,False
2026-05-19,Chelsea v Tottenham Hotspur,Goal kicks,ALL,7.5,True,0.647271880596912,0.7666666666666667,model,1.5566413506478698,False
2026-05-19,Chelsea v Tottenham Hotspur,Goal kicks,1ST,2.5,True,0.7172997825815748,0.8666666666666667,model,1.4083368194887376,True
2026-05-19,Chelsea v Tottenham Hotspur,Total shots,2ND,5.5,True,0.7236672824364264,0.8666666666666667,model,1.3958388231685792,False
2026-05-19,Chelsea v Tottenham Hotspur,Total shots,2ND,6.5,True,0.6507720317644552,0.7333333333333333,model,1.5496140438236217,False
2026-05-19,Chelsea v Tottenham Hotspur,Corner kicks,2ND,1.5,True,0.7743843365895474,0.8,model,1.3021992309855903,False
2026-05-19,Chelsea v Tottenham Hotspur,Offsides,2ND,0.5,True,0.6522299184361957,0.6923076923076923,model,1.5511982448936263,True
2026-05-19,Chelsea v Tottenham Hotspur,Goal kicks,2ND,2.5,True,0.7536858630572221,0.8666666666666667,model,1.33843010730594,False
2026-05-19,Chelsea v Tottenham Hotspur,Goal kicks,2ND,3.5,True,0.6500153797870465,0.7,model,1.5498824787217615,False
2026-05-24,Manchester City v Aston Villa,Total shots,ALL,14.5,False,0.8565813485405386,0.9285714285714286,model,1.1764344400336906,True
2026-05-24,Manchester City v Aston Villa,Corner kicks,ALL,5.5,False,0.7707765621223369,0.7857142857142857,model,1.3072828117002826,True
2026-05-24,Manchester City v Aston Villa,Yellow cards,ALL,1.5,True,0.6311895239427935,0.7142857142857143,model,1.6044271201398794,False
2026-05-24,Manchester City v Aston Villa,Goal kicks,ALL,5.5,True,0.817862260797144,0.9642857142857143,model,1.2391663527361443,True
2026-05-24,Manchester City v Aston Villa,Goal kicks,ALL,6.5,True,0.7475059448322992,0.8571428571428571,model,1.3553993454977087,True
2026-05-24,Manchester City v Aston Villa,Total shots,1ST,5.5,False,0.7675811902808821,0.8214285714285714,model,1.308807752361742,True
2026-05-24,Manchester City v Aston Villa,Shots on target,1ST,1.5,True,0.8556787765253374,0.8571428571428571,model,1.1750496080705632,True
2026-05-24,Manchester City v Aston Villa,Goal kicks,1ST,2.5,True,0.7583662324049503,0.8571428571428571,model,1.332750961534043,True
2026-05-24,Manchester City v Aston Villa,Yellow cards,2ND,0.5,True,0.7191047782511395,0.7857142857142857,model,1.4029897783859215,False
2026-05-24,Manchester City v Aston Villa,Goal kicks,2ND,2.5,True,0.7363368240277107,0.8214285714285714,model,1.3580741413013548,True
2026-05-24,Crystal Palace v Arsenal,Throw-ins,ALL,16.5,True,0.5979949124833303,0.8148148148148148,model,1.6795834655672752,False
2026-05-24,Crystal Palace v Arsenal,Throw-ins,1ST,6.5,True,0.6771454245202858,0.7037037037037037,model,1.4949461487577211,True
2026-05-24,Crystal Palace v Arsenal,Shots on target,2ND,1.5,True,0.7181533820736962,0.7407407407407407,model,1.407136030061674,True
2026-05-24,Crystal Palace v Arsenal,Throw-ins,2ND,8.5,True,0.6343882544702215,0.7777777777777778,model,1.5763217445365556,False
2026-05-24,Crystal Palace v Arsenal,Goal kicks,2ND,2.5,True,0.6448762527224973,0.8148148148148148,model,1.5689736933438296,True
2026-05-24,Brighton & Hove Albion v Manchester United,Corner kicks,ALL,3.5,True,0.6991091956619905,0.7777777777777778,model,1.4417741131819721,False
2026-05-24,Brighton & Hove Albion v Manchester United,Corner kicks,ALL,3.5,True,0.616592885511401,0.6944444444444444,model,1.6322797625044911,False
2026-05-24,Brighton & Hove Albion v Manchester United,Offsides,ALL,0.5,True,0.7825375743864992,0.8857142857142857,model,1.2938191442301354,True
2026-05-24,Brighton & Hove Albion v Manchester United,Free kicks,ALL,9.5,True,0.7129496049887722,0.7222222222222222,model,1.4107947603720763,True
2026-05-24,Brighton & Hove Albion v Manchester United,Corner kicks,1ST,1.5,True,0.6326285619776569,0.6944444444444444,model,1.580706373537586,False
2026-05-24,Brighton & Hove Albion v Manchester United,Corner kicks,1ST,1.5,True,0.702702627785481,0.75,model,1.4230770747953956,False
2026-05-24,Brighton & Hove Albion v Manchester United,Fouls,1ST,4.5,True,0.7551974340677393,0.6774193548387096,model,1.3334514503186974,True
2026-05-24,Brighton & Hove Albion v Manchester United,Free kicks,1ST,4.5,True,0.7255858790786526,0.6944444444444444,model,1.3872585338923349,True
2026-05-24,Brighton & Hove Albion v Manchester United,Goal kicks,1ST,2.5,True,0.6169427658555064,0.6666666666666666,model,1.631219572016906,True
2026-05-24,Brighton & Hove Albion v Manchester United,Goal kicks,1ST,2.5,True,0.7706126738271772,0.7777777777777778,model,1.3081209206635194,True
2026-05-24,Brighton & Hove Albion v Manchester United,Corner kicks,2ND,1.5,True,0.7045338611454196,0.7222222222222222,model,1.4343689849795542,False
2026-05-24,Brighton & Hove Albion v Manchester United,Yellow cards,2ND,0.5,True,0.6979001837092647,0.7428571428571429,model,1.4477505540788784,False
2026-05-24,Brighton & Hove Albion v Manchester United,Yellow cards,2ND,0.5,True,0.7094933961450749,0.8,model,1.4192741581110604,False
2026-05-24,Liverpool FC v Brentford,Total shots,ALL,11.5,True,0.794329453454967,0.7575757575757576,model,1.2728587233742223,True
2026-05-24,Liverpool FC v Brentford,Yellow cards,ALL,1.5,True,0.6733121494054011,0.7419354838709677,model,1.4921227835941693,True
2026-05-24,Liverpool FC v Brentford,Total shots,1ST,4.5,True,0.8173596690105093,0.7878787878787878,model,1.2354614776512607,True
2026-05-24,Liverpool FC v Brentford,Corner kicks,1ST,1.5,True,0.7461473945909817,0.7878787878787878,model,1.359336341347028,True
2026-05-24,Liverpool FC v Brentford,Tackles,1ST,5.5,True,0.6194483064177516,0.7575757575757576,model,1.6236177164436667,True
2026-05-24,Liverpool FC v Brentford,Tackles,1ST,6.5,True,0.5490791992062212,0.696969696969697,model,1.8276831034187162,False
2026-05-24,Liverpool FC v Brentford,Free kicks,1ST,3.5,True,0.622355709306713,0.7575757575757576,model,1.6156713169234245,False
2026-05-24,Liverpool FC v Brentford,Goal kicks,1ST,2.5,True,0.7431683740274114,0.8484848484848485,model,1.3455900909517382,True
2026-05-24,Liverpool FC v Brentford,Goal kicks,1ST,3.5,True,0.6341573741965745,0.696969696969697,model,1.5768956424529765,True
2026-05-24,Liverpool FC v Brentford,Total shots,2ND,5.5,True,0.7402756929685306,0.7272727272727273,model,1.3657281159101986,True
2026-05-24,Liverpool FC v Brentford,Corner kicks,2ND,1.5,True,0.6374095369680388,0.7272727272727273,model,1.5806946681719007,False
2026-05-24,Liverpool FC v Brentford,Fouls,2ND,4.5,True,0.6541225360506554,0.7666666666666667,model,1.5287655521511643,True
2026-05-24,Liverpool FC v Brentford,Offsides,2ND,0.5,True,0.645458229874662,0.71875,model,1.56626640289043,False
2026-05-24,Liverpool FC v Brentford,Yellow cards,2ND,0.5,True,0.6567931055337356,0.7096774193548387,model,1.5357318187031734,True
2026-05-24,Liverpool FC v Brentford,Yellow cards,2ND,0.5,True,0.7772384596635594,0.8709677419354839,model,1.3010419365136034,True
2026-05-24,Liverpool FC v Brentford,Goal kicks,2ND,2.5,True,0.7530836159142227,0.9090909090909091,model,1.3418868688121681,True
2026-05-24,Tottenham Hotspur v Everton,Total shots,ALL,10.5,True,0.7088933323080359,0.7941176470588235,model,1.4241767768945783,True
2026-05-24,Tottenham Hotspur v Everton,Total shots,ALL,11.5,True,0.6553629430758536,0.7352941176470589,model,1.5382587215495285,True
2026-05-24,Tottenham Hotspur v Everton,Shots on target,ALL,2.5,True,0.7352212880707368,0.8235294117647058,model,1.3698375763997452,False
2026-05-24,Tottenham Hotspur v Everton,Shots on target,ALL,2.5,True,0.6311233759281297,0.7352941176470589,model,1.5844762500349483,False
2026-05-24,Tottenham Hotspur v Everton,Corner kicks,ALL,3.5,True,0.6921481840028739,0.7352941176470589,model,1.459051282564729,True
2026-05-24,Tottenham Hotspur v Everton,Corner kicks,ALL,4.5,True,0.6159066702653618,0.6764705882352942,model,1.6366539185569164,True
2026-05-24,Tottenham Hotspur v Everton,Yellow cards,ALL,2.5,False,0.5939180312296807,0.696969696969697,model,1.6837340296430212,True
2026-05-24,Tottenham Hotspur v Everton,Goal kicks,ALL,7.5,False,0.7019573170792193,0.7352941176470589,model,1.4299194015314618,True
2026-05-24,Tottenham Hotspur v Everton,Total shots,1ST,3.5,True,0.7619735787248755,0.7941176470588235,model,1.3281295674258922,True
2026-05-24,Tottenham Hotspur v Everton,Shots on target,1ST,0.5,True,0.7292524485906374,0.8235294117647058,model,1.385190273557769,True
2026-05-24,Tottenham Hotspur v Everton,Shots on target,1ST,0.5,True,0.7128731368936313,0.8529411764705882,model,1.4027741378466492,False
2026-05-24,Tottenham Hotspur v Everton,Corner kicks,1ST,1.5,True,0.6551814074296359,0.7058823529411765,model,1.5417005729086644,True
2026-05-24,Tottenham Hotspur v Everton,Goal kicks,1ST,2.5,True,0.7311197046831105,0.7647058823529411,model,1.3677650781323565,True
2026-05-24,Tottenham Hotspur v Everton,Total shots,2ND,5.5,True,0.6638114430280543,0.7352941176470589,model,1.5188064402993096,True
2026-05-24,Tottenham Hotspur v Everton,Tackles,2ND,8.5,True,0.7922966542764986,0.7352941176470589,model,1.273572338171563,True
2026-05-24,West Ham United v Leeds United,Fouls,ALL,9.5,True,0.6878097430181177,0.6857142857142857,model,1.4538904255877323,True
2026-05-24,West Ham United v Leeds United,Offsides,ALL,0.5,True,0.8032223144885339,0.8787878787878788,model,1.2658923980862788,False
2026-05-24,West Ham United v Leeds United,Offsides,ALL,0.5,True,0.6135825854247351,0.7878787878787878,model,1.6432506403050877,True
2026-05-24,West Ham United v Leeds United,Shots on target,1ST,0.5,True,0.6973128803825811,0.8571428571428571,model,1.44748285857816,True
2026-05-24,West Ham United v Leeds United,Shots on target,1ST,0.5,True,0.7630322828373215,0.8857142857142857,model,1.3241099011457798,True
2026-05-24,West Ham United v Leeds United,Shots on target,2ND,1.5,True,0.7267024848486484,0.7714285714285715,model,1.3920719926964706,True
2026-05-24,West Ham United v Leeds United,Corner kicks,2ND,1.5,True,0.7066242618992715,0.6857142857142857,model,1.42993199672657,True
2026-05-24,West Ham United v Leeds United,Offsides,2ND,0.5,True,0.7327554574313885,0.8181818181818182,model,1.3758302261948612,False
2026-05-24,West Ham United v Leeds United,Throw-ins,2ND,8.5,True,0.6895882865110924,0.8,model,1.4656463464719105,True
2026-05-24,West Ham United v Leeds United,Throw-ins,2ND,8.5,True,0.7306133817195722,0.7428571428571429,model,1.3834371211085137,True
2026-05-24,Fulham v Newcastle United,Offsides,ALL,0.5,True,0.6679995064838322,0.8620689655172413,model,1.5087410956036378,True
2026-05-24,Fulham v Newcastle United,Yellow cards,ALL,1.5,True,0.617177043102903,0.7241379310344828,model,1.633395727960746,True
2026-05-24,Fulham v Newcastle United,Corner kicks,1ST,1.5,True,0.6923670413347379,0.71875,model,1.444320628076418,True
2026-05-24,Fulham v Newcastle United,Fouls,2ND,4.5,True,0.6840192745755127,0.7666666666666667,model,1.4782851649972815,True
2026-05-24,Fulham v Newcastle United,Yellow cards,2ND,0.5,True,0.799834123190427,0.8620689655172413,model,1.260448582660585,True
2026-05-24,Fulham v Newcastle United,Yellow cards,2ND,0.5,True,0.7054704157988624,0.8620689655172413,model,1.430946352904921,True
2026-05-24,Fulham v Newcastle United,Free kicks,2ND,4.5,True,0.6630730861681626,0.78125,model,1.5217065187022576,True
2026-05-24,Sunderland v Chelsea,Shots on target,ALL,2.5,True,0.7011230372397236,0.75,model,1.4374841159671932,True
2026-05-24,Sunderland v Chelsea,Shots on target,ALL,2.5,True,0.7189267633179233,0.75,model,1.4056297550649521,True
2026-05-24,Sunderland v Chelsea,Corner kicks,ALL,3.5,True,0.6946455199320155,0.6875,model,1.4590578806836927,False
2026-05-24,Sunderland v Chelsea,Offsides,ALL,0.5,True,0.7168641531080944,0.7142857142857143,model,1.4150279823377012,True
2026-05-24,Sunderland v Chelsea,Offsides,ALL,0.5,True,0.6729616055299287,0.8214285714285714,model,1.4997831650235276,True
2026-05-24,Sunderland v Chelsea,Goal kicks,1ST,2.5,True,0.5855979161750264,0.78125,model,1.7235425222418541,True
2026-05-24,Sunderland v Chelsea,Yellow cards,2ND,0.5,True,0.6925317802398907,0.7419354838709677,model,1.4617693317647227,True
2026-05-24,Sunderland v Chelsea,Yellow cards,2ND,0.5,True,0.7633627263085351,0.7419354838709677,model,1.3266251745883448,True
2026-05-24,Nottingham Forest v Bournemouth,Corner kicks,ALL,4.5,True,0.6932282661633165,0.78125,model,1.462689169693314,True
2026-05-24,Nottingham Forest v Bournemouth,Corner kicks,1ST,2.5,False,0.6074785025482072,0.75,model,1.6461487868381708,True
2026-05-24,Nottingham Forest v Bournemouth,Fouls,1ST,4.5,True,0.6026293650111357,0.8,model,1.6713914752700623,False
2026-05-24,Nottingham Forest v Bournemouth,Free kicks,1ST,4.5,True,0.6226570915705189,0.8125,model,1.6120137590475643,False
2026-05-24,Nottingham Forest v Bournemouth,Goal kicks,1ST,2.5,True,0.6172579519480456,0.75,model,1.620068233781409,False
2026-05-24,Nottingham Forest v Bournemouth,Corner kicks,2ND,1.5,True,0.7153638096139572,0.75,model,1.4149440268359077,True
2026-05-24,Nottingham Forest v Bournemouth,Corner kicks,2ND,1.5,True,0.6365811439988893,0.78125,model,1.5870101650797566,True
2026-05-24,Burnley v Wolverhampton,Total shots,ALL,8.5,True,0.6657125091469146,0.8,model,1.5148066810465732,True
2026-05-24,Burnley v Wolverhampton,Offsides,ALL,0.5,True,0.6574377954148907,0.7575757575757576,model,1.5406994525547448,True
2026-05-24,Burnley v Wolverhampton,Free kicks,ALL,8.5,True,0.6470058490537418,0.7714285714285715,model,1.5547926266742642,True
2026-05-24,Burnley v Wolverhampton,Total shots,1ST,2.5,True,0.7884123164771232,0.8857142857142857,model,1.2806575151519295,True
2026-05-24,Burnley v Wolverhampton,Total shots,1ST,2.5,True,0.6999913823071865,0.8,model,1.4429674954367102,True
2026-05-24,Burnley v Wolverhampton,Shots on target,1ST,0.5,True,0.7305381770281396,0.8,model,1.386591760786639,True
2026-05-24,Burnley v Wolverhampton,Corner kicks,1ST,0.5,True,0.7358418974989003,0.8,model,1.376687914534671,True
2026-05-24,Burnley v Wolverhampton,Corner kicks,1ST,0.5,True,0.6659298738628943,0.8,model,1.5196109549095176,True
2026-05-24,Burnley v Wolverhampton,Free kicks,1ST,3.5,True,0.6991183589653396,0.8,model,1.4392268669062949,True
2026-05-24,Burnley v Wolverhampton,Total shots,2ND,4.5,True,0.6340592350509069,0.7142857142857143,model,1.5885256242910681,True
2026-08-21,Arsenal v Coventry City,Offsides,ALL,1.5,True,0.78125,0.78125,record,1.6327951687981097,True
2026-08-21,Arsenal v Coventry City,Yellow cards,ALL,0.5,True,0.8709677419354839,0.8709677419354839,record,1.4055358397497848,True
2026-08-21,Arsenal v Coventry City,Yellow cards,ALL,0.5,True,0.9354838709677419,0.9354838709677419,record,1.2613360737883414,True
2026-08-21,Arsenal v Coventry City,Free kicks,ALL,11.5,False,0.7272727272727273,0.7272727272727273,record,1.7926892314975515,True
2026-08-21,Arsenal v Coventry City,Goal kicks,ALL,5.5,True,0.9090909090909091,0.9090909090909091,record,1.3084371507222208,True
2026-08-21,Arsenal v Coventry City,Goal kicks,ALL,6.5,True,0.7878787878787878,0.7878787878787878,record,1.6064767381159986,False
2026-08-21,Arsenal v Coventry City,Fouls,1ST,4.5,True,0.7878787878787878,0.7878787878787878,record,1.6064767381159986,True
2026-08-21,Arsenal v Coventry City,Throw-ins,1ST,9.5,False,0.696969696969697,0.696969696969697,record,1.898918804093271,True
2026-08-21,Arsenal v Coventry City,Goal kicks,1ST,2.5,True,0.8484848484848485,0.8484848484848485,record,1.4476014554074346,True
2026-08-21,Arsenal v Coventry City,Fouls,2ND,4.5,True,0.696969696969697,0.696969696969697,record,1.898918804093271,False
2026-08-21,Arsenal v Coventry City,Offsides,2ND,0.5,True,0.8125,0.8125,record,1.5458219280708299,True
2026-08-21,Arsenal v Coventry City,Yellow cards,2ND,0.5,True,0.7741935483870968,0.7741935483870968,record,1.6614817376162228,False
2026-08-21,Arsenal v Coventry City,Goal kicks,2ND,2.5,True,0.7272727272727273,0.7272727272727273,record,1.7926892314975515,True
2026-08-22,Hull City v Manchester United,Offsides,ALL,0.5,True,0.9444444444444444,0.9444444444444444,record,1.2216720831713572,False
2026-08-22,Hull City v Manchester United,Offsides,ALL,1.5,True,0.6666666666666666,0.6666666666666666,record,1.9867406086880328,False
2026-08-22,Hull City v Manchester United,Corner kicks,1ST,1.5,True,0.7435897435897436,0.7435897435897436,record,1.6972729322656501,False
2026-08-22,Hull City v Manchester United,Fouls,1ST,4.5,True,0.6756756756756757,0.6756756756756757,record,1.9431297038130426,True
2026-08-22,Hull City v Manchester United,Free kicks,1ST,4.5,True,0.6923076923076923,0.6923076923076923,record,1.8664219927239274,True
2026-08-22,Hull City v Manchester United,Goal kicks,1ST,2.5,True,0.717948717948718,0.717948717948718,record,1.778587780564072,True
2026-08-22,Hull City v Manchester United,Goal kicks,1ST,2.5,True,0.7435897435897436,0.7435897435897436,record,1.6972729322656501,True
2026-08-22,Hull City v Manchester United,Corner kicks,2ND,1.5,True,0.7435897435897436,0.7435897435897436,record,1.6972729322656501,False
2026-08-22,Hull City v Manchester United,Offsides,2ND,0.5,True,0.6944444444444444,0.6944444444444444,record,1.8817004534979354,False
2026-08-22,Hull City v Manchester United,Yellow cards,2ND,0.5,True,0.8157894736842105,0.8157894736842105,record,1.501933777471081,True
2026-08-22,Hull City v Manchester United,Yellow cards,2ND,0.5,True,0.7631578947368421,0.7631578947368421,record,1.644929449419729,False
2026-08-22,Everton v Crystal Palace,Total shots,ALL,10.5,True,0.6319741381429811,0.696969696969697,model,1.5891788248685774,True
2026-08-22,Everton v Crystal Palace,Shots on target,ALL,2.5,True,0.7267100170254075,0.7575757575757576,model,1.3868331314993851,True
2026-08-22,Everton v Crystal Palace,Shots on target,ALL,2.5,True,0.6194042817879938,0.7878787878787878,model,1.6257373944664537,True
2026-08-22,Everton v Crystal Palace,Yellow cards,ALL,1.5,True,0.671714726460765,0.8333333333333334,model,1.4887272239347134,False
2026-08-22,Everton v Crystal Palace,Total shots,2ND,5.5,True,0.6407346161586395,0.7272727272727273,model,1.5607085598016293,True
2026-08-22,Everton v Crystal Palace,Yellow cards,2ND,0.5,True,0.5735010828153694,0.7666666666666667,model,1.7436758708299351,False
2026-08-22,Everton v Crystal Palace,Yellow cards,2ND,0.5,True,0.6341986671733317,0.8,model,1.6303680207373128,False
2026-08-22,Nottingham Forest v Leeds United,Total shots,ALL,12.5,True,0.590074611089499,0.6764705882352942,model,1.7065791433020145,False
2026-08-22,Nottingham Forest v Leeds United,Total shots,ALL,13.5,True,0.5509771006805928,0.6764705882352942,model,1.823809767065859,False
2026-08-22,Nottingham Forest v Leeds United,Corner kicks,ALL,4.5,False,0.6171741199491707,0.7941176470588235,model,1.6202882908997513,True
2026-08-22,Nottingham Forest v Leeds United,Offsides,ALL,0.5,True,0.8549590250015243,0.9375,model,1.1781902855795552,True
2026-08-22,Nottingham Forest v Leeds United,Yellow cards,ALL,0.5,True,0.6922491205686778,0.7575757575757576,model,1.4445666600175773,True
2026-08-22,Nottingham Forest v Leeds United,Yellow cards,ALL,0.5,True,0.7550837058985733,0.8484848484848485,model,1.3323895780122905,True
2026-08-22,Nottingham Forest v Leeds United,Total shots,1ST,5.5,True,0.605241087582356,0.7058823529411765,model,1.6657099157166992,False
2026-08-22,Nottingham Forest v Leeds United,Goal kicks,1ST,2.5,True,0.6551851286221351,0.7941176470588235,model,1.5359459649643912,False
2026-08-22,Nottingham Forest v Leeds United,Shots on target,2ND,1.5,True,0.6087939032122711,0.6764705882352942,model,1.6425920081057794,True
2026-08-22,Nottingham Forest v Leeds United,Corner kicks,2ND,1.5,True,0.6842505790366171,0.7352941176470589,model,1.4756276070478933,True
2026-08-22,Nottingham Forest v Leeds United,Offsides,2ND,0.5,True,0.6827749296206351,0.78125,model,1.4646114797384582,True
2026-08-22,Ipswich Town v Sunderland,Total shots,ALL,11.5,True,0.8378378378378378,0.8378378378378378,record,1.452154401434919,False
2026-08-22,Ipswich Town v Sunderland,Total shots,ALL,12.5,True,0.8378378378378378,0.8378378378378378,record,1.452154401434919,False
2026-08-22,Ipswich Town v Sunderland,Total shots,ALL,10.5,False,0.7297297297297297,0.7297297297297297,record,1.7537237180367777,False
2026-08-22,Ipswich Town v Sunderland,Total shots,ALL,11.5,False,0.8648648648648649,0.8648648648648649,record,1.3884593819130862,True
2026-08-22,Ipswich Town v Sunderland,Shots on target,ALL,3.5,True,0.918918918918919,0.918918918918919,record,1.2706640550466402,False
2026-08-22,Ipswich Town v Sunderland,Shots on target,ALL,4.5,True,0.7027027027027027,0.7027027027027027,record,1.8444548763859556,False
2026-08-22,Ipswich Town v Sunderland,Shots on target,ALL,3.5,False,0.7027027027027027,0.7027027027027027,record,1.8444548763859556,False
2026-08-22,Ipswich Town v Sunderland,Corner kicks,ALL,3.5,True,0.7837837837837838,0.7837837837837838,record,1.5922416122834404,False
2026-08-22,Ipswich Town v Sunderland,Tackles,ALL,13.5,True,0.7837837837837838,0.7837837837837838,record,1.5922416122834404,True
2026-08-22,Ipswich Town v Sunderland,Free kicks,ALL,11.5,False,0.7297297297297297,0.7297297297297297,record,1.7537237180367777,False
2026-08-22,Ipswich Town v Sunderland,Goal kicks,ALL,6.5,True,0.7837837837837838,0.7837837837837838,record,1.5922416122834404,False
2026-08-22,Ipswich Town v Sunderland,Goal kicks,ALL,7.5,True,0.7027027027027027,0.7027027027027027,record,1.8444548763859556,False
2026-08-22,Ipswich Town v Sunderland,Total shots,1ST,4.5,True,0.8648648648648649,0.8648648648648649,record,1.3884593819130862,True
2026-08-22,Ipswich Town v Sunderland,Total shots,1ST,5.5,True,0.7027027027027027,0.7027027027027027,record,1.8444548763859556,False
2026-08-22,Ipswich Town v Sunderland,Shots on target,1ST,1.5,True,0.7567567567567568,0.7567567567567568,record,1.6699398180322438,True
2026-08-22,Ipswich Town v Sunderland,Corner kicks,1ST,1.5,True,0.8108108108108109,0.8108108108108109,record,1.5198725980147174,False
2026-08-22,Ipswich Town v Sunderland,Fouls,1ST,4.5,True,0.8181818181818182,0.8181818181818182,record,1.5241246152196075,True
2026-08-22,Ipswich Town v Sunderland,Tackles,1ST,5.5,True,0.6756756756756757,0.6756756756756757,record,1.9431297038130426,True
2026-08-22,Ipswich Town v Sunderland,Offsides,1ST,0.5,True,0.7027027027027027,0.7027027027027027,record,1.8444548763859556,True
2026-08-22,Ipswich Town v Sunderland,Throw-ins,1ST,9.5,False,0.7297297297297297,0.7297297297297297,record,1.7537237180367777,False
2026-08-22,Ipswich Town v Sunderland,Goal kicks,1ST,2.5,True,0.8108108108108109,0.8108108108108109,record,1.5198725980147174,True
2026-08-22,Ipswich Town v Sunderland,Goal kicks,1ST,3.5,True,0.7297297297297297,0.7297297297297297,record,1.7537237180367777,False
2026-08-22,Ipswich Town v Sunderland,Total shots,2ND,6.5,True,0.7837837837837838,0.7837837837837838,record,1.5922416122834404,False
2026-08-22,Ipswich Town v Sunderland,Total shots,2ND,7.5,True,0.7027027027027027,0.7027027027027027,record,1.8444548763859556,False
2026-08-22,Ipswich Town v Sunderland,Total shots,2ND,6.5,False,0.7837837837837838,0.7837837837837838,record,1.5922416122834404,True
2026-08-22,Ipswich Town v Sunderland,Shots on target,2ND,1.5,True,0.7297297297297297,0.7297297297297297,record,1.7537237180367777,False
2026-08-22,Ipswich Town v Sunderland,Corner kicks,2ND,1.5,True,0.7837837837837838,0.7837837837837838,record,1.5922416122834404,True
2026-08-22,Ipswich Town v Sunderland,Fouls,2ND,4.5,True,0.7878787878787878,0.7878787878787878,record,1.6064767381159986,True
2026-08-22,Ipswich Town v Sunderland,Tackles,2ND,7.5,True,0.7297297297297297,0.7297297297297297,record,1.7537237180367777,False
2026-08-22,Ipswich Town v Sunderland,Throw-ins,2ND,8.5,True,0.7027027027027027,0.7027027027027027,record,1.8444548763859556,False
2026-08-22,Ipswich Town v Sunderland,Yellow cards,2ND,0.5,True,0.7837837837837838,0.7837837837837838,record,1.5922416122834404,False
2026-08-22,Ipswich Town v Sunderland,Yellow cards,2ND,0.5,True,0.7567567567567568,0.7567567567567568,record,1.6699398180322438,True
2026-08-22,Ipswich Town v Sunderland,Goal kicks,2ND,3.5,True,0.6756756756756757,0.6756756756756757,record,1.9431297038130426,False
2026-08-22,Brentford v Tottenham Hotspur,Offsides,ALL,0.5,True,0.7759170257080211,0.8235294117647058,model,1.3004787119740486,True
2026-08-22,Brentford v Tottenham Hotspur,Offsides,ALL,0.5,True,0.6408181654937384,0.7647058823529411,model,1.5731467500036258,True
2026-08-22,Brentford v Tottenham Hotspur,Yellow cards,ALL,1.5,True,0.7702878755090188,0.8529411764705882,model,1.3105456844279468,False
2026-08-22,Brentford v Tottenham Hotspur,Free kicks,ALL,8.5,True,0.6790234115307489,0.8055555555555556,model,1.480505308442294,True
2026-08-22,Brentford v Tottenham Hotspur,Goal kicks,ALL,7.5,True,0.5888925601481123,0.6944444444444444,model,1.707292663571695,True
2026-08-22,Brentford v Tottenham Hotspur,Total shots,1ST,3.5,True,0.6786274116868105,0.6944444444444444,model,1.4833373084987918,True
2026-08-22,Brentford v Tottenham Hotspur,Total shots,1ST,3.5,True,0.676814095176609,0.7777777777777778,model,1.4902857523988582,False
2026-08-22,Brentford v Tottenham Hotspur,Shots on target,1ST,0.5,True,0.761407239284114,0.8888888888888888,model,1.324356481524083,True
2026-08-22,Brentford v Tottenham Hotspur,Shots on target,1ST,0.5,True,0.6116026040161553,0.8055555555555556,model,1.6531565200690008,False
2026-08-22,Brentford v Tottenham Hotspur,Goal kicks,1ST,2.5,True,0.6475039779747799,0.75,model,1.555711905358748,True
2026-08-22,Brentford v Tottenham Hotspur,Total shots,2ND,5.5,True,0.6156620525165163,0.75,model,1.6328319646976441,True
2026-08-22,Brentford v Tottenham Hotspur,Corner kicks,2ND,1.5,True,0.687667918937471,0.6944444444444444,model,1.476560753746182,True
2026-08-22,Brentford v Tottenham Hotspur,Free kicks,2ND,4.5,True,0.7213886530055693,0.8055555555555556,model,1.3954928597767196,True
2026-08-23,Manchester City v Bournemouth,Total shots,ALL,13.5,True,0.7979357351331346,0.8529411764705882,model,1.2644866614710362,False
2026-08-23,Manchester City v Bournemouth,Total shots,ALL,14.5,True,0.7481347447478798,0.7647058823529411,model,1.348110997429587,False
2026-08-23,Manchester City v Bournemouth,Corner kicks,ALL,5.5,True,0.7786766165509442,0.7352941176470589,model,1.2922040589569954,True
2026-08-23,Manchester City v Bournemouth,Tackles,ALL,15.5,True,0.8513507193429644,0.9117647058823529,model,1.183209434621325,True
2026-08-23,Manchester City v Bournemouth,Tackles,ALL,16.5,True,0.8106698142265777,0.8529411764705882,model,1.242795887116939,False
2026-08-23,Manchester City v Bournemouth,Yellow cards,ALL,1.5,True,0.7378293082948062,0.7352941176470589,model,1.365216247809474,True
2026-08-23,Manchester City v Bournemouth,Free kicks,ALL,9.5,True,0.7234798847717127,0.7941176470588235,model,1.3922027769928367,True
2026-08-23,Manchester City v Bournemouth,Goal kicks,ALL,6.5,True,0.7835789572066356,0.8235294117647058,model,1.2853776647256354,True
2026-08-23,Manchester City v Bournemouth,Shots on target,1ST,1.5,True,0.8273542877282543,0.8823529411764706,model,1.2086720463440102,True
2026-08-23,Manchester City v Bournemouth,Corner kicks,1ST,2.5,False,0.7957272409225303,0.8235294117647058,model,1.2723847937138935,True
2026-08-23,Manchester City v Bournemouth,Tackles,1ST,6.5,True,0.7796286377116172,0.7647058823529411,model,1.2985246364285898,True
2026-08-23,Manchester City v Bournemouth,Tackles,1ST,7.5,True,0.7118080829111684,0.7058823529411765,model,1.420855506737564,True
2026-08-23,Manchester City v Bournemouth,Offsides,1ST,0.5,True,0.8235294117647058,0.8235294117647058,record,1.5040775785322267,False
2026-08-23,Manchester City v Bournemouth,Goal kicks,1ST,1.5,True,0.8255010699221519,0.8529411764705882,model,1.2205153346053896,True
2026-08-23,Manchester City v Bournemouth,Shots on target,2ND,1.5,True,0.6656757498148946,0.6764705882352942,model,1.51688972032181,True
2026-08-23,Manchester City v Bournemouth,Tackles,2ND,7.5,True,0.8335838414306804,0.8823529411764706,model,1.207675911734119,False
2026-08-23,Manchester City v Bournemouth,Tackles,2ND,8.5,True,0.771608313846189,0.8235294117647058,model,1.3047190961500603,False
2026-08-23,Manchester City v Bournemouth,Yellow cards,2ND,0.5,True,0.7630322828373215,0.7647058823529411,model,1.3105605391707915,True
2026-08-23,Brighton & Hove Albion v Aston Villa,Total shots,ALL,12.5,True,0.7005125890002113,0.7352941176470589,model,1.436182952039522,True
2026-08-23,Brighton & Hove Albion v Aston Villa,Shots on target,ALL,3.5,True,0.7469774644366857,0.7647058823529411,model,1.3490118438867151,True
2026-08-23,Brighton & Hove Albion v Aston Villa,Tackles,ALL,16.5,True,0.6483266503544619,0.7058823529411765,model,1.5512143572673263,True
2026-08-23,Brighton & Hove Albion v Aston Villa,Offsides,ALL,0.5,True,0.8808093633759762,0.8787878787878788,model,1.1492771177589511,True
2026-08-23,Brighton & Hove Albion v Aston Villa,Yellow cards,ALL,1.5,True,0.5837188548000026,0.6764705882352942,model,1.724405460250909,True
2026-08-23,Brighton & Hove Albion v Aston Villa,Free kicks,ALL,9.5,True,0.7478114473943741,0.7352941176470589,model,1.3525704167045283,True
2026-08-23,Brighton & Hove Albion v Aston Villa,Goal kicks,ALL,6.5,True,0.8234000760652865,0.9117647058823529,model,1.2330875521272888,True
2026-08-23,Brighton & Hove Albion v Aston Villa,Tackles,1ST,6.5,True,0.6780264527689878,0.7647058823529411,model,1.4840768602375125,True
2026-08-23,Brighton & Hove Albion v Aston Villa,Free kicks,1ST,4.5,True,0.6990385345005801,0.7058823529411765,model,1.444107489959255,True
2026-08-23,Brighton & Hove Albion v Aston Villa,Goal kicks,1ST,2.5,True,0.7650282444770633,0.7941176470588235,model,1.3204742910090674,True
2026-08-23,Brighton & Hove Albion v Aston Villa,Shots on target,2ND,1.5,True,0.6775369435352837,0.7941176470588235,model,1.4872587318578605,False
2026-08-23,Brighton & Hove Albion v Aston Villa,Corner kicks,2ND,1.5,True,0.6628192441740931,0.7352941176470589,model,1.5213313871254552,False
2026-08-23,Brighton & Hove Albion v Aston Villa,Yellow cards,2ND,0.5,True,0.7136044745071474,0.7647058823529411,model,1.4173972041469016,False
2026-08-23,Brighton & Hove Albion v Aston Villa,Yellow cards,2ND,0.5,True,0.6684086625585076,0.7647058823529411,model,1.5091468811609816,True
2026-08-23,Brighton & Hove Albion v Aston Villa,Goal kicks,2ND,3.5,True,0.6315339768938001,0.6764705882352942,model,1.5919327690541456,True
2026-08-23,Newcastle United v Liverpool FC,Shots on target,ALL,3.5,True,0.7641776340695783,0.8064516129032258,model,1.3157348993222464,True
2026-08-23,Newcastle United v Liverpool FC,Shots on target,ALL,3.5,True,0.6627049630468503,0.7096774193548387,model,1.5224855868569624,True
2026-08-23,Newcastle United v Liverpool FC,Offsides,ALL,0.5,True,0.7350615568029032,0.9310344827586207,model,1.3814109790163784,True
2026-08-23,Newcastle United v Liverpool FC,Offsides,ALL,0.5,True,0.6277540657238854,0.7931034482758621,model,1.607029780946445,True
2026-08-23,Newcastle United v Liverpool FC,Tackles,1ST,5.5,True,0.6597371557153805,0.8387096774193549,model,1.5270367855214173,True
2026-08-23,Newcastle United v Liverpool FC,Tackles,1ST,5.5,True,0.6191061669272909,0.7741935483870968,model,1.6253822117812182,True
2026-08-23,Newcastle United v Liverpool FC,Shots on target,2ND,1.5,True,0.6554329288759141,0.7741935483870968,model,1.5257091243722345,True
2026-08-23,Newcastle United v Liverpool FC,Shots on target,2ND,1.5,True,0.6809920791898156,0.8387096774193549,model,1.4827091148853917,True
2026-08-23,Newcastle United v Liverpool FC,Fouls,2ND,4.5,True,0.6123727577581002,0.7096774193548387,model,1.6447217679470438,True
2026-08-23,Newcastle United v Liverpool FC,Offsides,2ND,0.5,True,0.6985905129867356,0.7931034482758621,model,1.4517364585388937,True
2026-08-23,Newcastle United v Liverpool FC,Yellow cards,2ND,0.5,True,0.7504502237159617,0.7419354838709677,model,1.3530443847226024,True
2026-08-23,Newcastle United v Liverpool FC,Yellow cards,2ND,0.5,True,0.7145335494130246,0.8387096774193549,model,1.4177274007055112,True
2026-08-23,Newcastle United v Liverpool FC,Goal kicks,2ND,2.5,True,0.7275965054268745,0.7741935483870968,model,1.3981563598761997,False
2026-08-24,Fulham v Chelsea,Fouls,ALL,10.5,True,0.6169136196235316,0.7058823529411765,model,1.6299861609236763,True
2026-08-24,Fulham v Chelsea,Offsides,ALL,0.5,True,0.6994160715873874,0.8484848484848485,model,1.4418224043485792,False
2026-08-24,Fulham v Chelsea,Offsides,ALL,0.5,True,0.8097367640358716,0.8484848484848485,model,1.2589892105523857,True
2026-08-24,Fulham v Chelsea,Yellow cards,ALL,1.5,True,0.7006589062228425,0.75,model,1.444320628076418,True
2026-08-24,Fulham v Chelsea,Free kicks,ALL,10.5,True,0.6205041809457705,0.6764705882352942,model,1.6198454632035773,True
2026-08-24,Fulham v Chelsea,Fouls,2ND,4.5,True,0.6307023483310443,0.84375,model,1.5855339727942759,True
2026-08-24,Fulham v Chelsea,Free kicks,2ND,4.5,True,0.6553763908757453,0.8529411764705882,model,1.5357373960232295,True
2026-08-28,Crystal Palace v Manchester City,Offsides,ALL,0.5,True,0.8714346725181507,0.9,model,1.1655390061297703,True
2026-08-28,Crystal Palace v Manchester City,Offsides,ALL,0.5,True,0.6612256512341369,0.8,model,1.520015555371133,False
2026-08-28,Crystal Palace v Manchester City,Goal kicks,ALL,5.5,True,0.5686479555743581,0.7666666666666667,model,1.7687782066925979,True
2026-08-28,Crystal Palace v Manchester City,Shots on target,1ST,1.5,True,0.7359468997411086,0.7,model,1.3728495736264197,True
2026-08-28,Crystal Palace v Manchester City,Corner kicks,1ST,2.5,False,0.7767673810914469,0.7333333333333333,model,1.2928387738225537,True
2026-08-28,Crystal Palace v Manchester City,Tackles,1ST,6.5,True,0.7553605081340754,0.8,model,1.3394293957952979,True
2026-08-28,Crystal Palace v Manchester City,Goal kicks,1ST,1.5,True,0.797308983875204,0.9333333333333333,model,1.265262153975585,True
2026-08-28,Crystal Palace v Manchester City,Goal kicks,1ST,1.5,True,0.6434092231990808,0.8666666666666667,model,1.5680714843662884,True
2026-08-28,Crystal Palace v Manchester City,Shots on target,2ND,1.5,True,0.660015838800368,0.7333333333333333,model,1.5292907267369986,True
2026-08-28,Crystal Palace v Manchester City,Corner kicks,2ND,1.5,True,0.6394882757609857,0.8,model,1.563750326477852,False
2026-08-28,Crystal Palace v Manchester City,Offsides,2ND,0.5,True,0.7101155214565049,0.7333333333333333,model,1.4328988213684755,True
2026-08-28,Crystal Palace v Manchester City,Yellow cards,2ND,0.5,True,0.6659891869353375,0.7241379310344828,model,1.5186316133899296,True
2026-08-29,Liverpool FC v Nottingham Forest,Total shots,ALL,13.5,False,0.7162908345763245,0.7741935483870968,model,1.4077008289517285,True
2026-08-29,Liverpool FC v Nottingham Forest,Shots on target,ALL,3.5,True,0.6266688842394341,0.7741935483870968,model,1.6071356970688568,True
2026-08-29,Liverpool FC v Nottingham Forest,Corner kicks,ALL,5.5,False,0.6819090010767836,0.7096774193548387,model,1.470714349523851,True
2026-08-29,Liverpool FC v Nottingham Forest,Yellow cards,ALL,0.5,True,0.696758335418295,0.8620689655172413,model,1.453374316695637,True
2026-08-29,Liverpool FC v Nottingham Forest,Yellow cards,ALL,0.5,True,0.7532274600945801,0.8620689655172413,model,1.3446372964906206,True
2026-08-29,Liverpool FC v Nottingham Forest,Goal kicks,ALL,6.5,True,0.7855335898192459,0.8709677419354839,model,1.2867912693437182,True
2026-08-29,Liverpool FC v Nottingham Forest,Total shots,1ST,5.5,True,0.7027037201196942,0.7741935483870968,model,1.434037078338509,False
2026-08-29,Liverpool FC v Nottingham Forest,Offsides,1ST,0.5,False,0.6774193548387096,0.6774193548387096,record,1.9943883671162577,True
2026-08-29,Liverpool FC v Nottingham Forest,Yellow cards,1ST,0.5,False,0.8620689655172413,0.8620689655172413,record,1.4400788458474272,True
2026-08-29,Liverpool FC v Nottingham Forest,Goal kicks,1ST,2.5,True,0.7169858465677429,0.8709677419354839,model,1.4101386356445933,True
2026-08-29,Liverpool FC v Nottingham Forest,Total shots,2ND,7.5,False,0.6546999557365988,0.8064516129032258,model,1.5316517942995564,True
2026-08-29,Liverpool FC v Nottingham Forest,Corner kicks,2ND,1.5,True,0.734827981271452,0.7419354838709677,model,1.3747316555406213,False
2026-08-29,Liverpool FC v Nottingham Forest,Fouls,2ND,4.5,True,0.6586435906658619,0.8064516129032258,model,1.5271919776269889,True
2026-08-29,Liverpool FC v Nottingham Forest,Fouls,2ND,4.5,True,0.6407943560425816,0.7096774193548387,model,1.5739482768146482,True
2026-08-29,Liverpool FC v Nottingham Forest,Tackles,2ND,6.5,True,0.6800056437316419,0.6774193548387096,model,1.482264690960245,True
2026-08-29,Liverpool FC v Nottingham Forest,Offsides,2ND,0.5,True,0.6568992195415242,0.6774193548387096,model,1.5405233330388153,False
2026-08-29,Liverpool FC v Nottingham Forest,Yellow cards,2ND,0.5,True,0.6568992195415242,0.8275862068965517,model,1.5330287676391094,True
2026-08-29,Liverpool FC v Nottingham Forest,Goal kicks,2ND,3.5,True,0.7831780378014802,0.8064516129032258,model,1.2879695545273404,True
2026-08-29,Bournemouth v Everton,Total shots,ALL,11.5,True,0.7734400635503736,0.7567567567567568,model,1.3054177986190911,True
2026-08-29,Bournemouth v Everton,Total shots,ALL,12.5,True,0.7291962733173545,0.7027027027027027,model,1.3838695906255352,True
2026-08-29,Bournemouth v Everton,Corner kicks,ALL,3.5,True,0.7439869484715226,0.8108108108108109,model,1.3547235391548345,True
2026-08-29,Bournemouth v Everton,Corner kicks,ALL,4.5,True,0.6562652881264935,0.6756756756756757,model,1.5340387451017528,True
2026-08-29,Bournemouth v Everton,Total shots,1ST,4.5,True,0.7741239024457381,0.7837837837837838,model,1.305671381745062,True
2026-08-29,Bournemouth v Everton,Corner kicks,1ST,1.5,True,0.6946919779949627,0.7297297297297297,model,1.4583771075307357,True
2026-08-29,Bournemouth v Everton,Goal kicks,1ST,2.5,True,0.7892641499081426,0.8378378378378378,model,1.2767850123151003,True
2026-08-29,Bournemouth v Everton,Total shots,2ND,6.5,True,0.6511803477084326,0.7027027027027027,model,1.5479478969729616,True
2026-08-29,Bournemouth v Everton,Corner kicks,2ND,1.5,True,0.7099035358047412,0.7027027027027027,model,1.422804284133196,True
2026-08-29,Coventry City v Hull City,Fouls,ALL,9.5,True,0.6053187664415676,0.75,model,1.6592949327721571,False
2026-08-29,Coventry City v Hull City,Throw-ins,ALL,20.5,False,0.829795752057368,0.75,model,1.212148037597778,False
2026-08-29,Coventry City v Hull City,Yellow cards,ALL,1.5,True,0.6112327064020683,0.7428571428571429,model,1.646577253177092,True
2026-08-29,Coventry City v Hull City,Free kicks,ALL,9.5,True,0.6334355319178372,0.7222222222222222,model,1.585448136077302,False
2026-08-29,Coventry City v Hull City,Offsides,1ST,0.5,True,0.7428571428571429,0.7428571428571429,record,1.7262101055100452,True
2026-08-29,Coventry City v Hull City,Offsides,1ST,0.5,True,0.6857142857142857,0.6857142857142857,record,1.9223402186923675,False
2026-08-29,Coventry City v Hull City,Shots on target,2ND,1.5,True,0.650250015736252,0.7777777777777778,model,1.546883723687686,False
2026-08-29,Coventry City v Hull City,Yellow cards,2ND,0.5,True,0.8285714285714286,0.8285714285714286,record,1.485500202750117,True
2026-08-29,Coventry City v Hull City,Goal kicks,2ND,3.5,True,0.610512738755714,0.6944444444444444,model,1.6453945473183276,True
2026-08-29,Tottenham Hotspur v Newcastle United,Offsides,ALL,0.5,True,0.6695347907221637,0.8888888888888888,model,1.5052606719934034,True
2026-08-29,Tottenham Hotspur v Newcastle United,Offsides,ALL,0.5,True,0.7166563450639593,0.7407407407407407,model,1.4225727599599578,True
2026-08-29,Tottenham Hotspur v Newcastle United,Goal kicks,ALL,7.5,False,0.5657095309978647,0.71875,model,1.7676916247744368,True
2026-08-29,Tottenham Hotspur v Newcastle United,Corner kicks,1ST,1.5,True,0.6776827330446953,0.75,model,1.4900792342830298,True
2026-08-29,Tottenham Hotspur v Newcastle United,Tackles,1ST,7.5,True,0.7595084179053854,0.78125,model,1.3166411015665314,False
2026-08-29,Tottenham Hotspur v Newcastle United,Total shots,2ND,5.5,True,0.6833566726675936,0.78125,model,1.475546885024552,True
2026-08-29,Tottenham Hotspur v Newcastle United,Corner kicks,2ND,1.5,True,0.6824136732239733,0.75,model,1.4790842346882667,True
2026-08-29,Tottenham Hotspur v Newcastle United,Tackles,2ND,7.5,True,0.6990768453405235,0.75,model,1.4417833779634237,True
2026-08-30,Chelsea v Brighton & Hove Albion,Total shots,ALL,13.5,False,0.713379542162615,0.7352941176470589,model,1.4075246463250257,False
2026-08-30,Chelsea v Brighton & Hove Albion,Yellow cards,ALL,1.5,True,0.7071934721225371,0.7058823529411765,model,1.4140402017550404,True
2026-08-30,Chelsea v Brighton & Hove Albion,Free kicks,ALL,10.5,True,0.7234896303741521,0.7352941176470589,model,1.3910531872382177,True
2026-08-30,Chelsea v Brighton & Hove Albion,Goal kicks,ALL,6.5,True,0.7275915123074357,0.7352941176470589,model,1.3843572416350756,True
2026-08-30,Chelsea v Brighton & Hove Albion,Shots on target,1ST,1.5,True,0.6711814402339331,0.7352941176470589,model,1.4899100899623516,True
2026-08-30,Chelsea v Brighton & Hove Albion,Corner kicks,1ST,1.5,True,0.7359468997411086,0.7647058823529411,model,1.3701746452274928,True
2026-08-30,Chelsea v Brighton & Hove Albion,Fouls,1ST,4.5,True,0.7537633350523044,0.8,model,1.3266763631194782,True
2026-08-30,Chelsea v Brighton & Hove Albion,Free kicks,1ST,4.5,True,0.7737552770176687,0.7647058823529411,model,1.2971191623029774,True
2026-08-30,Chelsea v Brighton & Hove Albion,Goal kicks,1ST,2.5,True,0.7204402729843157,0.8823529411764706,model,1.3880401158830975,False
2026-08-30,Chelsea v Brighton & Hove Albion,Yellow cards,2ND,0.5,True,0.7221437774882609,0.8235294117647058,model,1.4008165931464878,True
2026-08-30,Chelsea v Brighton & Hove Albion,Yellow cards,2ND,0.5,True,0.6826032381547561,0.7352941176470589,model,1.4787406915437085,True
2026-08-30,Chelsea v Brighton & Hove Albion,Free kicks,2ND,4.5,True,0.7289919107221191,0.7647058823529411,model,1.3790997224659252,True
2026-08-30,Leeds United v Brentford,Total shots,ALL,11.5,True,0.6840139840482528,0.75,model,1.472521658110704,True
2026-08-30,Leeds United v Brentford,Corner kicks,ALL,3.5,True,0.7256860256481845,0.8333333333333334,model,1.3860738502606287,True
2026-08-30,Leeds United v Brentford,Tackles,ALL,14.5,True,0.6744867216008635,0.6944444444444444,model,1.4938954915953664,True
2026-08-30,Leeds United v Brentford,Offsides,ALL,0.5,True,0.7831163372400304,0.8857142857142857,model,1.2899699070158017,False
2026-08-30,Leeds United v Brentford,Total shots,1ST,4.5,True,0.7373182049026433,0.8055555555555556,model,1.3671936833066702,False
2026-08-30,Leeds United v Brentford,Shots on target,1ST,0.5,True,0.7344274694532938,0.8055555555555556,model,1.3746789171825533,False
2026-08-30,Leeds United v Brentford,Shots on target,1ST,0.5,True,0.6989047020630561,0.8055555555555556,model,1.4440346536462902,True
2026-08-30,Leeds United v Brentford,Corner kicks,1ST,1.5,True,0.7112513266043268,0.8055555555555556,model,1.4161872436790366,False
2026-08-30,Leeds United v Brentford,Fouls,1ST,3.5,True,0.6931380106765156,0.8387096774193549,model,1.4632465923608695,True
2026-08-30,Leeds United v Brentford,Throw-ins,1ST,7.5,True,0.7440232614662735,0.6944444444444444,model,1.3440439994164481,True
2026-08-30,Leeds United v Brentford,Free kicks,1ST,3.5,True,0.7256860256481845,0.8611111111111112,model,1.3860738502606287,True
2026-08-30,Leeds United v Brentford,Goal kicks,1ST,3.5,True,0.6362537288805165,0.75,model,1.5818040254561752,True
2026-08-30,Leeds United v Brentford,Total shots,2ND,5.5,True,0.6846857895911874,0.75,model,1.4723799382104903,True
2026-08-30,Leeds United v Brentford,Shots on target,2ND,1.5,True,0.625851205107017,0.6666666666666666,model,1.6086914778778967,True
2026-08-30,Leeds United v Brentford,Offsides,2ND,0.5,True,0.6477550556454996,0.7142857142857143,model,1.5608747956645992,False
2026-08-30,Leeds United v Brentford,Yellow cards,2ND,0.5,True,0.6641577370828543,0.7777777777777778,model,1.5056664165236535,True
2026-08-30,Leeds United v Brentford,Free kicks,2ND,4.5,True,0.6333596418688231,0.75,model,1.5788817819988485,True
2026-08-30,Sunderland v Fulham,Total shots,ALL,11.5,True,0.530974438064807,0.6666666666666666,model,1.8865786998054945,True
2026-08-30,Sunderland v Fulham,Tackles,ALL,15.5,False,0.6588428261040953,0.6666666666666666,model,1.5219843910894588,True
2026-08-30,Sunderland v Fulham,Offsides,ALL,0.5,True,0.6781751904468986,0.8529411764705882,model,1.4820916283857741,True
2026-08-30,Sunderland v Fulham,Free kicks,ALL,9.5,True,0.6755510556325236,0.75,model,1.4875785976424054,True
2026-08-30,Sunderland v Fulham,Total shots,1ST,4.5,True,0.6636621376557489,0.75,model,1.5228649760456165,False
2026-08-30,Sunderland v Fulham,Corner kicks,1ST,1.5,True,0.6810615270475524,0.8055555555555556,model,1.48320838304788,True
2026-08-30,Sunderland v Fulham,Tackles,1ST,7.5,False,0.7168081642375901,0.6944444444444444,model,1.400213264392568,True
2026-08-30,Sunderland v Fulham,Goal kicks,1ST,3.5,False,0.6337311476103563,0.6944444444444444,model,1.5786270429918168,True
2026-08-30,Sunderland v Fulham,Corner kicks,2ND,1.5,True,0.6489532917806924,0.6666666666666666,model,1.5538113550504056,True
2026-08-30,Sunderland v Fulham,Goal kicks,2ND,3.5,True,0.6489496569706953,0.6666666666666666,model,1.5531197948890645,False
2026-08-30,Manchester United v Ipswich Town,Shots on target,ALL,5.5,False,0.6944779058932163,0.7567567567567568,model,1.4399306176829778,True
2026-08-30,Manchester United v Ipswich Town,Fouls,ALL,9.5,True,0.7424858462441,0.7297297297297297,model,1.3575033535254577,False
2026-08-30,Manchester United v Ipswich Town,Offsides,ALL,0.5,True,0.823800319756599,0.8378378378378378,model,1.23019594977033,False
2026-08-30,Manchester United v Ipswich Town,Offsides,ALL,0.5,True,0.6592496451009164,0.8648648648648649,model,1.5358226784004496,True
2026-08-30,Manchester United v Ipswich Town,Yellow cards,ALL,1.5,True,0.6977409426605153,0.7222222222222222,model,1.4331966763867379,False
2026-08-30,Manchester United v Ipswich Town,Yellow cards,ALL,1.5,True,0.6192451048126718,0.8333333333333334,model,1.622533280305255,True
2026-08-30,Manchester United v Ipswich Town,Goal kicks,ALL,5.5,True,0.558593053045684,0.7027027027027027,model,1.7956454992366964,False
2026-08-30,Manchester United v Ipswich Town,Goal kicks,ALL,5.5,True,0.7254895563633301,0.8108108108108109,model,1.3925427523334404,True
2026-08-30,Manchester United v Ipswich Town,Total shots,1ST,5.5,True,0.7778540899213732,0.7567567567567568,model,1.297862280541011,True
2026-08-30,Manchester United v Ipswich Town,Fouls,1ST,4.5,True,0.6821468176090479,0.7647058823529411,model,1.4820604352010158,False
2026-08-30,Manchester United v Ipswich Town,Corner kicks,2ND,1.5,True,0.6251868354023942,0.7297297297297297,model,1.6091936048698612,True
2026-08-31,Aston Villa v Arsenal,Yellow cards,ALL,0.5,True,0.7208513235329069,0.8275862068965517,model,1.4023756246827324,True
2026-08-31,Aston Villa v Arsenal,Yellow cards,ALL,0.5,True,0.7643397574366748,1.0,model,1.324112682089833,True
2026-08-31,Aston Villa v Arsenal,Goal kicks,ALL,5.5,True,0.7141098538886356,0.7931034482758621,model,1.4164554387836703,False
2026-08-31,Aston Villa v Arsenal,Goal kicks,2ND,2.5,True,0.6751981183602774,0.7241379310344828,model,1.498382388423308,True
2026-09-04,Ipswich Town v Liverpool FC,Tackles,ALL,12.5,True,0.8636375091891536,0.6857142857142857,model,1.1719102733868638,True
2026-09-04,Ipswich Town v Liverpool FC,Offsides,ALL,0.5,True,0.7801819131312526,0.9411764705882353,model,1.3001775259940824,True
2026-09-04,Ipswich Town v Liverpool FC,Tackles,1ST,5.5,True,0.8471249563184352,0.7714285714285715,model,1.1938583125716578,True
2026-09-04,Ipswich Town v Liverpool FC,Tackles,1ST,5.5,True,0.8497686973361526,0.7714285714285715,model,1.194408035070376,False
2026-09-04,Ipswich Town v Liverpool FC,Shots on target,2ND,1.5,True,0.6304471581348334,0.7428571428571429,model,1.597258756987449,True
2026-09-04,Ipswich Town v Liverpool FC,Fouls,2ND,4.5,True,0.6724026060700871,0.7142857142857143,model,1.5008599228754043,False
2026-09-04,Ipswich Town v Liverpool FC,Tackles,2ND,5.5,True,0.8307339715852383,0.7428571428571429,model,1.2183042700297404,True
2026-09-04,Ipswich Town v Liverpool FC,Yellow cards,2ND,0.5,True,0.6216008015847172,0.8,model,1.615651684080599,False
2026-09-04,Ipswich Town v Liverpool FC,Yellow cards,2ND,0.5,True,0.5972063850556911,0.7714285714285715,model,1.6873114817071513,True
2026-09-05,Newcastle United v Bournemouth,Total shots,ALL,12.5,True,0.7037356533045943,0.7714285714285715,model,1.4300042872460725,False
2026-09-05,Newcastle United v Bournemouth,Fouls,ALL,10.5,True,0.7163581815540193,0.8,model,1.4077073215174516,True
2026-09-05,Newcastle United v Bournemouth,Yellow cards,ALL,1.5,True,0.7886361899425737,0.8857142857142857,model,1.2788984923944176,True
2026-09-05,Newcastle United v Bournemouth,Free kicks,ALL,10.5,True,0.7202939844678581,0.7714285714285715,model,1.3883220206799094,True
2026-09-05,Newcastle United v Bournemouth,Goal kicks,ALL,7.5,True,0.6670056999294057,0.7428571428571429,model,1.5079920898215777,False
2026-09-05,Newcastle United v Bournemouth,Shots on target,1ST,1.5,True,0.799316234960229,0.8285714285714286,model,1.2603449838328546,False
2026-09-05,Newcastle United v Bournemouth,Corner kicks,1ST,1.5,True,0.7543466428294485,0.8,model,1.338610709546231,True
2026-09-05,Newcastle United v Bournemouth,Free kicks,1ST,4.5,True,0.6796098522353735,0.6857142857142857,model,1.483522143312441,False
2026-09-05,Newcastle United v Bournemouth,Total shots,2ND,6.5,True,0.6692884978708084,0.7142857142857143,model,1.5041195276600199,False
2026-09-05,Newcastle United v Bournemouth,Shots on target,2ND,1.5,True,0.6307702480723246,0.7428571428571429,model,1.5983741590021339,False
2026-09-05,Newcastle United v Bournemouth,Corner kicks,2ND,1.5,True,0.7535886119086893,0.7428571428571429,model,1.3442006892344405,True
2026-09-05,Newcastle United v Bournemouth,Fouls,2ND,4.5,True,0.7553844410926571,0.7272727272727273,model,1.3383903872332272,True
2026-09-05,Manchester City v Coventry City,Corner kicks,ALL,5.5,False,0.75,0.75,record,1.6969506655442554,True
2026-09-05,Manchester City v Coventry City,Fouls,ALL,8.5,True,0.75,0.75,record,1.6969506655442554,True
2026-09-05,Manchester City v Coventry City,Yellow cards,ALL,0.5,True,0.9142857142857143,0.9142857142857143,record,1.2883210960438116,True
2026-09-05,Manchester City v Coventry City,Yellow cards,ALL,0.5,True,0.9142857142857143,0.9142857142857143,record,1.2883210960438116,True
2026-09-05,Manchester City v Coventry City,Goal kicks,ALL,5.5,True,0.8888888888888888,0.8888888888888888,record,1.3389592655269238,True
2026-09-05,Manchester City v Coventry City,Goal kicks,ALL,6.5,True,0.75,0.75,record,1.6969506655442554,True
2026-09-05,Manchester City v Coventry City,Corner kicks,1ST,2.5,False,0.7777777777777778,0.7777777777777778,record,1.615118017028708,True
2026-09-05,Manchester City v Coventry City,Tackles,1ST,5.5,True,0.6944444444444444,0.6944444444444444,record,1.8817004534979354,True
2026-09-05,Manchester City v Coventry City,Goal kicks,1ST,2.5,True,0.8055555555555556,0.8055555555555556,record,1.5391331229444816,True
2026-09-05,Manchester City v Coventry City,Offsides,2ND,0.5,True,0.7222222222222222,0.7222222222222222,record,1.7854847302896943,True
2026-09-05,Manchester City v Coventry City,Goal kicks,2ND,2.5,True,0.7777777777777778,0.7777777777777778,record,1.615118017028708,True
2026-09-05,Manchester City v Coventry City,Goal kicks,2ND,2.5,True,0.75,0.75,record,1.6969506655442554,True
2026-09-05,Brighton & Hove Albion v Leeds United,Corner kicks,ALL,3.5,True,0.7141718669446951,0.7368421052631579,model,1.4131472748273068,True
2026-09-05,Brighton & Hove Albion v Leeds United,Offsides,ALL,0.5,True,0.7900006709733446,0.8421052631578947,model,1.2796524716918332,True
2026-09-05,Brighton & Hove Albion v Leeds United,Offsides,ALL,0.5,True,0.6722015170305163,0.7631578947368421,model,1.5002739655386477,True
2026-09-05,Brighton & Hove Albion v Leeds United,Free kicks,ALL,9.5,True,0.6963993226280539,0.7368421052631579,model,1.4359577436494706,True
2026-09-05,Brighton & Hove Albion v Leeds United,Goal kicks,1ST,2.5,True,0.6467440791336532,0.7368421052631579,model,1.5625003599096143,False
2026-09-05,Brighton & Hove Albion v Leeds United,Goal kicks,1ST,2.5,True,0.747252858695793,0.7368421052631579,model,1.3510769113973236,True
2026-09-05,Brighton & Hove Albion v Leeds United,Shots on target,2ND,1.5,True,0.6168322409618313,0.7105263157894737,model,1.6211863349436668,True
2026-09-05,Brighton & Hove Albion v Leeds United,Corner kicks,2ND,1.5,True,0.7166664826623222,0.7105263157894737,model,1.4102888535854947,True
2026-09-05,Brighton & Hove Albion v Leeds United,Yellow cards,2ND,0.5,True,0.6130015415546235,0.7567567567567568,model,1.656392696964288,True
2026-09-05,Brentford v Sunderland,Tackles,ALL,13.5,True,0.6466729318487449,0.7368421052631579,model,1.5555311704150505,True
2026-09-05,Brentford v Sunderland,Yellow cards,ALL,1.5,True,0.6567297834019784,0.7297297297297297,model,1.5331611464131594,True
2026-09-05,Brentford v Sunderland,Goal kicks,ALL,7.5,True,0.6264382104484116,0.6842105263157895,model,1.6038464001408819,False
2026-09-05,Brentford v Sunderland,Total shots,1ST,3.5,True,0.7367796092449477,0.7894736842105263,model,1.369194752420274,True
2026-09-05,Brentford v Sunderland,Shots on target,1ST,0.5,True,0.8193026208967095,0.9210526315789473,model,1.2297201795841162,False
2026-09-05,Brentford v Sunderland,Shots on target,1ST,0.5,True,0.6882470059821032,0.7894736842105263,model,1.4649275634345857,True
2026-09-05,Brentford v Sunderland,Free kicks,1ST,3.5,True,0.6674622201847568,0.7894736842105263,model,1.50608148035198,True
2026-09-05,Brentford v Sunderland,Total shots,2ND,5.5,True,0.7340315223570343,0.7631578947368421,model,1.3736612597992246,True
2026-09-05,Brentford v Sunderland,Corner kicks,2ND,1.5,True,0.7318521973559579,0.7894736842105263,model,1.366396116063884,False
2026-09-05,Brentford v Sunderland,Yellow cards,2ND,0.5,True,0.7143466414695384,0.7567567567567568,model,1.3998805929048979,True
2026-09-05,Brentford v Sunderland,Yellow cards,2ND,0.5,True,0.6892053935989798,0.7297297297297297,model,1.4627660767397965,True
2026-09-05,Brentford v Sunderland,Goal kicks,2ND,3.5,True,0.6773616682404404,0.7631578947368421,model,1.4852136595806478,False
2026-09-05,Nottingham Forest v Tottenham Hotspur,Total shots,ALL,11.5,True,0.6364725642349771,0.6764705882352942,model,1.58447432730177,True
2026-09-05,Nottingham Forest v Tottenham Hotspur,Goal kicks,ALL,6.5,True,0.6481140972633005,0.8235294117647058,model,1.5530289048689976,True
2026-09-05,Nottingham Forest v Tottenham Hotspur,Shots on target,1ST,0.5,True,0.7450895363641457,0.8529411764705882,model,1.3555552505578956,True
2026-09-05,Nottingham Forest v Tottenham Hotspur,Offsides,1ST,0.5,True,0.6222073459541341,0.6875,model,1.6071812820958158,True
2026-09-05,Nottingham Forest v Tottenham Hotspur,Goal kicks,1ST,2.5,True,0.6509425394459405,0.7647058823529411,model,1.5464660918315016,True
2026-09-05,Nottingham Forest v Tottenham Hotspur,Total shots,2ND,5.5,True,0.660338858684892,0.7647058823529411,model,1.5281296346881337,False
2026-09-05,Nottingham Forest v Tottenham Hotspur,Shots on target,2ND,1.5,True,0.6249151387516565,0.7352941176470589,model,1.6095096248666052,False
2026-09-05,Nottingham Forest v Tottenham Hotspur,Corner kicks,2ND,1.5,True,0.6586301029699515,0.7647058823529411,model,1.530774611963536,False
2026-09-05,Nottingham Forest v Tottenham Hotspur,Corner kicks,2ND,1.5,True,0.6650212997254711,0.7058823529411765,model,1.5171033222318293,True
2026-09-05,Fulham v Crystal Palace,Total shots,ALL,11.5,True,0.6473593379619001,0.7352941176470589,model,1.5542240328852306,True
2026-09-05,Fulham v Crystal Palace,Corner kicks,ALL,3.5,True,0.7058607127236102,0.7058823529411765,model,1.42810440800463,True
2026-09-05,Fulham v Crystal Palace,Corner kicks,ALL,4.5,True,0.615285253845526,0.6764705882352942,model,1.6353683835416346,True
2026-09-05,Fulham v Crystal Palace,Corner kicks,ALL,3.5,True,0.6151320437529404,0.7352941176470589,model,1.6398968390127686,False
2026-09-05,Fulham v Crystal Palace,Offsides,ALL,0.5,True,0.6769183833933752,0.8235294117647058,model,1.490633522050564,True
2026-09-05,Fulham v Crystal Palace,Offsides,ALL,0.5,True,0.8411358318112246,0.8235294117647058,model,1.188868625233444,True
2026-09-05,Fulham v Crystal Palace,Offsides,ALL,1.5,True,0.6911984467835159,0.6764705882352942,model,1.4467625103231765,True
2026-09-05,Fulham v Crystal Palace,Throw-ins,ALL,17.5,False,0.600374828811597,0.7058823529411765,model,1.6675836589122897,True
2026-09-05,Fulham v Crystal Palace,Corner kicks,1ST,1.5,True,0.7472715565626994,0.8235294117647058,model,1.358793685185412,True
2026-09-05,Fulham v Crystal Palace,Corner kicks,1ST,1.5,True,0.6376795444461725,0.7941176470588235,model,1.585660290580302,False
2026-09-05,Fulham v Crystal Palace,Offsides,1ST,0.5,True,0.6598408893666741,0.6764705882352942,model,1.5346537193490895,True
2026-09-05,Fulham v Crystal Palace,Goal kicks,1ST,2.5,True,0.6141484381672165,0.7352941176470589,model,1.637281297270331,True
2026-09-05,Fulham v Crystal Palace,Total shots,2ND,5.5,True,0.6291364132511715,0.7058823529411765,model,1.600860743119284,True
2026-09-05,Fulham v Crystal Palace,Shots on target,2ND,0.5,True,0.7398343619851515,0.8235294117647058,model,1.3625696480357958,True
2026-09-05,Fulham v Crystal Palace,Shots on target,2ND,0.5,True,0.7081476755055751,0.8529411764705882,model,1.430946352904921,True
2026-09-05,Hull City v Aston Villa,Corner kicks,ALL,3.5,True,0.7963509750323441,0.7222222222222222,model,1.265344918386533,True
2026-09-05,Hull City v Aston Villa,Fouls,ALL,9.5,True,0.6026155007491173,0.6944444444444444,model,1.6665081280253538,True
2026-09-05,Hull City v Aston Villa,Tackles,ALL,15.5,True,0.6970832923320353,0.6944444444444444,model,1.4450097777239979,True
2026-09-05,Hull City v Aston Villa,Offsides,ALL,0.5,True,0.8688141303097741,0.9117647058823529,model,1.1606192649302571,True
2026-09-05,Hull City v Aston Villa,Yellow cards,ALL,1.5,True,0.6334503311294679,0.7222222222222222,model,1.5835737095195237,True
2026-09-05,Hull City v Aston Villa,Fouls,1ST,4.5,True,0.569383635748558,0.7222222222222222,model,1.7682170671961364,False
2026-09-05,Hull City v Aston Villa,Fouls,1ST,4.5,True,0.658945284283099,0.6944444444444444,model,1.530192848729378,False
2026-09-05,Hull City v Aston Villa,Free kicks,1ST,4.5,True,0.674145847995328,0.6944444444444444,model,1.5018693112356343,False
2026-09-05,Hull City v Aston Villa,Free kicks,1ST,4.5,True,0.5710126646534839,0.7222222222222222,model,1.758461339613537,False
2026-09-05,Hull City v Aston Villa,Corner kicks,2ND,1.5,True,0.5935981023128318,0.7222222222222222,model,1.6954774932362076,False
2026-09-05,Hull City v Aston Villa,Corner kicks,2ND,1.5,True,0.7852323817559468,0.6944444444444444,model,1.2895243937622693,False
2026-09-05,Hull City v Aston Villa,Fouls,2ND,4.5,True,0.6662126783161992,0.6944444444444444,model,1.5087186305869342,True
2026-09-05,Hull City v Aston Villa,Yellow cards,2ND,0.5,True,0.8611111111111112,0.8611111111111112,record,1.401735233171955,True
2026-09-05,Hull City v Aston Villa,Yellow cards,2ND,0.5,True,0.75,0.75,record,1.6969506655442554,False
2026-09-06,Everton v Manchester United,Offsides,ALL,0.5,True,0.6861698658977313,0.8235294117647058,model,1.4750057717494929,True
2026-09-06,Everton v Manchester United,Corner kicks,2ND,1.5,True,0.6713294689251923,0.6842105263157895,model,1.503307094102663,True
2026-09-06,Everton v Manchester United,Yellow cards,2ND,0.5,True,0.6872465320385792,0.6944444444444444,model,1.4688462244520601,True
2026-09-06,Everton v Manchester United,Yellow cards,2ND,0.5,True,0.6787056438125777,0.6944444444444444,model,1.484866192131065,True
2026-09-06,Arsenal v Chelsea,Total shots,ALL,14.5,False,0.9083933504511591,0.8387096774193549,model,1.1073405945964718,True
2026-09-06,Arsenal v Chelsea,Shots on target,ALL,3.5,True,0.765987692379521,0.7419354838709677,model,1.316692520856481,True
2026-09-06,Arsenal v Chelsea,Corner kicks,ALL,3.5,True,0.6772144793629578,0.7096774193548387,model,1.492259306588576,True
2026-09-06,Arsenal v Chelsea,Yellow cards,ALL,1.5,True,0.7490857848720831,0.7666666666666667,model,1.3472876953823731,True
2026-09-06,Arsenal v Chelsea,Goal kicks,ALL,5.5,True,0.7131955453289536,0.9032258064516129,model,1.413802656925603,True
2026-09-06,Arsenal v Chelsea,Shots on target,1ST,1.5,True,0.665756447271411,0.7096774193548387,model,1.517527186070387,True
2026-09-06,Arsenal v Chelsea,Goal kicks,1ST,2.5,True,0.6788356527578727,0.8709677419354839,model,1.4875339990853926,True
2026-09-06,Arsenal v Chelsea,Corner kicks,2ND,2.5,False,0.6440811928617752,0.7096774193548387,model,1.552599285746584,False
2026-09-06,Arsenal v Chelsea,Yellow cards,2ND,0.5,True,0.764636123084909,0.7666666666666667,model,1.3222292288000743,True
2026-09-12,Bournemouth v Brentford,Total shots,ALL,11.5,True,0.7390420100074558,0.7297297297297297,model,1.3649185235924675,True
2026-09-12,Bournemouth v Brentford,Yellow cards,ALL,1.5,True,0.6056977275161777,0.6756756756756757,model,1.6603512094165913,True
2026-09-12,Bournemouth v Brentford,Total shots,1ST,4.5,True,0.7517485941914612,0.7027027027027027,model,1.343556771814858,True
2026-09-12,Bournemouth v Brentford,Corner kicks,1ST,1.5,True,0.7409879317771361,0.8108108108108109,model,1.3652569726766233,False
2026-09-12,Bournemouth v Brentford,Tackles,1ST,6.5,True,0.6342936117335227,0.7567567567567568,model,1.5871732158874952,True
2026-09-12,Bournemouth v Brentford,Free kicks,1ST,3.5,True,0.7243853283375326,0.8108108108108109,model,1.3804807481330472,True
2026-09-12,Bournemouth v Brentford,Goal kicks,1ST,2.5,True,0.798457335817228,0.8378378378378378,model,1.262225607884291,True
2026-09-12,Bournemouth v Brentford,Corner kicks,2ND,1.5,True,0.7139955151503915,0.7027027027027027,model,1.4162883898260343,False
2026-09-12,Bournemouth v Brentford,Throw-ins,2ND,8.5,True,0.6769462995114425,0.6756756756756757,model,1.485262272275332,True
2026-09-12,Chelsea v Hull City,Total shots,ALL,11.5,True,0.7922593945047913,0.7352941176470589,model,1.2753626057779555,True
2026-09-12,Chelsea v Hull City,Corner kicks,ALL,3.5,True,0.8244091449892297,0.8529411764705882,model,1.2262923751224604,True
2026-09-12,Chelsea v Hull City,Offsides,ALL,0.5,True,0.7656164143376951,0.7666666666666667,model,1.3386165945889617,True
2026-09-12,Chelsea v Hull City,Offsides,ALL,0.5,True,0.6656583716475319,0.8333333333333334,model,1.5022721002140462,True
2026-09-12,Chelsea v Hull City,Goal kicks,ALL,6.5,True,0.8390845984208426,0.7647058823529411,model,1.201410244216973,True
2026-09-12,Chelsea v Hull City,Total shots,1ST,4.5,True,0.884153871818702,0.9117647058823529,model,1.1402031317057584,False
2026-09-12,Chelsea v Hull City,Shots on target,1ST,1.5,True,0.7088968215967726,0.7058823529411765,model,1.4235066891498545,True
2026-09-12,Chelsea v Hull City,Corner kicks,1ST,1.5,True,0.7237885005069795,0.7647058823529411,model,1.3945557349945998,True
2026-09-12,Chelsea v Hull City,Fouls,1ST,4.5,True,0.6593006108252671,0.8235294117647058,model,1.5307495368038708,True
2026-09-12,Chelsea v Hull City,Free kicks,1ST,4.5,True,0.6851223325695459,0.7941176470588235,model,1.4662098321106014,True
2026-09-12,Chelsea v Hull City,Corner kicks,2ND,1.5,True,0.8498316717359601,0.7352941176470589,model,1.1890547219993888,True
2026-09-12,Chelsea v Hull City,Corner kicks,2ND,2.5,True,0.7534197770846089,0.7058823529411765,model,1.342407068806243,True
2026-09-12,Chelsea v Hull City,Goal kicks,2ND,3.5,True,0.6674622201847568,0.7058823529411765,model,1.50608148035198,True
2026-09-12,Liverpool FC v Fulham,Total shots,ALL,13.5,False,0.6836594464402447,0.7142857142857143,model,1.4682888396705822,True
2026-09-12,Liverpool FC v Fulham,Shots on target,ALL,3.5,True,0.665206317824559,0.7714285714285715,model,1.5195939003240762,False
2026-09-12,Liverpool FC v Fulham,Corner kicks,ALL,5.5,False,0.7130985472003746,0.7714285714285715,model,1.407745191041747,False
2026-09-12,Liverpool FC v Fulham,Offsides,ALL,0.5,True,0.8012646753548663,0.9142857142857143,model,1.26627501609596,True
2026-09-12,Liverpool FC v Fulham,Offsides,ALL,0.5,True,0.7478579390170452,0.8,model,1.3473109238779235,True
2026-09-12,Liverpool FC v Fulham,Goal kicks,ALL,6.5,True,0.8265830902735627,0.8285714285714286,model,1.223225175389631,True
2026-09-12,Liverpool FC v Fulham,Shots on target,1ST,1.5,True,0.6760670781206557,0.7428571428571429,model,1.4863082378404309,False
2026-09-12,Liverpool FC v Fulham,Corner kicks,1ST,1.5,True,0.7567247359674646,0.8571428571428571,model,1.3384849537455306,True
2026-09-12,Liverpool FC v Fulham,Goal kicks,2ND,3.5,True,0.7453608029679826,0.7428571428571429,model,1.3568920489738239,True
2026-09-12,Crystal Palace v Ipswich Town,Fouls,ALL,9.5,True,0.5727382516411901,0.7428571428571429,model,1.7513892544149388,True
2026-09-12,Crystal Palace v Ipswich Town,Yellow cards,ALL,1.5,True,0.6670890932933567,0.7941176470588235,model,1.507402570673806,True
2026-09-12,Crystal Palace v Ipswich Town,Red cards,1ST,0.5,False,1.0,1.0,record,1.6402666666666668,False
2026-09-12,Crystal Palace v Ipswich Town,Red cards,1ST,0.5,False,0.8333333333333334,0.8333333333333334,record,2.2910002730123473,True
2026-09-12,Crystal Palace v Ipswich Town,Shots on target,2ND,1.5,True,0.7309227790094511,0.7428571428571429,model,1.3814556664413984,True
2026-09-12,Crystal Palace v Ipswich Town,Corner kicks,2ND,1.5,True,0.6304893761859204,0.8,model,1.5979692813752364,False
2026-09-12,Crystal Palace v Ipswich Town,Yellow cards,2ND,0.5,True,0.6922491205686778,0.8529411764705882,model,1.4445666600175773,True
2026-09-12,Crystal Palace v Ipswich Town,Red cards,2ND,0.5,False,0.6666666666666666,0.6666666666666666,record,3.3334631012569553,True
2026-09-12,Aston Villa v Nottingham Forest,Total shots,ALL,11.5,True,0.6839876621900881,0.6875,model,1.4764599779236527,False
2026-09-12,Aston Villa v Nottingham Forest,Shots on target,ALL,3.5,True,0.5945184702214487,0.71875,model,1.6931383713623167,True
2026-09-12,Aston Villa v Nottingham Forest,Fouls,ALL,9.5,True,0.6040985173338356,0.78125,model,1.6553591364757185,True
2026-09-12,Aston Villa v Nottingham Forest,Offsides,ALL,0.5,True,0.8305132000538347,0.84375,model,1.223962114237469,True
2026-09-12,Aston Villa v Nottingham Forest,Yellow cards,ALL,0.5,True,0.6973733339561753,0.875,model,1.4482745508622794,True
2026-09-12,Aston Villa v Nottingham Forest,Yellow cards,ALL,0.5,True,0.7579969552992619,0.90625,model,1.334369593306631,True
2026-09-12,Aston Villa v Nottingham Forest,Corner kicks,1ST,1.5,True,0.6459894059139745,0.71875,model,1.5587529541158345,True
2026-09-12,Aston Villa v Nottingham Forest,Corner kicks,1ST,1.5,True,0.644133936480667,0.6875,model,1.5647322394910537,False
2026-09-12,Aston Villa v Nottingham Forest,Offsides,1ST,0.5,False,0.7080842569034088,0.6875,model,1.4122613096543,True
2026-09-12,Aston Villa v Nottingham Forest,Yellow cards,1ST,0.5,False,0.7397424006610234,0.78125,model,1.351821930318465,False
2026-09-12,Aston Villa v Nottingham Forest,Shots on target,2ND,1.5,True,0.6426246485224987,0.78125,model,1.5624046144162662,True
2026-09-12,Aston Villa v Nottingham Forest,Corner kicks,2ND,1.5,True,0.6868526519205621,0.75,model,1.4724879577539924,False
2026-09-12,Aston Villa v Nottingham Forest,Fouls,2ND,4.5,True,0.613051668945668,0.78125,model,1.6434656845039877,True
2026-09-12,Aston Villa v Nottingham Forest,Fouls,2ND,4.5,True,0.7054268578879738,0.75,model,1.4321030193491815,True
2026-09-12,Aston Villa v Nottingham Forest,Yellow cards,2ND,0.5,True,0.6637952756177588,0.84375,model,1.517412898042497,True
2026-09-12,Tottenham Hotspur v Everton,Total shots,ALL,10.5,True,0.7122741891172522,0.8055555555555556,model,1.4157067277729092,True
2026-09-12,Tottenham Hotspur v Everton,Total shots,ALL,11.5,True,0.6601308643226822,0.75,model,1.525721746167002,True
2026-09-12,Tottenham Hotspur v Everton,Corner kicks,ALL,4.5,True,0.6465599643054183,0.7222222222222222,model,1.558490064322196,True
2026-09-12,Tottenham Hotspur v Everton,Offsides,ALL,0.5,True,0.6396615008258444,0.8125,model,1.5840260703083067,True
2026-09-12,Tottenham Hotspur v Everton,Offsides,ALL,0.5,True,0.7628347135894726,0.84375,model,1.3254048815656267,True
2026-09-12,Tottenham Hotspur v Everton,Yellow cards,ALL,1.5,True,0.6485207152874574,0.7714285714285715,model,1.554800094702908,True
2026-09-12,Tottenham Hotspur v Everton,Free kicks,ALL,10.5,True,0.6632344038982418,0.6944444444444444,model,1.5170094359733786,True
2026-09-12,Tottenham Hotspur v Everton,Goal kicks,ALL,7.5,False,0.6870628139470517,0.75,model,1.4598499389720643,True
2026-09-12,Tottenham Hotspur v Everton,Shots on target,1ST,0.5,True,0.7140785803882448,0.8333333333333334,model,1.418451983799181,False
2026-09-12,Tottenham Hotspur v Everton,Shots on target,1ST,0.5,True,0.674356082305379,0.8055555555555556,model,1.482896093383428,True
2026-09-12,Tottenham Hotspur v Everton,Corner kicks,1ST,1.5,True,0.6739463140582955,0.75,model,1.4964057238435517,True
2026-09-12,Tottenham Hotspur v Everton,Goal kicks,1ST,2.5,True,0.7217888654206454,0.7777777777777778,model,1.393856737344876,True
2026-09-12,Tottenham Hotspur v Everton,Total shots,2ND,5.5,True,0.674014092077811,0.75,model,1.4944114063598768,True
2026-09-12,Tottenham Hotspur v Everton,Corner kicks,2ND,1.5,True,0.7159834693406011,0.7777777777777778,model,1.4101672923759385,True
2026-09-12,Tottenham Hotspur v Everton,Corner kicks,2ND,1.5,True,0.675672405624013,0.6944444444444444,model,1.4893440518122278,True
2026-09-12,Tottenham Hotspur v Everton,Tackles,2ND,8.5,True,0.8076947437516945,0.7222222222222222,model,1.2482059342539769,True
2026-09-12,Tottenham Hotspur v Everton,Goal kicks,2ND,3.5,True,0.5808207482969453,0.6944444444444444,model,1.7296178678636138,True
2026-09-12,Sunderland v Arsenal,Throw-ins,ALL,16.5,True,0.5557380754524701,0.696969696969697,model,1.8041221327530803,True
2026-09-12,Sunderland v Arsenal,Throw-ins,1ST,7.5,True,0.6159693626886112,0.7575757575757576,model,1.6303455013588604,True
2026-09-12,Sunderland v Arsenal,Throw-ins,2ND,7.5,True,0.678772142498062,0.696969696969697,model,1.4835166286342643,False
2026-09-12,Sunderland v Arsenal,Yellow cards,2ND,0.5,True,0.701186562350849,0.71875,model,1.4401810134849677,True
2026-09-13,Coventry City v Brighton & Hove Albion,Fouls,ALL,10.5,True,0.5574103351387404,0.7297297297297297,model,1.7976334085251755,True
2026-09-13,Coventry City v Brighton & Hove Albion,Free kicks,ALL,9.5,True,0.6271286170370829,0.7837837837837838,model,1.6009194495426706,True
2026-09-13,Coventry City v Brighton & Hove Albion,Fouls,2ND,4.5,True,0.6644020591403124,0.7058823529411765,model,1.518973555444263,True
2026-09-13,Coventry City v Brighton & Hove Albion,Offsides,2ND,0.5,True,0.6180968513985436,0.7777777777777778,model,1.6325112518944056,True
2026-09-13,Manchester United v Manchester City,Tackles,ALL,15.5,True,0.8750422969566839,0.8823529411764706,model,1.1508402356443084,True
2026-09-13,Manchester United v Manchester City,Tackles,ALL,16.5,True,0.8364587628885026,0.8235294117647058,model,1.204404963642565,True
2026-09-13,Manchester United v Manchester City,Offsides,ALL,0.5,True,0.8023635209460938,0.8529411764705882,model,1.2638837422176725,True
2026-09-13,Manchester United v Manchester City,Offsides,ALL,0.5,True,0.6818088178514591,0.8823529411764706,model,1.4779706168738331,True
2026-09-13,Manchester United v Manchester City,Yellow cards,ALL,1.5,True,0.6257097120309532,0.7272727272727273,model,1.6088505072996862,True
2026-09-13,Manchester United v Manchester City,Goal kicks,ALL,5.5,True,0.6633854892678976,0.7058823529411765,model,1.5074191645397386,False
2026-09-13,Manchester United v Manchester City,Goal kicks,ALL,5.5,True,0.6048871069737372,0.7941176470588235,model,1.6648142423027619,True
2026-09-13,Manchester United v Manchester City,Tackles,1ST,6.5,True,0.7697357541337101,0.8529411764705882,model,1.3098203272426274,False
2026-09-13,Manchester United v Manchester City,Offsides,1ST,0.5,True,0.569480452238108,0.7058823529411765,model,1.7559865243309276,True
2026-09-13,Manchester United v Manchester City,Free kicks,1ST,4.5,True,0.5530105920038578,0.6764705882352942,model,1.8131397344192317,False
2026-09-13,Manchester United v Manchester City,Goal kicks,1ST,2.5,True,0.6958204566436289,0.6764705882352942,model,1.4472784267647754,False
2026-09-13,Manchester United v Manchester City,Corner kicks,2ND,1.5,True,0.6792178253517298,0.7647058823529411,model,1.4860314487942132,True
2026-09-13,Manchester United v Manchester City,Tackles,2ND,8.5,True,0.8218648836952351,0.8235294117647058,model,1.225801985064142,True
2026-09-13,Manchester United v Manchester City,Throw-ins,2ND,6.5,True,0.5744253890596875,0.7058823529411765,model,1.748586195986185,True
2026-09-13,Manchester United v Manchester City,Yellow cards,2ND,0.5,True,0.706816688759269,0.7272727272727273,model,1.4270081405343096,True
2026-09-13,Manchester United v Manchester City,Yellow cards,2ND,0.5,True,0.6965939630653168,0.8484848484848485,model,1.4575814349478629,True
2026-09-14,Leeds United v Newcastle United,Shots on target,ALL,3.5,True,0.6825320029823473,0.7058823529411765,model,1.48369916647684,True
2026-09-14,Leeds United v Newcastle United,Offsides,ALL,0.5,True,0.6095414098853892,0.8064516129032258,model,1.654992220383943,True
2026-09-14,Leeds United v Newcastle United,Offsides,ALL,0.5,True,0.7502424845528122,0.8387096774193549,model,1.3592604085562068,True
2026-09-14,Leeds United v Newcastle United,Corner kicks,1ST,1.5,True,0.6587922084175072,0.7647058823529411,model,1.5281120357434856,True
2026-09-14,Leeds United v Newcastle United,Throw-ins,1ST,7.5,True,0.6469207802399657,0.6764705882352942,model,1.5552472432951294,True
2026-09-14,Leeds United v Newcastle United,Total shots,2ND,6.5,True,0.6877293397207824,0.7058823529411765,model,1.4639627008779132,False
2026-09-14,Leeds United v Newcastle United,Shots on target,2ND,1.5,True,0.7038311758857139,0.7352941176470589,model,1.436497879685808,False
2026-09-14,Leeds United v Newcastle United,Corner kicks,2ND,1.5,True,0.6842557249856721,0.7647058823529411,model,1.4703790824370728,True
2026-09-14,Leeds United v Newcastle United,Fouls,2ND,4.5,True,0.6916586728661617,0.71875,model,1.4609300208565852,False
2026-09-14,Leeds United v Newcastle United,Yellow cards,2ND,0.5,True,0.7185027860959681,0.8181818181818182,model,1.4029169808157118,True
2026-09-18,Brentford v Chelsea,Tackles,ALL,13.5,True,0.6400230577562265,0.75,model,1.5723054854627945,True
2026-09-18,Brentford v Chelsea,Tackles,ALL,14.5,True,0.5895293630462601,0.7222222222222222,model,1.7038865346405863,True
2026-09-18,Brentford v Chelsea,Offsides,ALL,0.5,True,0.7126495300147405,0.7647058823529411,model,1.4154081501718712,True
2026-09-18,Brentford v Chelsea,Offsides,ALL,0.5,True,0.6054597654002395,0.7647058823529411,model,1.673781418617732,True
2026-09-18,Brentford v Chelsea,Yellow cards,ALL,1.5,True,0.7380441212896609,0.8,model,1.3660987464914345,False
2026-09-18,Brentford v Chelsea,Goal kicks,1ST,2.5,True,0.5980474526966042,0.7777777777777778,model,1.6824652002744616,True
2026-09-18,Brentford v Chelsea,Corner kicks,2ND,1.5,True,0.6644117130379391,0.75,model,1.5201053356754999,True
2026-09-18,Brentford v Chelsea,Yellow cards,2ND,0.5,True,0.7581670062277246,0.8,model,1.318970611733054,True
2026-09-18,Brentford v Chelsea,Yellow cards,2ND,0.5,True,0.7530685053485301,0.7714285714285715,model,1.34056750378477,False
2026-09-18,Brentford v Chelsea,Free kicks,2ND,4.5,True,0.6322092453842652,0.75,model,1.590430859500935,False
2026-09-19,Tottenham Hotspur v Aston Villa,Total shots,ALL,11.5,True,0.634738085966115,0.75,model,1.584474194532927,True
2026-09-19,Tottenham Hotspur v Aston Villa,Offsides,ALL,0.5,True,0.8947715529036515,0.9696969696969697,model,1.129792059003343,True
2026-09-19,Tottenham Hotspur v Aston Villa,Yellow cards,ALL,1.5,True,0.7548277741659416,0.7777777777777778,model,1.333421526859148,False
2026-09-19,Tottenham Hotspur v Aston Villa,Goal kicks,ALL,6.5,True,0.7009993686529434,0.7777777777777778,model,1.4355003175230276,True
2026-09-19,Tottenham Hotspur v Aston Villa,Shots on target,1ST,0.5,True,0.7544864319639112,0.8611111111111112,model,1.3254048815656267,True
2026-09-19,Tottenham Hotspur v Aston Villa,Goal kicks,1ST,2.5,True,0.721305783274907,0.7777777777777778,model,1.3979096013384604,True
2026-09-19,Tottenham Hotspur v Aston Villa,Total shots,2ND,5.5,True,0.6860487673912831,0.7777777777777778,model,1.4679214953768072,True
2026-09-19,Tottenham Hotspur v Aston Villa,Corner kicks,2ND,1.5,True,0.6821551386423664,0.7777777777777778,model,1.477441738377716,True
2026-09-19,Tottenham Hotspur v Aston Villa,Corner kicks,2ND,1.5,True,0.6549729929084822,0.6944444444444444,model,1.539192473071175,False
2026-09-19,Tottenham Hotspur v Aston Villa,Yellow cards,2ND,0.5,True,0.799834123190427,0.8611111111111112,model,1.2584705356437214,False
2026-09-19,Tottenham Hotspur v Aston Villa,Yellow cards,2ND,0.5,True,0.6794984460213069,0.75,model,1.494384075457644,True
2026-09-19,Brighton & Hove Albion v Arsenal,Throw-ins,ALL,15.5,True,0.6181221465425102,0.7714285714285715,model,1.624831916913477,True
2026-09-19,Brighton & Hove Albion v Arsenal,Free kicks,ALL,9.5,True,0.6739310483516272,0.7142857142857143,model,1.4972993735836033,True
2026-09-19,Brighton & Hove Albion v Arsenal,Goal kicks,ALL,5.5,True,0.7194331747027549,0.7714285714285715,model,1.400492180350341,True
2026-09-19,Brighton & Hove Albion v Arsenal,Tackles,1ST,6.5,True,0.5895515243246895,0.6857142857142857,model,1.703364187494624,True
2026-09-19,Brighton & Hove Albion v Arsenal,Free kicks,1ST,4.5,True,0.7334461234700232,0.6857142857142857,model,1.3749310524063705,True
2026-09-19,Brighton & Hove Albion v Arsenal,Throw-ins,2ND,7.5,True,0.636048796162466,0.7142857142857143,model,1.581387756277116,True
2026-09-19,Everton v Ipswich Town,Offsides,ALL,0.5,True,0.7658414950230004,0.7428571428571429,model,1.325649194742668,True
2026-09-19,Everton v Ipswich Town,Yellow cards,ALL,1.5,True,0.6587922084175072,0.7777777777777778,model,1.5257220619267489,True
2026-09-19,Everton v Ipswich Town,Total shots,1ST,4.5,True,0.7028571025247453,0.7894736842105263,model,1.4323630916105528,True
2026-09-19,Everton v Ipswich Town,Shots on target,2ND,1.5,True,0.702669022894561,0.7894736842105263,model,1.435337836272566,True
2026-09-19,Everton v Ipswich Town,Corner kicks,2ND,1.5,True,0.6646321668982652,0.7105263157894737,model,1.518197360101705,True
2026-09-19,Everton v Ipswich Town,Fouls,2ND,4.5,True,0.662431953701237,0.75,model,1.517189021653873,True
2026-09-19,Everton v Ipswich Town,Yellow cards,2ND,0.5,True,0.6112327612348333,0.6944444444444444,model,1.6483264121436365,True
2026-09-19,Everton v Ipswich Town,Yellow cards,2ND,0.5,True,0.7872343583053134,0.8333333333333334,model,1.2702697607770945,True
2026-09-19,Newcastle United v Hull City,Total shots,ALL,11.5,True,0.7366196426525926,0.75,model,1.366869473624781,True
2026-09-19,Newcastle United v Hull City,Shots on target,ALL,3.5,True,0.7174379214545552,0.8333333333333334,model,1.401764415712497,True
2026-09-19,Newcastle United v Hull City,Fouls,ALL,9.5,True,0.6997770669901204,0.8055555555555556,model,1.4391718288030846,True
2026-09-19,Newcastle United v Hull City,Offsides,ALL,0.5,True,0.810267008966088,0.8571428571428571,model,1.23416107151643,True
2026-09-19,Newcastle United v Hull City,Offsides,ALL,0.5,True,0.6256400426798736,0.8,model,1.5983631669683238,True
2026-09-19,Newcastle United v Hull City,Yellow cards,ALL,1.5,True,0.7943076048622778,0.8888888888888888,model,1.2734041849223119,True
2026-09-19,Newcastle United v Hull City,Yellow cards,ALL,2.5,True,0.6687995934780956,0.6944444444444444,model,1.5110408971138671,True
2026-09-19,Newcastle United v Hull City,Total shots,1ST,4.5,True,0.7432997456235446,0.8055555555555556,model,1.3546601937871077,True
2026-09-19,Newcastle United v Hull City,Shots on target,1ST,1.5,True,0.6971180744220464,0.75,model,1.4453118707817159,True
2026-09-19,Newcastle United v Hull City,Corner kicks,1ST,1.5,True,0.8403623160128075,0.8333333333333334,model,1.2033892385471867,True
2026-09-19,Newcastle United v Hull City,Shots on target,2ND,1.5,True,0.6780680728218406,0.75,model,1.47477818242999,True
2026-09-19,Newcastle United v Hull City,Corner kicks,2ND,1.5,True,0.7692832836125205,0.7222222222222222,model,1.3164846295372747,True
2026-09-19,Nottingham Forest v Coventry City,Yellow cards,ALL,0.5,True,0.7876933283789056,0.8857142857142857,model,1.292250435531367,True
2026-09-19,Nottingham Forest v Coventry City,Yellow cards,ALL,0.5,True,0.8259799042545215,0.8857142857142857,model,1.210683207725905,False
2026-09-19,Nottingham Forest v Coventry City,Goal kicks,ALL,6.5,True,0.7402064573002067,0.7222222222222222,model,1.3673470583874239,True
2026-09-19,Nottingham Forest v Coventry City,Offsides,1ST,0.5,True,0.6807671569315757,0.7142857142857143,model,1.4689310284992354,True
2026-09-19,Nottingham Forest v Coventry City,Goal kicks,1ST,2.5,True,0.728248559249543,0.75,model,1.3860376030851798,True
2026-09-19,Nottingham Forest v Coventry City,Corner kicks,2ND,1.5,True,0.6465411728512547,0.7777777777777778,model,1.5560406032951237,False
2026-09-19,Nottingham Forest v Coventry City,Offsides,2ND,0.5,True,0.7481852844523373,0.7714285714285715,model,1.3365673193265062,True
2026-09-20,Manchester City v Sunderland,Total shots,ALL,13.5,True,0.8169405307271123,0.7777777777777778,model,1.2342668499290295,True
2026-09-20,Manchester City v Sunderland,Total shots,ALL,14.5,True,0.7684923613699565,0.7222222222222222,model,1.3118458380671223,True
2026-09-20,Manchester City v Sunderland,Total shots,ALL,12.5,False,0.8485567770426374,0.8611111111111112,model,1.1856029704067748,False
2026-09-20,Manchester City v Sunderland,Total shots,ALL,13.5,False,0.8861687629655042,0.8888888888888888,model,1.1353629971070833,False
2026-09-20,Manchester City v Sunderland,Shots on target,ALL,3.5,True,0.761101409318044,0.8888888888888888,model,1.3228742955261252,True
2026-09-20,Manchester City v Sunderland,Fouls,ALL,9.5,True,0.6844863638960548,0.75,model,1.4714315815219319,True
2026-09-20,Manchester City v Sunderland,Tackles,ALL,13.5,True,0.8144198307369962,0.8333333333333334,model,1.2401374833208605,True
2026-09-20,Manchester City v Sunderland,Yellow cards,ALL,1.5,True,0.6981490438287795,0.7222222222222222,model,1.4323589050782246,False
2026-09-20,Manchester City v Sunderland,Goal kicks,ALL,5.5,True,0.8329363785722427,0.9166666666666666,model,1.2154070208568424,True
2026-09-20,Manchester City v Sunderland,Goal kicks,ALL,6.5,True,0.7655388517252645,0.8055555555555556,model,1.3225063298686086,True
2026-09-20,Manchester City v Sunderland,Total shots,1ST,5.5,True,0.7936678638080564,0.8333333333333334,model,1.2685103353421527,True
2026-09-20,Manchester City v Sunderland,Total shots,1ST,4.5,False,0.7770949246982458,0.7777777777777778,model,1.2868440755655566,False
2026-09-20,Manchester City v Sunderland,Total shots,1ST,5.5,False,0.8585054016220205,0.8888888888888888,model,1.1648150356545761,False
2026-09-20,Manchester City v Sunderland,Shots on target,1ST,1.5,True,0.7982513563311457,0.8888888888888888,model,1.264520234271898,True
2026-09-20,Manchester City v Sunderland,Corner kicks,1ST,1.5,True,0.8147456057447049,0.8333333333333334,model,1.2355315370986686,True
2026-09-20,Manchester City v Sunderland,Tackles,1ST,5.5,True,0.6052630541079416,0.75,model,1.652174196348125,False
2026-09-20,Manchester City v Sunderland,Goal kicks,1ST,2.5,True,0.7786408440886884,0.8055555555555556,model,1.294282583512441,True
2026-09-20,Manchester City v Sunderland,Corner kicks,2ND,1.5,True,0.7563195174849576,0.75,model,1.3375070899468355,True
2026-09-20,Manchester City v Sunderland,Fouls,2ND,4.5,True,0.7106510478494116,0.7058823529411765,model,1.426480058678403,True
2026-09-20,Manchester City v Sunderland,Tackles,2ND,7.5,True,0.7260714284762161,0.7222222222222222,model,1.3903802139745625,True
2026-09-20,Manchester City v Sunderland,Yellow cards,2ND,0.5,True,0.75515649688231,0.75,model,1.3377004015289486,False
2026-09-20,Leeds United v Crystal Palace,Total shots,ALL,10.5,True,0.6911938884446571,0.8285714285714286,model,1.4557579541338188,True
2026-09-20,Leeds United v Crystal Palace,Total shots,ALL,11.5,True,0.63358293021852,0.7714285714285715,model,1.586168702603445,True
2026-09-20,Leeds United v Crystal Palace,Shots on target,ALL,3.5,True,0.6672912828779646,0.7142857142857143,model,1.5092631866981945,False
2026-09-20,Leeds United v Crystal Palace,Corner kicks,ALL,3.5,True,0.7066149682088294,0.8285714285714286,model,1.4205949032562832,True
2026-09-20,Leeds United v Crystal Palace,Corner kicks,ALL,4.5,True,0.5867089286735045,0.7142857142857143,model,1.7085174660910871,False
2026-09-20,Leeds United v Crystal Palace,Offsides,ALL,1.5,True,0.6519040112393798,0.6857142857142857,model,1.549596019581759,True
2026-09-20,Leeds United v Crystal Palace,Free kicks,ALL,10.5,False,0.6583017891958121,0.7142857142857143,model,1.5239187291343756,True
2026-09-20,Leeds United v Crystal Palace,Corner kicks,1ST,1.5,True,0.6690199563891294,0.8571428571428571,model,1.5032181741301547,True
2026-09-20,Leeds United v Crystal Palace,Offsides,1ST,0.5,True,0.6610967939563582,0.7428571428571429,model,1.528878025872606,False
2026-09-20,Leeds United v Crystal Palace,Goal kicks,1ST,2.5,True,0.7204367676744973,0.7428571428571429,model,1.3994861975199309,True
2026-09-20,Leeds United v Crystal Palace,Total shots,2ND,5.5,True,0.6800753192468799,0.7714285714285715,model,1.4789874747881946,False
2026-09-20,Leeds United v Crystal Palace,Yellow cards,2ND,0.5,True,0.6853965520351494,0.8125,model,1.4766269290260556,True
2026-09-20,Bournemouth v Liverpool FC,Offsides,ALL,1.5,True,0.6609367383210696,0.7428571428571429,model,1.5241739342086036,True
2026-09-20,Bournemouth v Liverpool FC,Yellow cards,ALL,1.5,True,0.6745610261282924,0.7027027027027027,model,1.4937848290760873,False
2026-09-20,Bournemouth v Liverpool FC,Offsides,1ST,0.5,True,0.6592120757054365,0.7428571428571429,model,1.5352935041874969,True
2026-09-20,Bournemouth v Liverpool FC,Goal kicks,1ST,2.5,True,0.7698080350945605,0.7837837837837838,model,1.3145107872077437,True
2026-09-20,Bournemouth v Liverpool FC,Fouls,2ND,4.5,True,0.724721467961541,0.75,model,1.3928212365774422,True
2026-09-20,Fulham v Manchester United,Tackles,ALL,16.5,False,0.5740866981920166,0.7105263157894737,model,1.7418971788569935,True
2026-09-20,Fulham v Manchester United,Offsides,ALL,0.5,True,0.6986666834263126,0.8918918918918919,model,1.4452924138080314,True
2026-09-20,Fulham v Manchester United,Free kicks,ALL,9.5,True,0.5750654676738266,0.7105263157894737,model,1.7425482093905067,False
2026-09-20,Fulham v Manchester United,Corner kicks,1ST,1.5,True,0.7105211121887524,0.8157894736842105,model,1.4203405160810234,True
2026-09-20,Fulham v Manchester United,Corner kicks,2ND,1.5,True,0.7121219271673197,0.7368421052631579,model,1.4185538598882494,False
2026-09-20,Fulham v Manchester United,Yellow cards,2ND,0.5,True,0.7398808861217775,0.8285714285714286,model,1.3608963138853551,True
2026-09-20,Fulham v Manchester United,Yellow cards,2ND,0.5,True,0.6446256015658627,0.8285714285714286,model,1.5627026805462898,False
2026-09-20,Fulham v Manchester United,Free kicks,2ND,3.5,True,0.6501808795655853,0.8157894736842105,model,1.5449772336833552,True
